Date,Consumer_Demand,Product_Price,Sales,Order_Total,Discount_Rate,Actual_Shipping_Days,Scheduled_Shipping_Days,Late_Delivery_Risk,Shipping_Delay_Days,Product_Category,Shipping_Mode,Market,Order_Region,Customer_Segment,Retailer_Order,Wholesaler_Order,Manufacturer_Order,Demand_Amplification,Bullwhip_Ratio,Lead_Time_Days,Supply_Disruption_Rate,Supply_Disruption,Inventory_Level,Price_Stress,Risk_Score,Risk_Label,Risk_Level_Num,Year,Month,Day_of_Year
2015-01-01,20,67.86366380436363,1702.2504015490001,1570.218929263,0.04094368136363636,4.090909090909091,2.5454545454545454,0.45454545454545453,0.18181818181818182,Camping & Hiking,Standard Class,LATAM,Central America,Consumer,37.6446,78.4032,110.9405,1.8822,1.0,4.09,0.455,0,523.2,0.506,20.0,LOW,0,2015,1,1
2015-01-02,20,100.59632120357142,1423.231965037,1236.549773623,0.05141378885714286,4.285714285714286,3.0,0.7142857142857143,1.7142857142857142,Men's Footwear,First Class,LATAM,Central America,Corporate,35.3286,59.56,139.4623,1.7664,1.0,4.29,0.714,1,526.44,0.75,50.0,MEDIUM,1,2015,1,2
2015-01-03,20,95.23571544028572,1194.390560755,1056.680329876,0.04327182028571429,3.857142857142857,3.142857142857143,0.2857142857142857,-0.14285714285714285,Cleats,Standard Class,LATAM,Central America,Consumer,38.2173,73.9661,112.2031,1.9109,1.0,3.86,0.286,0,526.77,0.7101,20.0,LOW,0,2015,1,3
2015-01-04,12,85.607142479125,1197.296382943,1088.0115480270001,0.051310896875,3.625,2.125,0.625,0.0,Camping & Hiking,Standard Class,Europe,Central America,Consumer,25.028,52.3994,139.9392,2.0857,1.0,3.62,0.625,1,529.42,0.6383,50.0,MEDIUM,1,2015,1,4
2015-01-05,24,123.80144355070001,2042.157312332,1800.646040873,0.062291783499999996,3.3,1.9,0.7,1.1,Camping & Hiking,Second Class,Europe,Central America,Consumer,41.9897,87.7809,281.5458,1.7496,1.9875,3.3,0.7,1,556.82,0.9231,69.75,HIGH,2,2015,1,5
2015-01-06,16,112.28363376916667,1889.096582695,1719.131892905,0.0553820425,3.8333333333333335,3.25,0.25,0.3333333333333333,Men's Footwear,Standard Class,LATAM,Central America,Consumer,27.9932,59.7096,121.1788,1.7496,1.9545,3.83,0.25,0,525.88,0.8372,39.09,MEDIUM,1,2015,1,6
2015-01-07,12,80.5966185846,907.576154352,806.691971252,0.042676418,4.2,2.4,0.6,0.8,Indoor/Outdoor Games,First Class,LATAM,Central America,Corporate,25.169,68.1359,64.3972,2.0974,1.916,4.2,0.6,1,514.21,0.6009,68.32,HIGH,2,2015,1,7
2015-01-08,16,89.6584330862,1330.813531822,1227.522592192,0.093065903,3.2,3.2,0.0,-0.2,Women's Apparel,Standard Class,Europe,South America,Consumer,30.9421,66.4183,167.4434,1.9339,1.8497,3.2,0.0,0,532.59,0.6685,36.99,MEDIUM,1,2015,1,8
2015-01-09,20,68.700305032,1597.898753406,1482.465197163,0.0409643854,3.8,2.4,0.6,1.4,Cleats,Standard Class,LATAM,Central America,Corporate,34.1776,63.8086,174.8252,1.7089,1.8228,3.8,0.6,1,533.33,0.5122,66.46,HIGH,2,2015,1,9
2015-01-10,16,71.9671537775,943.7953517410001,882.8810794679999,0.07847544816666667,3.0,3.1666666666666665,0.3333333333333333,-0.16666666666666666,Camping & Hiking,Standard Class,Pacific Asia,Central America,Consumer,30.2541,71.923,194.8324,1.8909,1.7898,3.0,0.333,0,539.09,0.5366,35.8,MEDIUM,1,2015,1,10
2015-01-11,19,126.202401663125,2040.425349717,1899.0793640949998,0.052670554375,4.5,2.75,0.625,1.0,Camping & Hiking,Standard Class,Europe,Eastern Asia,Consumer,32.4884,80.7958,292.8,1.7099,2.0746,4.5,0.625,1,560.2,0.941,71.49,HIGH,2,2015,1,11
2015-01-12,21,159.1816887567,1988.408131355,1766.08997893,0.06957023,2.7,3.1,0.4,-0.2,Men's Footwear,Standard Class,LATAM,Central America,Corporate,35.9,55.0566,88.9909,1.7095,2.2203,2.7,0.4,0,518.09,1.1869,46.27,MEDIUM,1,2015,1,12
2015-01-13,29,121.8625169922,2801.507369552,2498.258345105,0.07682054773333333,3.4,3.066666666666667,0.5333333333333333,0.06666666666666667,Camping & Hiking,Standard Class,LATAM,Central America,Consumer,53.2117,117.555,350.732,1.8349,2.0393,3.4,0.533,1,565.57,0.9086,70.79,HIGH,2,2015,1,13
2015-01-14,14,108.04350230442857,1093.999245929,980.190944592,0.08339741842857142,3.5714285714285716,3.4285714285714284,0.7142857142857143,1.0,Water Sports,Standard Class,Europe,South America,Home Office,20.7079,46.7072,166.7201,1.4791,1.9269,3.57,0.714,1,532.22,0.8056,68.54,HIGH,2,2015,1,14
2015-01-15,26,92.95815662454545,1988.486095446,1813.281537088,0.07274666336363636,3.8181818181818183,2.909090909090909,0.5454545454545454,0.36363636363636365,Indoor/Outdoor Games,Second Class,LATAM,Central America,Consumer,39.1888,72.3869,91.3375,1.5073,1.9366,3.82,0.545,1,518.08,0.6931,68.73,HIGH,2,2015,1,15
2015-01-16,15,111.7931450965,1317.749801018,1189.143144755,0.07314208850000001,2.6666666666666665,1.8333333333333333,0.3333333333333333,-0.3333333333333333,Women's Apparel,Standard Class,LATAM,Central America,Consumer,25.3964,65.5555,172.3997,1.6931,1.8656,2.67,0.333,0,534.37,0.8335,37.31,MEDIUM,1,2015,1,16
2015-01-17,13,71.87825754314285,1037.373138692,913.669552528,0.05530498700000001,3.0,3.0,0.2857142857142857,-0.5714285714285714,Water Sports,Standard Class,Europe,Central America,Consumer,21.0406,40.0284,78.8989,1.6185,1.8788,3.0,0.286,0,518.34,0.5359,37.58,MEDIUM,1,2015,1,17
2015-01-18,26,168.2503640430909,2666.8408783659997,2400.595851935,0.03911554363636363,3.4545454545454546,2.4545454545454546,0.5454545454545454,0.5454545454545454,Women's Apparel,Standard Class,LATAM,Western Europe,Consumer,48.0532,96.5992,220.7605,1.8482,1.7891,3.45,0.545,1,540.55,1.2545,68.33,HIGH,2,2015,1,18
2015-01-19,21,156.9427718006667,2421.477769337,2183.151114688,0.03676750933333333,3.1666666666666665,3.3333333333333335,0.5833333333333334,1.1666666666666667,Water Sports,Standard Class,Europe,Caribbean,Corporate,34.3467,65.0424,172.7364,1.6356,1.7868,3.17,0.583,1,535.61,1.1702,67.44,HIGH,2,2015,1,19
2015-01-20,16,140.6835496005,2184.429416532,1882.9490713359999,0.0953506662,3.5,2.6,0.4,0.1,Men's Footwear,Standard Class,LATAM,Central America,Consumer,24.882,48.9308,97.0202,1.5551,1.8306,3.5,0.4,0,521.79,1.0489,37.1,MEDIUM,1,2015,1,20
2015-01-21,21,87.29989203081817,1630.852766745,1497.468216741,0.040046497,3.272727272727273,3.0,0.7272727272727273,0.8181818181818182,Camping & Hiking,Standard Class,LATAM,Central America,Consumer,43.5484,68.5639,127.2698,2.0737,1.8597,3.27,0.727,1,530.22,0.6509,67.19,HIGH,2,2015,1,21
2015-01-22,21,108.97584104914286,1278.532113832,1178.6831510910001,0.052463723000000004,5.571428571428571,1.8571428571428572,0.42857142857142855,0.14285714285714285,Camping & Hiking,Second Class,LATAM,Central America,Consumer,36.7718,54.0478,128.62,1.751,1.8853,5.57,0.429,0,524.87,0.8125,40.56,MEDIUM,1,2015,1,22
2015-01-23,18,87.27312112671429,1153.766354433,1054.128518353,0.03563685071428572,3.2857142857142856,4.0,1.0,0.2857142857142857,Women's Apparel,Standard Class,LATAM,Central America,Consumer,32.4568,87.5281,140.6767,1.8032,1.8911,3.29,1.0,1,529.02,0.6507,67.82,HIGH,2,2015,1,23
2015-01-24,17,124.28454285349999,1536.3161876499998,1365.941871365,0.0803176542,3.2,3.2,0.7,-0.6,Water Sports,Standard Class,LATAM,Central America,Consumer,26.4043,43.697,70.2656,1.5532,1.9815,3.2,0.7,1,515.02,0.9267,69.63,HIGH,2,2015,1,24
2015-01-25,27,97.2222732751,1475.826920371,1310.7591223250001,0.0486141722,2.9,3.4,0.7,0.0,Indoor/Outdoor Games,Standard Class,Europe,Central America,Consumer,45.7955,73.6301,219.6149,1.6961,1.8892,2.9,0.7,1,544.45,0.7249,67.78,HIGH,2,2015,1,25
2015-01-26,18,55.242470510714284,1010.988384185,977.125801866,0.029563408000000003,2.5714285714285716,3.2857142857142856,0.7142857142857143,1.0,Water Sports,Standard Class,LATAM,Central America,Corporate,32.598,41.5426,65.3451,1.811,1.9868,2.57,0.714,1,512.89,0.4119,69.74,HIGH,2,2015,1,26
2015-01-27,41,129.10273246311763,3006.78968113,2699.670207115,0.05648520111764705,3.3529411764705883,3.0,0.5882352941176471,0.35294117647058826,Men's Footwear,Standard Class,Europe,Central America,Consumer,65.4482,112.9126,335.2459,1.5963,1.6117,3.35,0.588,1,568.84,0.9626,62.23,HIGH,2,2015,1,27
2015-01-28,15,48.73985085383333,888.36231806,808.316642855,0.050431999166666665,2.8333333333333335,2.6666666666666665,0.5,-1.3333333333333333,Cleats,Standard Class,LATAM,Central America,Corporate,27.8939,41.9692,116.034,1.8596,1.6033,2.83,0.5,1,519.41,0.3634,62.07,HIGH,2,2015,1,28
2015-01-29,13,58.5566090242,799.973015289,714.449666789,0.035008571599999996,3.2,2.6,0.8,1.4,Women's Apparel,Standard Class,LATAM,Central America,Consumer,21.926,59.6935,76.7252,1.6866,1.609,3.2,0.8,1,516.23,0.4366,62.18,HIGH,2,2015,1,29
2015-01-30,17,100.78845887466667,1117.792612135,953.705357699,0.10812828416666666,3.3333333333333335,3.1666666666666665,0.3333333333333333,0.0,Women's Apparel,Standard Class,LATAM,Central America,Consumer,29.5721,70.9476,131.6089,1.7395,1.6082,3.33,0.333,0,526.54,0.7515,32.16,MEDIUM,1,2015,1,30
2015-01-31,25,140.29651701692308,2302.655859821,2127.763411706,0.05970946876923077,3.3076923076923075,2.5384615384615383,0.6923076923076923,0.0,Water Sports,Second Class,LATAM,Central America,Consumer,42.1608,72.0247,257.2345,1.6864,1.5855,3.31,0.692,1,550.89,1.0461,62.17,HIGH,2,2015,1,31
2015-02-01,13,128.2620908055,827.2578196540001,737.644994084,0.09016222175,3.0,3.25,0.5,-0.25,Fishing,Standard Class,LATAM,Central America,Corporate,28.0213,86.1938,143.7723,2.1555,1.535,3.0,0.5,1,531.42,0.9563,60.7,HIGH,2,2015,2,32
2015-02-02,26,135.71861807866668,1844.362991911,1764.369694458,0.04886552422222222,3.111111111111111,2.5555555555555554,0.5555555555555556,-0.4444444444444444,Women's Apparel,Standard Class,LATAM,South America,Consumer,46.5038,110.9449,221.7461,1.7886,1.4934,3.11,0.556,1,542.59,1.0119,59.99,MEDIUM,1,2015,2,33
2015-02-03,12,168.888017034125,1614.521069787,1443.525538629,0.05325112075,3.625,3.0,0.25,1.25,Camping & Hiking,Standard Class,LATAM,Central America,Consumer,19.3351,35.5203,98.1862,1.6113,1.5213,3.62,0.25,0,519.15,1.2592,33.02,MEDIUM,1,2015,2,34
2015-02-04,29,166.77202392845456,2525.108965089,2244.96808475,0.05937940409090909,2.6363636363636362,2.272727272727273,0.6363636363636364,-0.36363636363636365,Camping & Hiking,Second Class,Europe,Central America,Consumer,56.3925,67.061,207.4376,1.9446,1.4632,2.64,0.636,1,547.26,1.2435,61.7,MEDIUM,1,2015,2,35
2015-02-05,16,140.77568873871428,1326.5332945979999,1254.6619071270002,0.028606711,3.0,3.2857142857142856,0.8571428571428571,1.1428571428571428,Cleats,Standard Class,Europe,Central America,Consumer,25.363,78.62,169.2926,1.5852,1.4425,3.0,0.857,1,532.53,1.0496,59.35,MEDIUM,1,2015,2,36
2015-02-06,15,177.2958216395,1963.57418544,1722.279621711,0.08832690525,2.875,3.0,0.25,-0.625,Cleats,Standard Class,LATAM,Central America,Consumer,27.4324,40.7296,77.701,1.8288,1.4581,2.88,0.25,0,514.72,1.3219,32.38,MEDIUM,1,2015,2,37
2015-02-07,11,159.86713298225,1348.628228055,1222.042876015,0.030930566,3.875,2.875,0.75,1.125,Water Sports,Standard Class,LATAM,Southern Europe,Corporate,16.1952,22.8461,88.3806,1.4723,1.4545,3.88,0.75,1,517.51,1.192,61.01,MEDIUM,1,2015,2,38
2015-02-08,19,161.751483994125,1836.442312691,1669.092223436,0.041144059625,3.25,3.5,0.625,0.5,Camping & Hiking,Standard Class,LATAM,Southern Europe,Consumer,29.797,71.6697,309.7371,1.5683,1.4974,3.25,0.625,1,563.54,1.206,62.01,MEDIUM,1,2015,2,39
2015-02-09,34,94.57657488611765,2580.416497412,2253.834857766,0.060645505588235296,3.764705882352941,3.0588235294117645,0.7058823529411765,0.5882352941176471,Cleats,Standard Class,LATAM,Central America,Consumer,62.1054,198.3297,656.9264,1.8266,1.9549,3.76,0.706,1,632.09,0.7052,69.1,HIGH,2,2015,2,40
2015-02-10,27,90.0196467,2103.999775658,1942.167956491,0.055944297846153845,3.8461538461538463,2.5384615384615383,0.6923076923076923,0.8461538461538461,Camping & Hiking,Standard Class,LATAM,Central America,Consumer,52.0638,134.6221,326.1554,1.9283,1.96,3.85,0.692,1,561.74,0.6712,69.2,HIGH,2,2015,2,41
2015-02-11,34,95.52419042554544,1650.1699648430001,1490.922384486,0.0716199360909091,3.8181818181818183,3.090909090909091,0.8181818181818182,0.0,Camping & Hiking,Standard Class,LATAM,Caribbean,Consumer,61.9473,135.9399,240.8949,1.822,1.8297,3.82,0.818,1,546.37,0.7122,66.59,HIGH,2,2015,2,42
2015-02-12,17,120.74905162625,1425.01938982,1242.9811978100001,0.088891352,3.5,2.25,0.5,-0.125,Camping & Hiking,First Class,Europe,Northern Europe,Corporate,30.0973,66.4555,116.8532,1.7704,1.8502,3.5,0.5,1,522.34,0.9003,67.0,HIGH,2,2015,2,43
2015-02-13,7,127.98977206250001,895.645459856,798.655271498,0.0581698965,3.5,3.5,0.5,0.5,Cardio Equipment,Standard Class,Europe,Oceania,Consumer,12.1653,28.2874,79.865,1.7379,1.8037,3.5,0.5,1,515.92,0.9543,66.07,HIGH,2,2015,2,44
2015-02-14,11,188.65798576683332,1373.5121208,1237.729328229,0.06631894083333334,2.8333333333333335,3.1666666666666665,0.8333333333333334,0.6666666666666666,Camping & Hiking,Standard Class,LATAM,West of USA ,Consumer,16.9935,38.7745,105.5561,1.5449,1.7268,2.83,0.833,1,521.58,1.4066,68.6,HIGH,2,2015,2,45
2015-02-15,31,115.95457517573332,3065.630569893,2847.87837154,0.04552016246666667,3.1333333333333333,2.933333333333333,0.4,0.7333333333333333,Men's Footwear,Standard Class,Europe,Central America,Consumer,51.6655,107.1441,411.4861,1.6666,1.7575,3.13,0.4,0,583.59,0.8646,35.15,MEDIUM,1,2015,2,46
2015-02-16,27,107.87777012772727,2551.369559307,2324.046061087,0.04901526618181818,3.8181818181818183,3.272727272727273,0.5454545454545454,0.0,Women's Apparel,Standard Class,LATAM,Central America,Consumer,46.1806,92.4388,272.9382,1.7104,1.7367,3.82,0.545,1,549.79,0.8043,64.73,HIGH,2,2015,2,47
2015-02-17,13,151.47255400657144,1385.293263721,1303.1422798869999,0.042386124000000004,3.0,2.7142857142857144,0.2857142857142857,0.2857142857142857,Cleats,First Class,Europe,Central America,Consumer,25.8794,50.1028,69.6191,1.9907,1.7569,3.0,0.286,0,515.31,1.1294,36.43,MEDIUM,1,2015,2,48
2015-02-18,26,80.634426221625,1597.027334972,1438.002204741,0.076053043625,3.25,1.125,0.5,0.25,Indoor/Outdoor Games,Second Class,LATAM,Caribbean,Consumer,48.1945,81.2556,276.1162,1.8536,1.7393,3.25,0.5,1,555.88,0.6012,64.79,HIGH,2,2015,2,49
2015-02-19,19,80.6530956557143,1217.381377098,1111.90956405,0.05312477671428572,3.7142857142857144,3.142857142857143,0.42857142857142855,0.0,Water Sports,Standard Class,LATAM,Central America,Consumer,28.529,52.8752,87.6764,1.5015,1.7624,3.71,0.429,0,520.17,0.6013,35.25,MEDIUM,1,2015,2,50
2015-02-20,18,121.4736680167778,1595.504004459,1407.065557512,0.08985184244444444,4.777777777777778,2.6666666666666665,0.5555555555555556,1.1111111111111112,Indoor/Outdoor Games,Second Class,Europe,Central America,Consumer,33.3003,46.5312,95.6574,1.85,1.7693,4.78,0.556,1,519.93,0.9057,65.39,HIGH,2,2015,2,51
2015-02-21,22,71.36580704255556,871.196549236,780.2049290360001,0.05212305144444444,3.4444444444444446,3.3333333333333335,0.8888888888888888,-0.1111111111111111,Fishing,Standard Class,Europe,Central America,Corporate,37.914,72.879,187.0565,1.7234,1.7468,3.44,0.889,1,539.83,0.5321,64.94,HIGH,2,2015,2,52
2015-02-22,15,126.89699652733333,1893.395635455,1685.826787557,0.064976325,3.6666666666666665,3.0,0.4444444444444444,-0.4444444444444444,Women's Apparel,Standard Class,Europe,Oceania,Consumer,25.1069,40.3897,190.9665,1.6738,1.7081,3.67,0.444,0,538.89,0.9461,34.16,MEDIUM,1,2015,2,53
2015-02-23,26,90.1561455661,1853.26000202,1668.071499993,0.05606356690000001,3.1,2.7,0.9,0.2,Camping & Hiking,Standard Class,LATAM,South America,Consumer,49.5039,77.8264,543.4797,1.904,1.754,3.1,0.9,1,612.2,0.6722,65.08,HIGH,2,2015,2,54
2015-02-24,23,101.74065467069232,2329.8582042,2205.012844512,0.03411829615384616,3.4615384615384617,3.0,0.38461538461538464,0.0,Camping & Hiking,Standard Class,LATAM,Central America,Consumer,45.6672,92.8056,269.8593,1.9855,1.7496,3.46,0.385,0,555.17,0.7586,34.99,MEDIUM,1,2015,2,55
2015-02-25,16,169.6599950159091,2479.266868318,2227.397110768,0.08933152036363635,4.545454545454546,3.4545454545454546,0.45454545454545453,0.36363636363636365,Indoor/Outdoor Games,Standard Class,LATAM,Northern Europe,Consumer,31.4533,81.455,179.6433,1.9658,1.6774,4.55,0.455,0,535.77,1.265,36.2,MEDIUM,1,2015,2,56
2015-02-26,16,157.4480772836667,2050.9373335,1807.238665218,0.04972586222222222,2.4444444444444446,2.7777777777777777,0.4444444444444444,-0.6666666666666666,Indoor/Outdoor Games,Second Class,LATAM,Central America,Consumer,26.3496,62.0701,175.982,1.6469,1.8382,2.44,0.444,0,538.83,1.1739,38.5,MEDIUM,1,2015,2,57
2015-02-27,23,100.3662324921,2070.778513674,1901.373520482,0.046507485700000004,3.1,2.7,0.4,-1.3,Cleats,Standard Class,LATAM,Central America,Home Office,39.9393,57.1916,183.4839,1.7365,1.8388,3.1,0.4,0,538.74,0.7483,36.78,MEDIUM,1,2015,2,58
2015-02-28,30,155.38316082778573,2823.9577737619998,2505.907274304,0.06111763428571428,3.0,2.7857142857142856,0.7142857142857143,0.21428571428571427,Women's Apparel,Standard Class,LATAM,Central America,Consumer,55.5404,89.3295,187.7552,1.8513,1.8046,3.0,0.714,1,539.27,1.1585,67.68,HIGH,2,2015,2,59
2015-03-01,21,96.66023269399999,1778.725759114,1636.863895876,0.0676406579090909,3.6363636363636362,3.6363636363636362,0.6363636363636364,-0.09090909090909091,Women's Apparel,Standard Class,Pacific Asia,Western Europe,Corporate,41.4656,98.1174,432.4773,1.9746,1.8042,3.64,0.636,1,583.82,0.7207,66.08,HIGH,2,2015,3,60
2015-03-02,9,74.6918091284,553.306605036,487.589828879,0.042826265200000005,3.4,3.0,0.6,0.0,Indoor/Outdoor Games,Standard Class,Europe,Western Europe,Consumer,15.365,24.748,63.074,1.7072,1.7829,3.4,0.6,1,511.46,0.5569,65.66,HIGH,2,2015,3,61
2015-03-03,14,86.295483308,1436.128201575,1306.472347039,0.06024028028571428,4.0,2.7142857142857144,0.5714285714285714,1.0,Cleats,Standard Class,LATAM,Central America,Corporate,24.6131,46.1316,129.1209,1.7581,1.8007,4.0,0.571,1,526.23,0.6434,66.01,HIGH,2,2015,3,62
2015-03-04,17,149.4769658139091,2234.120806374,1996.685447094,0.05755232772727273,3.6363636363636362,2.5454545454545454,0.18181818181818182,0.0,Camping & Hiking,Standard Class,Pacific Asia,West of USA ,Corporate,27.2585,59.6518,177.0865,1.6034,1.8025,3.64,0.182,0,535.66,1.1145,37.19,MEDIUM,1,2015,3,63
2015-03-05,8,130.44639033316665,1279.032042451,1098.967704966,0.07418846183333334,4.333333333333333,2.8333333333333335,0.8333333333333334,0.8333333333333334,Water Sports,Standard Class,Europe,Central America,Consumer,12.7128,20.5341,55.9625,1.5891,1.7764,4.33,0.833,1,510.7,0.9726,65.53,HIGH,2,2015,3,64
2015-03-06,10,185.05676138211112,2159.458214996,1887.421057036,0.06911662422222223,4.222222222222222,3.4444444444444446,0.6666666666666666,-0.2222222222222222,Men's Footwear,Standard Class,LATAM,Central America,Consumer,19.4262,38.8943,122.6723,1.9426,1.7541,4.22,0.667,1,524.68,1.3798,68.88,HIGH,2,2015,3,65
2015-03-07,18,79.03963738280001,1557.314432801,1428.50675484,0.0590309325,3.5,2.9,0.6,-0.3,Cleats,Standard Class,LATAM,Central America,Consumer,36.9211,55.4302,105.0175,2.0512,1.7962,3.5,0.6,1,523.86,0.5893,65.92,HIGH,2,2015,3,66
2015-03-08,15,120.088250506625,1517.259284102,1393.621519085,0.03892896725,4.0,2.875,0.25,-0.25,Men's Footwear,Standard Class,LATAM,Caribbean,Consumer,26.6726,46.3634,89.6707,1.7782,1.7885,4.0,0.25,0,518.98,0.8954,35.77,MEDIUM,1,2015,3,67
2015-03-09,14,178.4165632605,949.222313519,900.81581876,0.05112180300000001,4.5,1.5,0.75,1.25,Water Sports,Second Class,Europe,Southern Europe,Consumer,27.7212,57.9338,92.6925,1.9801,1.8173,4.5,0.75,1,516.94,1.3303,69.65,HIGH,2,2015,3,68
2015-03-10,31,165.51553034614287,3003.460643647,2705.238017052,0.056431010571428575,3.142857142857143,3.2142857142857144,0.42857142857142855,-0.5,Cleats,Standard Class,LATAM,Central America,Consumer,57.5663,82.0629,225.0566,1.857,1.7944,3.14,0.429,0,544.67,1.2341,38.23,MEDIUM,1,2015,3,69
2015-03-11,17,131.365182709125,1275.997215211,1109.2829182369999,0.086340752125,3.75,3.0,0.625,0.375,Men's Footwear,Second Class,LATAM,Western Europe,Consumer,28.5452,61.1133,188.7453,1.6791,1.626,3.75,0.625,1,536.38,0.9795,62.52,HIGH,2,2015,3,70
2015-03-12,15,129.0276407973,1653.378728708,1436.199709321,0.0664310667,4.1,3.1,0.6,1.1,Women's Apparel,Standard Class,Pacific Asia,Central America,Consumer,27.854,54.3909,150.1233,1.8569,1.6312,4.1,0.6,1,529.44,0.962,62.62,HIGH,2,2015,3,71
2015-03-13,25,72.17688516633334,1596.996742987,1434.759612584,0.051157330583333334,4.166666666666667,2.8333333333333335,0.5833333333333334,-0.3333333333333333,Cleats,Standard Class,LATAM,Central America,Consumer,52.22,114.3326,483.1004,2.0888,1.8192,4.17,0.583,1,595.59,0.5382,66.38,HIGH,2,2015,3,72
2015-03-14,26,163.3684879126,2123.285974755,1857.788711933,0.0669764256,3.8,3.4,0.6,0.4,Cleats,Standard Class,LATAM,Caribbean,Consumer,46.4001,95.1287,223.2546,1.7846,1.771,3.8,0.6,1,543.41,1.2181,67.6,HIGH,2,2015,3,73
2015-03-15,6,101.105813143,1329.8071641269999,1180.778006291,0.061795966199999997,3.0,3.4,0.4,0.0,Cleats,Standard Class,Europe,Central America,Consumer,12.5662,32.362,96.167,2.0944,1.7408,3.0,0.4,0,518.48,0.7538,34.82,MEDIUM,1,2015,3,74
2015-03-16,13,121.93759984133332,1632.06048865,1516.516469599,0.05577183283333333,3.8333333333333335,2.6666666666666665,0.6666666666666666,0.5,Indoor/Outdoor Games,Standard Class,LATAM,Central America,Consumer,17.9172,36.0157,57.7948,1.3782,1.7994,3.83,0.667,1,511.39,0.9092,65.99,HIGH,2,2015,3,75
2015-03-17,24,105.9027239935,1822.784539757,1692.149556191,0.027334228625000002,4.125,2.75,0.5,0.0,Fishing,Second Class,LATAM,Central America,Home Office,46.6667,83.9563,172.4061,1.9444,1.84,4.12,0.5,1,533.14,0.7896,66.8,HIGH,2,2015,3,76
2015-03-18,14,102.36280709733335,1265.0750231060001,1106.558648152,0.10248155766666667,3.1666666666666665,2.0,1.0,1.8333333333333333,Water Sports,First Class,Europe,Central America,Consumer,25.2935,50.8132,152.4192,1.8067,1.8641,3.17,1.0,1,526.38,0.7632,67.28,HIGH,2,2015,3,77
2015-03-19,20,106.15499546379999,727.396545747,658.013942806,0.0307821328,3.0,2.2,0.4,-0.6,Camping & Hiking,Standard Class,LATAM,Central America,Corporate,34.7652,75.9766,240.4835,1.7383,1.8271,3.0,0.4,0,552.2,0.7915,36.54,MEDIUM,1,2015,3,78
2015-03-20,33,123.1671857755,2990.1673595400002,2761.254067374,0.06390071883333333,3.4444444444444446,3.0,0.6111111111111112,0.05555555555555555,Fishing,Standard Class,LATAM,Western Europe,Consumer,59.6486,118.0832,250.5208,1.8075,1.7384,3.44,0.611,1,553.7,0.9183,64.77,HIGH,2,2015,3,79
2015-03-21,20,107.01800812541666,2421.456932984,2235.765945706,0.0697770515,3.6666666666666665,3.1666666666666665,0.75,0.5833333333333334,Water Sports,Standard Class,Pacific Asia,Caribbean,Consumer,29.3638,58.0339,133.0877,1.4682,1.7112,3.67,0.75,1,525.86,0.7979,64.22,HIGH,2,2015,3,80
2015-03-22,16,73.37828299471428,997.312493111,913.442976658,0.05225610428571429,3.7142857142857144,3.7142857142857144,0.42857142857142855,0.14285714285714285,Cleats,Standard Class,Africa,West Asia,Home Office,28.0337,47.7585,66.019,1.7521,1.7236,3.71,0.429,0,513.23,0.5471,34.47,MEDIUM,1,2015,3,81
2015-03-23,25,148.9126992411818,2127.377758224,1914.958880607,0.06583028,3.272727272727273,2.727272727272727,0.36363636363636365,-0.09090909090909091,Men's Footwear,Standard Class,Europe,Western Europe,Corporate,46.4034,79.6738,165.3429,1.8561,1.7217,3.27,0.364,0,530.14,1.1103,35.54,MEDIUM,1,2015,3,82
2015-03-24,34,187.7660456206154,3587.849462224,3230.804982301,0.038994262076923074,4.076923076923077,3.0,0.5384615384615384,0.0,Fishing,Standard Class,LATAM,Central America,Consumer,70.5934,104.5393,335.7066,2.0763,1.6575,4.08,0.538,1,572.91,1.4,67.15,HIGH,2,2015,3,83
2015-03-25,31,78.91066651610001,2225.641422994,2049.879931185,0.048547192700000005,3.4,2.4,1.0,1.0,Indoor/Outdoor Games,Standard Class,LATAM,Central America,Consumer,52.7175,146.6442,421.7328,1.7006,1.5143,3.4,1.0,1,590.23,0.5884,60.29,HIGH,2,2015,3,84
2015-03-26,14,189.860560539375,1567.759751568,1401.878786877,0.03982838975,4.5,3.125,0.5,0.5,Camping & Hiking,Standard Class,LATAM,Central America,Consumer,23.1269,35.3525,99.0518,1.6519,1.531,4.5,0.5,1,520.03,1.4156,64.78,HIGH,2,2015,3,85
2015-03-27,31,183.33588554546665,3668.415372615,3306.480763236,0.06737161013333333,3.933333333333333,2.8,0.4666666666666667,0.7333333333333333,Camping & Hiking,Standard Class,Europe,Central America,Consumer,52.8046,90.122,215.6433,1.7034,1.5088,3.93,0.467,0,546.3,1.367,33.85,MEDIUM,1,2015,3,86
2015-03-28,24,119.98620875058333,2240.90832512,2023.1095415339998,0.048451826999999996,3.5833333333333335,2.75,0.4166666666666667,0.16666666666666666,Camping & Hiking,Standard Class,LATAM,Western Europe,Corporate,47.1051,79.9856,188.5493,1.9627,1.5244,3.58,0.417,0,538.13,0.8946,30.49,MEDIUM,1,2015,3,87
2015-03-29,23,115.77437379340002,2047.547003451,1840.263675205,0.0640730286,3.1,2.7,0.5,0.7,Cleats,Standard Class,Europe,Central America,Consumer,42.5703,99.812,186.2736,1.8509,1.5236,3.1,0.5,1,534.18,0.8632,60.47,HIGH,2,2015,3,88
2015-03-30,29,138.52776995000002,2517.014879026,2260.006872001,0.050702616461538466,3.3846153846153846,2.5384615384615383,0.5384615384615384,-0.15384615384615385,Women's Apparel,Standard Class,LATAM,Central America,Consumer,49.2597,91.0368,273.3886,1.6986,1.5223,3.38,0.538,1,553.48,1.0329,60.78,HIGH,2,2015,3,89
2015-03-31,16,89.78894065875,585.741220804,547.629417851,0.06667714725,2.5,1.75,0.75,-0.5,Camping & Hiking,First Class,Europe,Central America,Corporate,30.1656,75.8986,206.8056,1.8853,1.4271,2.5,0.75,1,541.57,0.6695,58.54,MEDIUM,1,2015,3,90
2015-04-01,33,136.64645998192856,2942.129960512,2748.518483343,0.0420967505,3.357142857142857,2.642857142857143,0.7142857142857143,0.35714285714285715,Camping & Hiking,Standard Class,LATAM,Central America,Consumer,59.6803,102.2531,285.6303,1.8085,1.4009,3.36,0.714,1,555.63,1.0188,58.21,MEDIUM,1,2015,4,91
2015-04-02,33,142.88564118666667,1722.9368285219998,1541.76395631,0.05900810100000001,3.5555555555555554,3.0,0.5555555555555556,0.2222222222222222,Women's Apparel,Standard Class,LATAM,Central America,Consumer,65.1152,134.977,264.0222,1.9732,1.3778,3.56,0.556,1,552.08,1.0654,58.21,MEDIUM,1,2015,4,92
2015-04-03,9,113.127755959,1042.0024797830001,977.04058017,0.03698803633333333,2.5,3.0,0.16666666666666666,0.0,Women's Apparel,Standard Class,LATAM,Central America,Consumer,15.0264,24.9253,27.5845,1.6696,1.4098,2.5,0.167,0,505.43,0.8435,28.2,LOW,0,2015,4,93
2015-04-04,22,106.22545673377778,1476.899012017,1282.090675337,0.07865329822222222,3.4444444444444446,2.888888888888889,0.5555555555555556,0.5555555555555556,Women's Apparel,Standard Class,LATAM,Central America,Consumer,38.1323,114.8056,396.3446,1.7333,1.4694,3.44,0.556,1,579.09,0.792,59.39,MEDIUM,1,2015,4,94
2015-04-05,23,167.900398921,1912.809047398,1735.6982292510002,0.05304637933333333,3.3333333333333335,3.4444444444444446,0.5555555555555556,0.5555555555555556,Camping & Hiking,Standard Class,Europe,Caribbean,Consumer,39.6095,61.2337,121.7714,1.7222,1.5551,3.33,0.556,1,524.47,1.2519,63.62,HIGH,2,2015,4,95
2015-04-06,48,124.96407580189474,4323.157292439,3973.0509416679997,0.07463482889473684,3.526315789473684,2.9473684210526314,0.5789473684210527,-0.3684210526315789,Camping & Hiking,Standard Class,LATAM,Central America,Consumer,74.2647,154.895,269.2975,1.5472,1.3463,3.53,0.579,1,548.77,0.9317,56.93,MEDIUM,1,2015,4,96
2015-04-07,18,126.67476244444444,1883.689236118,1784.940557859,0.06786657555555556,2.7777777777777777,2.2222222222222223,0.3333333333333333,-0.5555555555555556,Cleats,Standard Class,LATAM,Central America,Consumer,33.2073,73.8971,221.5019,1.8449,1.3087,2.78,0.333,0,543.01,0.9445,26.17,LOW,0,2015,4,97
2015-04-08,19,98.80021005580001,1687.938140502,1468.223418526,0.0889062418,3.3,2.9,0.5,0.2,Fishing,Standard Class,Pacific Asia,Western Europe,Consumer,34.9295,74.3838,152.4863,1.8384,1.3033,3.3,0.5,1,528.06,0.7367,56.07,MEDIUM,1,2015,4,98
2015-04-09,27,86.7417667744,1311.971251847,1177.927532441,0.0496050795,4.5,3.1,0.3,-0.2,Men's Footwear,Standard Class,Europe,Western Europe,Consumer,48.3823,91.3981,311.4513,1.7919,1.3117,4.5,0.3,0,564.93,0.6467,26.23,LOW,0,2015,4,99
2015-04-10,23,83.39713812111111,1779.8086094,1618.594993577,0.027410012222222224,3.6666666666666665,2.7777777777777777,0.5555555555555556,0.3333333333333333,Men's Footwear,Standard Class,LATAM,Western Europe,Consumer,40.2384,76.8615,224.303,1.7495,1.3257,3.67,0.556,1,540.02,0.6218,56.51,MEDIUM,1,2015,4,100
2015-04-11,9,100.195789594,1031.961976215,902.21933368,0.050726068,2.4,3.0,0.6,0.8,Women's Apparel,Standard Class,Europe,Central America,Consumer,13.9918,27.671,82.6549,1.5546,1.3152,2.4,0.6,1,517.57,0.7471,56.3,MEDIUM,1,2015,4,101
2015-04-12,27,130.26219415753334,3343.833087306,3010.3823466129998,0.050376657666666665,3.8666666666666667,2.4,0.7333333333333333,0.4,Cleats,Standard Class,Europe,Central America,Corporate,46.3657,88.2617,128.6714,1.7172,1.2398,3.87,0.733,1,529.48,0.9712,54.8,MEDIUM,1,2015,4,102
2015-04-13,29,100.73395639227273,2760.908289456,2415.100150505,0.06917757781818182,3.5454545454545454,2.909090909090909,0.6363636363636364,-0.7272727272727273,Camping & Hiking,Standard Class,LATAM,Western Europe,Consumer,50.1898,119.3111,428.7848,1.7307,1.3042,3.55,0.636,1,584.88,0.7511,56.08,MEDIUM,1,2015,4,103
2015-04-14,32,141.0239247464,3266.173115104,2942.125076698,0.09490372946666667,3.6,2.6666666666666665,0.6,-0.06666666666666667,Indoor/Outdoor Games,Standard Class,LATAM,Central America,Consumer,52.8943,161.3453,415.7254,1.6529,1.4142,3.6,0.6,1,574.82,1.0515,58.8,MEDIUM,1,2015,4,104
2015-04-15,17,80.57556916985713,1436.6768866930001,1322.468109286,0.06684995314285715,2.7142857142857144,3.0,0.5714285714285714,0.14285714285714285,Baseball & Softball,Standard Class,LATAM,Caribbean,Corporate,29.9602,52.5371,108.5612,1.7624,1.4072,2.71,0.571,1,521.1,0.6008,58.14,MEDIUM,1,2015,4,105
2015-04-16,23,148.01856339311112,1842.2422799380001,1693.621722435,0.04802352644444444,3.5555555555555554,2.7777777777777777,0.3333333333333333,0.6666666666666666,Water Sports,Standard Class,Europe,South America,Corporate,42.892,63.9354,158.0797,1.8649,1.4111,3.56,0.333,0,531.47,1.1036,29.26,LOW,0,2015,4,106
2015-04-17,15,89.6168858795,997.318048901,859.399062182,0.09003565725000001,3.875,2.375,0.625,0.875,Camping & Hiking,Standard Class,Europe,Central America,Consumer,32.4421,62.4862,78.9097,2.1628,1.4669,3.88,0.625,1,514.27,0.6682,59.34,MEDIUM,1,2015,4,107
2015-04-18,34,100.2050347502,1790.960756395,1646.966612457,0.0772307418,3.3,3.3,0.6,0.2,Water Sports,Standard Class,LATAM,Central America,Consumer,61.9672,203.5057,552.1188,1.8226,1.6038,3.3,0.6,1,608.67,0.7471,62.08,HIGH,2,2015,4,108
2015-04-19,30,115.2061288166,2423.786263194,2130.702150795,0.06890849800000001,3.5,2.6,0.5,0.0,Women's Apparel,Standard Class,LATAM,Western Europe,Consumer,55.1325,92.0334,150.9445,1.8377,1.6455,3.5,0.5,1,534.78,0.859,62.91,HIGH,2,2015,4,109
2015-04-20,19,112.06674993440001,1827.046029268,1603.277740559,0.0949550512,4.2,3.5,0.5,0.0,Indoor/Outdoor Games,Standard Class,LATAM,Central America,Consumer,33.777,91.9046,134.6068,1.7777,1.6385,4.2,0.5,1,528.18,0.8356,62.77,HIGH,2,2015,4,110
2015-04-21,41,125.85531202835294,3523.17346258,3275.857553686,0.03158444711764706,3.0588235294117645,3.0588235294117645,0.5294117647058824,1.1764705882352942,Women's Apparel,Standard Class,Europe,Central America,Consumer,60.6113,166.1962,229.3809,1.4783,1.5429,3.06,0.529,1,542.09,0.9384,60.86,HIGH,2,2015,4,111
2015-04-22,27,148.5165930963,2088.621052902,1942.106248047,0.052006711399999996,3.7,3.2,0.8,0.1,Camping & Hiking,Standard Class,LATAM,Western Europe,Consumer,48.2296,84.6396,293.7953,1.7863,1.5174,3.7,0.8,1,554.45,1.1073,61.42,HIGH,2,2015,4,112
2015-04-23,33,104.8452199598,2787.970416691,2426.845507897,0.06419729,4.2,3.1333333333333333,0.4666666666666667,0.4,Cleats,Standard Class,Pacific Asia,Southern Europe,Consumer,59.4608,130.6159,246.4255,1.8018,1.5216,4.2,0.467,0,548.21,0.7817,30.43,MEDIUM,1,2015,4,113
2015-04-24,25,100.45561554975001,2325.6320570880002,2078.626072832,0.07367484666666667,2.5,2.8333333333333335,0.5,-0.3333333333333333,Men's Footwear,Standard Class,Europe,Central America,Consumer,57.282,155.526,625.5671,2.2913,1.668,2.5,0.5,1,624.58,0.749,63.36,HIGH,2,2015,4,114
2015-04-25,23,146.965468586,2395.998067649,2076.470614458,0.0957026161,4.2,2.7,0.5,0.6,Camping & Hiking,Standard Class,LATAM,Central America,Consumer,40.4087,73.4325,143.1477,1.7569,1.709,4.2,0.5,1,529.77,1.0958,65.14,HIGH,2,2015,4,115
2015-04-26,19,93.33373062533333,1561.948682995,1437.626196505,0.066362839,3.6666666666666665,2.7777777777777777,0.3333333333333333,0.4444444444444444,Women's Apparel,Second Class,Europe,South America,Consumer,35.0712,66.0103,85.3941,1.8459,1.7461,3.67,0.333,0,516.06,0.6959,34.92,MEDIUM,1,2015,4,116
2015-04-27,28,105.33781458907143,2551.242889882,2442.285790892,0.051370522214285716,4.0,3.0,0.35714285714285715,0.5714285714285714,Water Sports,Standard Class,Europe,Western Europe,Corporate,49.9749,87.211,138.7381,1.7848,1.7756,4.0,0.357,0,529.18,0.7854,35.51,MEDIUM,1,2015,4,117
2015-04-28,22,129.07685676844443,1636.141733545,1468.9406195679999,0.034402822,4.333333333333333,3.0,0.7777777777777778,0.8888888888888888,Men's Footwear,Standard Class,LATAM,Central America,Consumer,35.0565,56.1012,203.31,1.5935,1.7648,4.33,0.778,1,544.92,0.9624,65.3,HIGH,2,2015,4,118
2015-04-29,16,88.01705863816666,1342.530194391,1254.1709898909999,0.03729927483333333,3.0,2.5,0.5,0.8333333333333334,Cleats,First Class,Europe,Western Europe,Consumer,32.1257,55.3098,123.1528,2.0079,1.7617,3.0,0.5,1,525.94,0.6563,65.23,HIGH,2,2015,4,119
2015-04-30,13,132.221712359,1377.646029013,1208.703693335,0.08381982471428572,3.0,3.5714285714285716,0.5714285714285714,-0.42857142857142855,Cleats,Standard Class,LATAM,Southeast Asia,Consumer,25.1015,38.5243,74.7709,1.9309,1.7987,3.0,0.571,1,514.89,0.9858,65.97,HIGH,2,2015,4,120
2015-05-01,12,130.5663187826,1524.7177405529999,1394.166737637,0.06384146939999999,3.7,3.2,0.6,0.8,Men's Footwear,Standard Class,Europe,Western Europe,Consumer,23.2614,45.9136,114.1836,1.9385,1.7754,3.7,0.6,1,522.62,0.9735,65.51,HIGH,2,2015,5,121
2015-05-02,26,165.15690660855554,1712.973871831,1580.458574714,0.05900255611111111,3.111111111111111,3.111111111111111,0.4444444444444444,-0.1111111111111111,Cleats,Standard Class,LATAM,Central America,Consumer,42.5187,71.4571,200.2891,1.6353,1.8039,3.11,0.444,0,539.13,1.2314,38.39,MEDIUM,1,2015,5,122
2015-05-03,15,102.29472483733333,1107.310719745,1049.18149269,0.035709383444444444,3.7777777777777777,2.888888888888889,0.6666666666666666,0.7777777777777778,Camping & Hiking,Standard Class,Europe,Western Europe,Consumer,30.9111,63.4988,220.7765,2.0607,1.7687,3.78,0.667,1,545.93,0.7627,65.37,HIGH,2,2015,5,123
2015-05-04,15,107.328731892,2117.873751746,1952.030538122,0.060869063,3.4,2.9,0.7,0.5,Indoor/Outdoor Games,Standard Class,LATAM,Caribbean,Consumer,23.3513,33.536,130.9264,1.5568,1.7537,3.4,0.7,1,525.24,0.8002,65.07,HIGH,2,2015,5,124
2015-05-05,21,175.6743966125,1894.9269959590001,1758.439307515,0.044438048125000004,4.375,3.5,0.5,1.25,Shop By Sport,Standard Class,LATAM,Central America,Consumer,39.8848,83.5394,173.1987,1.8993,1.7215,4.38,0.5,1,534.73,1.3098,67.53,HIGH,2,2015,5,125
2015-05-06,31,121.9941286865,2878.322156645,2555.664434769,0.04917285441666666,3.75,2.8333333333333335,0.3333333333333333,0.3333333333333333,Men's Footwear,Standard Class,Europe,Western Europe,Consumer,69.1183,160.0798,236.6534,2.2296,1.9488,3.75,0.333,0,547.49,0.9096,38.98,MEDIUM,1,2015,5,126
2015-05-07,27,108.90380832941668,2549.8844647329997,2251.00369191,0.06026020825,3.5833333333333335,2.8333333333333335,0.5,-0.16666666666666666,Cleats,Standard Class,Europe,Oceania,Consumer,43.7972,57.6258,117.2488,1.6221,2.0302,3.58,0.5,1,522.09,0.812,70.6,HIGH,2,2015,5,127
2015-05-08,19,115.87831874672726,2220.430879036,1934.997656156,0.048850268181818174,3.1818181818181817,3.1818181818181817,0.5454545454545454,0.36363636363636365,Indoor/Outdoor Games,Standard Class,LATAM,West of USA ,Corporate,32.1559,67.9352,174.9838,1.6924,2.0191,3.18,0.545,1,532.39,0.864,70.38,HIGH,2,2015,5,128
2015-05-09,25,128.61285017264285,3308.796612326,2944.752105821,0.039873059714285716,4.0,3.2857142857142856,0.42857142857142855,0.07142857142857142,Cleats,Standard Class,Pacific Asia,Western Europe,Consumer,45.224,113.3305,190.1919,1.809,2.04,4.0,0.429,0,538.85,0.9589,40.8,MEDIUM,1,2015,5,129
2015-05-10,14,95.539328576,1249.7479465870001,1143.344791653,0.05938440266666667,3.8333333333333335,2.6666666666666665,0.3333333333333333,-0.16666666666666666,Camping & Hiking,Standard Class,LATAM,Central America,Corporate,23.8431,36.6977,61.729,1.7031,2.0545,3.83,0.333,0,512.26,0.7123,41.09,MEDIUM,1,2015,5,130
2015-05-11,20,135.14119159693334,3215.100061031,2872.3219684369997,0.056121881666666665,4.4,2.933333333333333,0.4,0.3333333333333333,Cleats,Standard Class,Europe,Central America,Consumer,30.6751,84.025,222.846,1.5338,2.1362,4.4,0.4,0,545.57,1.0076,42.8,MEDIUM,1,2015,5,131
2015-05-12,17,86.48811208100001,1890.280895173,1694.7479986839999,0.0560863656,4.1,3.1,0.7,0.3,Men's Footwear,Standard Class,LATAM,Western Europe,Corporate,30.6569,65.3533,151.0815,1.8033,2.077,4.1,0.7,1,529.31,0.6449,71.54,HIGH,2,2015,5,132
2015-05-13,20,73.70972594325,1420.573294812,1254.140008831,0.077934130125,4.375,2.75,0.5,1.5,Fishing,Standard Class,Europe,Central America,Consumer,32.2104,54.8407,130.4452,1.6105,2.078,4.38,0.5,1,528.53,0.5496,71.56,HIGH,2,2015,5,133
2015-05-14,37,103.65206146038462,2433.953789827,2192.730229171,0.06345363515384615,3.5384615384615383,2.8461538461538463,0.46153846153846156,-0.6153846153846154,Water Sports,Standard Class,LATAM,Central America,Consumer,69.4817,134.701,242.8939,1.8779,1.9732,3.54,0.462,0,545.33,0.7728,39.46,MEDIUM,1,2015,5,134
2015-05-15,25,115.08322577727272,2390.999730049,2148.367638824,0.044234903,2.6363636363636362,3.090909090909091,0.5454545454545454,-0.5454545454545454,Cleats,Standard Class,LATAM,Central America,Consumer,40.8424,89.5263,194.2087,1.6337,1.9702,2.64,0.545,1,543.12,0.8581,69.4,HIGH,2,2015,5,135
2015-05-16,31,82.68500720042857,2203.866887501,2008.350161165,0.05631803007142857,2.857142857142857,3.0,0.5,0.07142857142857142,Men's Footwear,Standard Class,LATAM,Central America,Consumer,64.8299,129.0391,219.5708,2.0913,1.9337,2.86,0.5,1,538.5,0.6165,68.67,HIGH,2,2015,5,136
2015-05-17,28,140.17771536791668,2607.424740349,2411.897655673,0.02511711875,3.3333333333333335,2.75,0.8333333333333334,1.0,Camping & Hiking,Standard Class,LATAM,Central America,Consumer,46.3706,101.2471,325.1135,1.6561,1.9244,3.33,0.833,1,566.24,1.0452,68.94,HIGH,2,2015,5,137
2015-05-18,16,64.25873845728572,960.1672306959999,870.573585245,0.06309655085714286,3.5714285714285716,2.857142857142857,0.2857142857142857,0.14285714285714285,Women's Apparel,Standard Class,LATAM,Western Europe,Home Office,27.7482,45.2491,152.8657,1.7343,1.7242,3.57,0.286,0,531.33,0.4791,34.48,MEDIUM,1,2015,5,138
2015-05-19,14,137.24751980877778,2311.90083727,2159.478368332,0.02261593311111111,3.4444444444444446,2.7777777777777777,0.3333333333333333,-0.5555555555555556,Cleats,Standard Class,Pacific Asia,Central America,Corporate,27.1994,55.1587,67.9716,1.9428,1.7294,3.44,0.333,0,512.48,1.0233,34.82,MEDIUM,1,2015,5,139
2015-05-20,23,202.98150289216667,3498.044608084,3247.566055464,0.041703127666666666,3.5833333333333335,3.8333333333333335,0.5833333333333334,0.16666666666666666,Cardio Equipment,Standard Class,Pacific Asia,Central America,Consumer,36.4228,53.8175,91.406,1.5836,1.7782,3.58,0.583,1,519.26,1.5134,70.7,HIGH,2,2015,5,140
2015-05-21,14,178.62532411433335,1248.915222671,1145.80870001,0.025796278333333336,3.3333333333333335,2.8333333333333335,0.3333333333333333,-1.0,Camping & Hiking,Standard Class,Europe,Caribbean,Consumer,25.6512,49.1802,68.4941,1.8322,1.9754,3.33,0.333,0,515.49,1.3318,42.83,MEDIUM,1,2015,5,141
2015-05-22,24,167.91042574272728,2383.421287233,2099.540901668,0.05884348909090909,3.8181818181818183,3.1818181818181817,0.45454545454545453,-0.09090909090909091,Fishing,Standard Class,LATAM,Caribbean,Consumer,48.987,80.1516,150.1227,2.0411,1.9996,3.82,0.455,0,524.7,1.2519,42.51,MEDIUM,1,2015,5,142
2015-05-23,20,138.4658538418182,1972.548079433,1850.678798731,0.04092325872727273,4.0,3.272727272727273,0.45454545454545453,0.09090909090909091,Indoor/Outdoor Games,Standard Class,LATAM,South America,Consumer,30.5013,51.615,117.8779,1.5251,2.1141,4.0,0.455,0,524.58,1.0324,42.61,MEDIUM,1,2015,5,143
2015-05-24,20,165.77766909777776,2460.908741492,2182.062475738,0.054547486111111106,3.3333333333333335,3.2222222222222223,0.7777777777777778,0.6666666666666666,Water Sports,Second Class,LATAM,Western Europe,Consumer,36.488,91.5924,129.6726,1.8244,1.368,3.33,0.778,1,520.95,1.236,59.72,MEDIUM,1,2015,5,144
2015-05-25,22,103.52033494283334,1955.7190830979998,1771.602624571,0.05828495475,3.75,3.0833333333333335,0.25,-0.5833333333333334,Camping & Hiking,Standard Class,Europe,Western Europe,Consumer,40.4399,98.6153,167.9416,1.8382,1.3603,3.75,0.25,0,531.46,0.7718,27.21,LOW,0,2015,5,145
2015-05-26,17,192.430968577,2429.325623283,2199.457824482,0.0424977597,3.2,2.1,0.8,1.2,Cardio Equipment,Standard Class,Europe,Central America,Consumer,32.9234,72.905,120.6402,1.9367,1.3154,3.2,0.8,1,526.9,1.4348,60.66,HIGH,2,2015,5,146
2015-05-27,10,226.65559365671427,2051.216620174,1801.126956093,0.05833893028571429,3.4285714285714284,3.2857142857142856,0.5714285714285714,0.5714285714285714,Camping & Hiking,Standard Class,LATAM,Central America,Corporate,15.8264,24.9372,63.0511,1.5826,1.3113,3.43,0.571,1,512.03,1.6899,63.13,HIGH,2,2015,5,147
2015-05-28,24,97.21582524608334,1969.3223933509998,1804.508994502,0.04085371858333333,3.75,3.1666666666666665,0.6666666666666666,0.3333333333333333,Indoor/Outdoor Games,Standard Class,Pacific Asia,Western Europe,Consumer,37.6674,69.3149,166.9963,1.5695,1.3074,3.75,0.667,1,530.58,0.7248,56.15,MEDIUM,1,2015,5,148
2015-05-29,23,108.3192481906923,2364.948272264,2103.398746066,0.06037503569230769,3.923076923076923,2.4615384615384617,0.6923076923076923,0.3076923076923077,Indoor/Outdoor Games,Standard Class,LATAM,South America,Consumer,43.4007,108.4449,198.0807,1.887,1.3152,3.92,0.692,1,539.16,0.8076,56.3,MEDIUM,1,2015,5,149
2015-05-30,38,156.7515070511875,3265.65794387,2946.672658557,0.055158047625,3.9375,3.1875,0.5625,0.5,Water Sports,Standard Class,LATAM,Central America,Consumer,70.1104,141.3956,353.7144,1.845,1.3329,3.94,0.562,1,578.6,1.1687,58.34,MEDIUM,1,2015,5,150
2015-05-31,19,123.98501008925,2383.244346599,2176.890978548,0.030494255416666668,3.5,3.0,0.5,0.0,Cardio Equipment,Standard Class,LATAM,Oceania,Consumer,34.8926,108.7757,211.2391,1.8365,1.3611,3.5,0.5,1,538.77,0.9244,57.22,MEDIUM,1,2015,5,151
2015-06-01,17,83.91560286016666,933.725467941,868.725241635,0.040983865833333334,3.5,1.6666666666666667,0.8333333333333334,1.3333333333333333,Men's Footwear,Second Class,Europe,Central America,Consumer,31.5207,66.8503,142.9389,1.8542,1.3538,3.5,0.833,1,526.8,0.6257,57.08,MEDIUM,1,2015,6,152
2015-06-02,13,177.34714297837502,2105.367498484,1942.298591021,0.0476606275,3.5,3.0,0.5,0.25,Water Sports,Standard Class,LATAM,Central America,Consumer,21.7526,44.3136,187.1742,1.6733,1.3313,3.5,0.5,1,539.38,1.3223,59.85,HIGH,2,2015,6,153
2015-06-03,24,127.3497270589091,1931.435928958,1681.083281785,0.09750930599999999,3.0,3.3636363636363638,0.45454545454545453,-0.09090909090909091,Cleats,Standard Class,LATAM,Central America,Consumer,43.9946,81.0762,304.7805,1.8331,1.4021,3.0,0.455,0,565.41,0.9495,28.04,LOW,0,2015,6,154
2015-06-04,15,148.686034297875,1947.279497267,1762.527515925,0.047707558625,4.0,4.0,0.625,0.625,Indoor/Outdoor Games,Standard Class,Europe,Central America,Consumer,27.6643,55.7011,83.1118,1.8443,1.4232,4.0,0.625,1,516.47,1.1086,59.55,MEDIUM,1,2015,6,155
2015-06-05,29,73.17745138069999,1416.2505625449999,1281.837686922,0.0209632395,2.2,3.2,0.8,0.0,Fishing,Standard Class,Pacific Asia,Northern Europe,Consumer,48.3588,91.9551,289.0928,1.6675,1.4641,2.2,0.8,1,554.23,0.5456,59.28,MEDIUM,1,2015,6,156
2015-06-06,15,173.5224943332222,2081.514547636,1947.769714107,0.06410345488888888,2.888888888888889,3.2222222222222223,0.7777777777777778,0.8888888888888888,Camping & Hiking,Standard Class,LATAM,Central America,Consumer,32.3759,73.1259,228.4261,2.1584,1.4032,2.89,0.778,1,548.83,1.2938,61.0,HIGH,2,2015,6,157
2015-06-07,15,82.36323740388889,1156.398404624,1013.451013868,0.072595906,3.4444444444444446,3.3333333333333335,0.7777777777777778,-0.8888888888888888,Camping & Hiking,Standard Class,Europe,Western Europe,Consumer,28.1689,66.8671,105.1993,1.8779,1.4142,3.44,0.778,1,523.43,0.6141,58.28,MEDIUM,1,2015,6,158
2015-06-08,30,115.0038919895,2025.024991454,1909.131547157,0.05613446558333333,3.0,2.5833333333333335,0.08333333333333333,-0.6666666666666666,Camping & Hiking,Standard Class,Pacific Asia,Southern Europe,Consumer,47.6963,79.9022,250.2389,1.5899,1.3982,3.0,0.083,0,552.08,0.8575,27.96,LOW,0,2015,6,159
2015-06-09,15,78.40078405279999,1255.773477653,1158.250186671,0.0396109825,2.7,2.6,0.5,-0.6,Indoor/Outdoor Games,Standard Class,Europe,Western Europe,Consumer,28.6884,43.0944,173.5923,1.9126,1.3288,2.7,0.5,1,533.5,0.5846,56.58,MEDIUM,1,2015,6,160
2015-06-10,16,143.152138374,1478.49901556,1365.648114419,0.05729747875,3.375,3.5,0.5,0.75,Women's Apparel,Standard Class,Pacific Asia,Central America,Consumer,25.9951,35.2975,56.0343,1.6247,1.396,3.38,0.5,1,511.13,1.0673,58.59,MEDIUM,1,2015,6,161
2015-06-11,14,163.79038164033332,1396.491678946,1218.7430943069999,0.10082081483333333,3.6666666666666665,2.8333333333333335,0.8333333333333334,-0.3333333333333333,Camping & Hiking,Standard Class,Europe,Caribbean,Consumer,27.1276,58.868,100.4051,1.9377,1.4043,3.67,0.833,1,519.86,1.2212,60.3,MEDIUM,1,2015,6,162
2015-06-12,36,89.65754568418183,1838.392326724,1680.151009072,0.03970924945454545,3.909090909090909,2.4545454545454546,0.8181818181818182,0.8181818181818182,Cleats,Standard Class,Europe,Central America,Corporate,72.397,113.8224,382.1684,2.011,1.4134,3.91,0.818,1,577.62,0.6685,58.27,MEDIUM,1,2015,6,163
2015-06-13,14,176.00699633183334,1090.488560748,927.501443645,0.061634445,2.3333333333333335,3.0,0.6666666666666666,0.5,Cardio Equipment,Standard Class,LATAM,Northern Europe,Consumer,23.0987,29.4397,76.1275,1.6499,1.5181,2.33,0.667,1,517.26,1.3123,63.48,HIGH,2,2015,6,164
2015-06-14,9,97.81058567533334,814.947704738,694.948521017,0.056990327666666674,3.5,3.0,0.8333333333333334,0.3333333333333333,Cleats,Standard Class,Europe,Caribbean,Consumer,17.7493,37.6078,107.2614,1.9721,1.4619,3.5,0.833,1,522.24,0.7293,59.24,MEDIUM,1,2015,6,165
2015-06-15,14,72.813349819,1103.347119354,972.507541728,0.050626138200000004,3.4,2.8,0.4,0.2,Cleats,Standard Class,LATAM,Central America,Corporate,26.131,84.3411,223.434,1.8665,1.4627,3.4,0.4,0,543.18,0.5429,29.25,LOW,0,2015,6,166
2015-06-16,12,74.13987503450001,714.907316494,635.362111962,0.0696556425,2.8333333333333335,2.1666666666666665,0.6666666666666666,1.0,Women's Apparel,First Class,Pacific Asia,Eastern Asia,Consumer,23.3337,45.6878,123.1763,1.9445,1.4179,2.83,0.667,1,526.29,0.5528,58.36,MEDIUM,1,2015,6,167
2015-06-17,4,267.803859333,984.646083378,868.066546385,0.10010595933333333,2.6666666666666665,2.0,0.3333333333333333,2.3333333333333335,Camping & Hiking,First Class,LATAM,Central America,Consumer,8.6604,20.0776,29.6773,2.1651,1.3828,2.67,0.333,0,506.06,1.9967,37.62,MEDIUM,1,2015,6,168
2015-06-18,26,198.90609061785716,3191.983217212,2880.744674571,0.04790689928571429,4.142857142857143,3.2142857142857144,0.5714285714285714,-0.5,Women's Apparel,Standard Class,LATAM,Central America,Consumer,45.4378,90.5459,307.1878,1.7476,1.3675,4.14,0.571,1,563.22,1.483,62.18,HIGH,2,2015,6,169
2015-06-19,19,126.70206186072727,2171.024245959,1947.684901785,0.04466707572727273,3.6363636363636362,3.0,0.45454545454545453,-0.18181818181818182,Camping & Hiking,Standard Class,Europe,Oceania,Consumer,31.5588,60.6562,214.7809,1.661,1.3208,3.64,0.455,0,545.74,0.9447,26.42,LOW,0,2015,6,170
2015-06-20,21,105.4720385238889,1550.166756588,1393.262584521,0.059862651222222216,4.0,3.3333333333333335,0.7777777777777778,0.1111111111111111,Camping & Hiking,Standard Class,LATAM,Central America,Consumer,34.4104,81.0706,175.9279,1.6386,1.288,4.0,0.778,1,532.85,0.7864,55.76,MEDIUM,1,2015,6,171
2015-06-21,19,124.61795818975,1352.248773048,1220.590703045,0.03700498425,4.0,2.5,0.625,0.5,Camping & Hiking,Standard Class,LATAM,Central America,Corporate,31.3635,58.017,134.3651,1.6507,1.2929,4.0,0.625,1,526.8,0.9292,55.86,MEDIUM,1,2015,6,172
2015-06-22,22,100.4395540773,1698.360736417,1481.148249996,0.0950105216,3.2,2.6,0.7,1.0,Women's Apparel,Standard Class,LATAM,Central America,Consumer,39.0999,80.862,111.2631,1.7773,1.2982,3.2,0.7,1,521.08,0.7489,55.96,MEDIUM,1,2015,6,173
2015-06-23,31,113.90998586227273,2197.825737168,1965.187927242,0.07747348054545454,3.090909090909091,2.090909090909091,0.45454545454545453,0.2727272727272727,Indoor/Outdoor Games,Second Class,LATAM,Central America,Consumer,57.4485,120.1061,338.1216,1.8532,1.2831,3.09,0.455,0,562.76,0.8493,25.66,LOW,0,2015,6,174
2015-06-24,12,81.349878351,952.520097149,900.3070189,0.03892966985714286,3.7142857142857144,4.0,0.42857142857142855,-0.7142857142857143,Women's Apparel,Standard Class,Europe,Central America,Consumer,22.0952,37.8977,108.8698,1.8413,1.2711,3.71,0.429,0,522.19,0.6065,25.42,LOW,0,2015,6,175
2015-06-25,22,161.63802839255555,1838.75624283,1713.254495667,0.04954594188888889,3.4444444444444446,2.5555555555555554,0.6666666666666666,0.8888888888888888,Women's Apparel,Second Class,LATAM,Western Europe,Consumer,42.8004,102.3198,235.4214,1.9455,1.2528,3.44,0.667,1,552.61,1.2052,57.11,MEDIUM,1,2015,6,176
2015-06-26,29,136.917731771875,3371.701539698,3051.885939603,0.0398121184375,3.5,3.0625,0.625,0.6875,Women's Apparel,Standard Class,Europe,Central America,Corporate,52.0072,98.4489,343.1276,1.7934,1.2528,3.5,0.625,1,563.29,1.0209,55.26,MEDIUM,1,2015,6,177
2015-06-27,24,151.91688126057144,1557.54735008,1415.5964319109999,0.05035272128571428,4.571428571428571,3.7142857142857144,0.42857142857142855,0.2857142857142857,Men's Footwear,Standard Class,USCA,Western Europe,Consumer,49.7094,83.7798,175.2662,2.0712,1.2502,4.57,0.429,0,534.98,1.1327,26.33,LOW,0,2015,6,178
2015-06-28,21,129.08225225728572,1330.62655677,1188.017210148,0.07478791571428571,3.4285714285714284,3.7142857142857144,0.2857142857142857,-0.7142857142857143,Accessories,Standard Class,Europe,Central America,Consumer,36.6291,79.9413,229.0512,1.7442,1.2452,3.43,0.286,0,547.16,0.9624,24.9,LOW,0,2015,6,179
2015-06-29,17,155.85221293344446,1894.753420273,1621.75239899,0.05730393322222222,3.0,2.888888888888889,0.4444444444444444,-0.4444444444444444,Indoor/Outdoor Games,Standard Class,Europe,Central America,Consumer,39.9655,65.462,107.7301,2.3509,1.3351,3.0,0.444,0,521.76,1.162,28.32,LOW,0,2015,6,180
2015-06-30,14,147.36256316462502,1600.355647705,1448.610846473,0.062152452625,3.25,3.5,0.75,0.375,Cleats,Standard Class,Pacific Asia,Central America,Corporate,26.6933,52.6251,122.7306,1.9067,1.3415,3.25,0.75,1,524.39,1.0987,57.82,MEDIUM,1,2015,6,181
2015-07-01,14,121.34049525300001,955.275174103,928.926474215,0.03763974916666667,3.5,3.0,0.5,-0.5,Camping & Hiking,Standard Class,USCA,East of USA,Consumer,23.0146,45.0355,99.6305,1.6439,1.3498,3.5,0.5,1,518.11,0.9047,57.0,MEDIUM,1,2015,7,182
2015-07-02,22,100.28190781422222,1496.529088429,1381.050077747,0.05909838944444444,2.6666666666666665,3.7777777777777777,0.5555555555555556,-0.5555555555555556,Camping & Hiking,Standard Class,Europe,Western Europe,Consumer,35.401,86.2341,219.4149,1.6091,1.3792,2.67,0.556,1,544.4,0.7477,57.58,MEDIUM,1,2015,7,183
2015-07-03,26,107.4499427978,1856.88972709,1688.975434938,0.0460563982,3.4,2.4,0.8,1.1,Women's Apparel,Standard Class,Europe,South America,Consumer,48.8684,105.3425,217.6577,1.8796,1.3573,3.4,0.8,1,541.56,0.8011,57.15,MEDIUM,1,2015,7,184
2015-07-04,25,108.77273244829999,1644.619705831,1520.702058186,0.0445267922,3.9,2.6,0.8,0.8,Water Sports,Standard Class,Europe,Central America,Consumer,43.7861,85.4096,191.8058,1.7514,1.322,3.9,0.8,1,532.89,0.811,56.44,MEDIUM,1,2015,7,185
2015-07-05,12,236.81676321685714,1743.387471791,1689.0809132489999,0.029225415142857144,3.142857142857143,2.4285714285714284,0.5714285714285714,-0.8571428571428571,Women's Apparel,Second Class,LATAM,Central America,Consumer,23.0829,53.2924,167.3272,1.9236,1.2976,3.14,0.571,1,534.9,1.7657,63.61,HIGH,2,2015,7,186
2015-07-06,41,125.18182431927777,3256.679902069,3102.038236862,0.04998219555555556,3.6666666666666665,3.388888888888889,0.5,0.5,Fishing,Standard Class,LATAM,South America,Consumer,76.9905,199.3119,402.2382,1.8778,1.2688,3.67,0.5,1,584.38,0.9334,55.38,MEDIUM,1,2015,7,187
2015-07-07,9,195.4375942024,1509.977125383,1440.339542787,0.0471770304,3.8,2.2,0.2,1.0,Camping & Hiking,Standard Class,LATAM,Caribbean,Consumer,16.0022,35.0732,47.0014,1.778,1.2684,3.8,0.2,0,509.45,1.4572,29.94,MEDIUM,1,2015,7,188
2015-07-08,33,190.46944684133334,2926.79018291,2687.537459414,0.03563656125,3.5833333333333335,3.0833333333333335,0.6666666666666666,0.8333333333333334,Indoor/Outdoor Games,Standard Class,LATAM,Central America,Consumer,54.3049,106.6799,462.7688,1.6456,1.3523,3.58,0.667,1,593.31,1.4201,61.25,HIGH,2,2015,7,189
2015-07-09,24,94.09201982172726,2093.963392495,1922.191416935,0.05403268863636364,4.363636363636363,3.727272727272727,0.6363636363636364,0.45454545454545453,Water Sports,Standard Class,LATAM,East of USA,Consumer,36.9422,55.7087,212.4455,1.5393,1.3664,4.36,0.636,1,545.07,0.7016,57.33,MEDIUM,1,2015,7,190
2015-07-10,38,151.89002035485714,2518.871268295,2299.200306074,0.048457950714285714,3.2142857142857144,3.142857142857143,0.5,0.0,Camping & Hiking,Standard Class,Pacific Asia,Caribbean,Consumer,65.0868,103.1151,154.2531,1.7128,1.274,3.21,0.5,1,531.7,1.1325,56.8,MEDIUM,1,2015,7,191
2015-07-11,30,162.58639972846154,3297.56044284,3019.3142102300003,0.07184192253846154,3.230769230769231,2.923076923076923,0.6153846153846154,-0.15384615384615385,Cleats,Standard Class,Europe,Central America,Consumer,58.5349,107.9563,323.1655,1.9512,1.2622,3.23,0.615,1,567.35,1.2122,57.37,MEDIUM,1,2015,7,192
2015-07-12,33,171.7410652591,3010.27726226,2717.896893827,0.045003166500000004,3.7,3.3,0.7,0.5,Men's Footwear,Standard Class,Europe,Western Europe,Corporate,60.3828,104.789,206.6338,1.8298,1.2497,3.7,0.7,1,540.35,1.2805,57.8,HIGH,2,2015,7,193
2015-07-13,14,73.6356384174,512.220133749,419.18811667800003,0.10028704120000001,3.0,3.6,0.8,-0.8,Camping & Hiking,Standard Class,LATAM,Caribbean,Corporate,22.1374,41.8053,107.8007,1.5812,1.2297,3.0,0.8,1,523.4,0.549,54.59,MEDIUM,1,2015,7,194
2015-07-14,3,271.08627442,1597.345531043,1456.663096271,0.040344378666666666,3.0,4.0,0.6666666666666666,0.6666666666666666,Cardio Equipment,First Class,Europe,Northern Europe,Consumer,5.4669,10.8395,28.2534,1.8223,1.2283,3.0,0.667,1,505.75,2.0212,64.78,HIGH,2,2015,7,195
2015-07-15,25,116.40367540599999,1700.705939675,1490.735526559,0.06638195777777778,3.5555555555555554,3.5555555555555554,0.3333333333333333,0.0,Camping & Hiking,Standard Class,Europe,Central America,Consumer,46.5345,101.421,219.7033,1.8614,1.2595,3.56,0.333,0,544.43,0.8679,25.19,LOW,0,2015,7,196
2015-07-16,30,153.1619358948,2496.354660689,2141.722633354,0.07527005046666665,3.8666666666666667,3.2666666666666666,0.3333333333333333,-0.6,Women's Apparel,Standard Class,Europe,Central America,Consumer,49.1855,95.0731,169.9269,1.6395,1.2821,3.87,0.333,0,530.18,1.142,27.06,LOW,0,2015,7,197
2015-07-17,16,155.1230999206,2013.289094024,1818.529461486,0.049036335,4.7,2.8,0.5,0.5,Men's Footwear,Standard Class,Europe,Western Europe,Consumer,29.1003,62.8779,116.111,1.8188,1.3236,4.7,0.5,1,523.68,1.1566,58.04,MEDIUM,1,2015,7,198
2015-07-18,15,125.678224417625,1570.0922782310001,1411.2180425020001,0.047254431,4.125,2.75,0.625,0.625,Women's Apparel,Standard Class,LATAM,Western Europe,Consumer,27.0222,53.6617,91.5672,1.8015,1.3348,4.12,0.625,1,517.07,0.9371,56.7,MEDIUM,1,2015,7,199
2015-07-19,30,137.71601707421428,2980.2212233640003,2710.943294971,0.06277526621428571,3.9285714285714284,3.642857142857143,0.5714285714285714,-0.07142857142857142,Cleats,Standard Class,LATAM,Central America,Consumer,47.9274,63.2909,111.2349,1.5976,1.3791,3.93,0.571,1,520.33,1.0268,57.85,MEDIUM,1,2015,7,200
2015-07-20,21,103.9403789128,1687.926219338,1504.963636159,0.0957320839,2.9,2.7,0.8,0.2,Camping & Hiking,Standard Class,Europe,Western Europe,Corporate,38.9815,63.3306,145.4593,1.8563,1.3903,2.9,0.8,1,527.38,0.775,57.81,MEDIUM,1,2015,7,201
2015-07-21,13,163.29992312675,2219.40729767,1981.601746424,0.080631446375,4.25,2.875,0.75,1.125,Hockey,Standard Class,LATAM,South America,Corporate,24.6263,46.9059,85.8558,1.8943,1.3837,4.25,0.75,1,515.79,1.2176,59.85,MEDIUM,1,2015,7,202
2015-07-22,21,170.5700321195,1925.4833473600002,1789.3382584619999,0.042159259125,4.125,3.5,0.5,1.375,Camping & Hiking,Standard Class,Pacific Asia,Oceania,Consumer,41.9138,64.5101,192.5934,1.9959,1.349,4.12,0.5,1,542.98,1.2718,59.7,HIGH,2,2015,7,203
2015-07-23,39,73.94696655199999,1472.262922618,1380.134426519,0.03683770454545455,2.727272727272727,3.4545454545454546,0.6363636363636364,0.18181818181818182,Indoor/Outdoor Games,Standard Class,Europe,Central America,Consumer,77.6125,171.5477,678.8759,1.9901,1.6115,2.73,0.636,1,640.97,0.5513,62.23,HIGH,2,2015,7,204
2015-07-24,13,95.6471347555,979.736970024,920.718040124,0.05637504566666667,4.0,3.5,1.0,0.3333333333333333,Camping & Hiking,Standard Class,Europe,Southeast Asia,Corporate,20.2868,54.0153,103.6779,1.5605,1.6232,4.0,1.0,1,523.23,0.7131,62.46,HIGH,2,2015,7,205
2015-07-25,20,85.62414177400001,1378.1769590010001,1211.935540134,0.078770289625,3.25,2.0,0.5,1.375,Fishing,Standard Class,Europe,Caribbean,Consumer,32.6138,81.5842,208.6104,1.6307,1.6218,3.25,0.5,1,539.28,0.6384,62.44,HIGH,2,2015,7,206
2015-07-26,17,150.51977116622223,1458.061704976,1303.997186598,0.03877663988888889,2.5555555555555554,2.6666666666666665,0.3333333333333333,-1.0,Indoor/Outdoor Games,Standard Class,Europe,Central America,Corporate,32.0566,60.2174,168.6613,1.8857,1.6134,2.56,0.333,0,533.85,1.1223,33.49,MEDIUM,1,2015,7,207
2015-07-27,21,200.9068783847857,3641.889208026,3273.834402481,0.04563598514285715,2.9285714285714284,3.7142857142857144,0.5,-0.42857142857142855,Cleats,Standard Class,Europe,Western Europe,Consumer,39.5944,104.5829,290.0988,1.8854,1.5897,2.93,0.5,1,555.3,1.498,66.77,HIGH,2,2015,7,208
2015-07-28,15,104.23604068144444,1691.765365917,1457.906664985,0.05607242444444444,3.5555555555555554,2.4444444444444446,0.7777777777777778,1.0,Cleats,Second Class,Europe,Caribbean,Consumer,28.2853,57.1239,137.9439,1.8857,1.5887,3.56,0.778,1,526.55,0.7772,61.77,HIGH,2,2015,7,209
2015-07-29,30,180.6318317768125,3671.659675649,3369.847080042,0.0633484090625,3.625,2.75,0.6875,0.5,Men's Footwear,Standard Class,Pacific Asia,Central America,Consumer,78.9849,144.747,441.4067,2.6328,1.5938,3.62,0.688,1,585.53,1.3468,65.34,HIGH,2,2015,7,210
2015-07-30,23,165.4690409415,2137.317591505,1895.1420900760002,0.0422874825,3.8,4.0,0.4,0.5,Cleats,Standard Class,Europe,Western Europe,Home Office,43.6136,75.6288,210.5376,1.8962,1.604,3.8,0.4,0,544.96,1.2337,34.42,MEDIUM,1,2015,7,211
2015-07-31,19,83.93491191742858,1053.158901891,941.235342889,0.09842394042857142,3.4285714285714284,3.7142857142857144,0.5714285714285714,0.5714285714285714,Electronics,Standard Class,LATAM,Central America,Consumer,38.1216,70.3467,107.2641,2.0064,1.6312,3.43,0.571,1,520.7,0.6258,62.62,HIGH,2,2015,7,212
2015-08-01,15,93.559203650125,1102.598674112,1048.629886335,0.03640025675,3.125,2.875,0.5,-0.5,Indoor/Outdoor Games,Standard Class,LATAM,Central America,Consumer,29.5545,53.6107,170.8856,1.9703,1.6105,3.12,0.5,1,535.78,0.6976,62.21,HIGH,2,2015,8,213
2015-08-02,24,105.15685320649999,1490.393839655,1341.796540621,0.07891972175,2.375,2.625,0.625,-0.75,Fishing,Standard Class,Europe,Central America,Consumer,45.8777,93.0568,298.5097,1.9116,1.6002,2.38,0.625,1,561.15,0.784,62.0,HIGH,2,2015,8,214
2015-08-03,23,109.30892628258333,2396.352547392,2143.735559974,0.07141914133333334,4.583333333333333,2.0,0.6666666666666666,0.75,Camping & Hiking,First Class,Europe,Southeast Asia,Consumer,39.9151,80.8031,145.4608,1.7354,1.6147,4.58,0.667,1,534.39,0.815,62.29,HIGH,2,2015,8,215
2015-08-04,24,110.79325945572728,1999.469332902,1866.935404571,0.04025190809090909,3.272727272727273,3.0,0.7272727272727273,0.8181818181818182,Water Sports,Standard Class,Europe,Central America,Consumer,46.3739,90.9667,216.7648,1.9322,1.6643,3.27,0.727,1,539.8,0.8261,63.29,HIGH,2,2015,8,216
2015-08-05,8,148.03585941985716,1586.136018667,1429.20674654,0.036556481142857145,3.857142857142857,3.5714285714285716,0.5714285714285714,1.0,Men's Footwear,Standard Class,Europe,Caribbean,Consumer,13.2626,28.3742,84.7484,1.6578,1.6869,3.86,0.571,1,517.96,1.1038,64.78,HIGH,2,2015,8,217
2015-08-06,16,124.408394282125,1188.8866009,1085.216522917,0.040993350125,4.75,2.375,0.375,0.125,Women's Apparel,Standard Class,LATAM,Western Europe,Consumer,27.9857,69.6143,152.1323,1.7491,1.6916,4.75,0.375,0,532.26,0.9276,33.83,MEDIUM,1,2015,8,218
2015-08-07,28,74.95251079177778,1625.696673199,1463.257606317,0.04880844655555556,3.888888888888889,2.6666666666666665,0.5555555555555556,1.1111111111111112,Men's Footwear,Standard Class,Europe,Central America,Consumer,47.7727,113.2404,387.6473,1.7062,1.6786,3.89,0.556,1,574.8,0.5588,63.57,HIGH,2,2015,8,219
2015-08-08,23,151.3887706726875,3267.453770108,2894.625003795,0.055074218,4.125,2.8125,0.5625,0.625,Men's Footwear,Standard Class,LATAM,Central America,Consumer,41.5322,60.4995,325.3924,1.8057,1.6725,4.12,0.562,1,567.39,1.1288,64.74,HIGH,2,2015,8,220
2015-08-09,19,118.66319199333333,2146.084590206,1966.562448507,0.04294029441666667,3.5,3.4166666666666665,0.3333333333333333,-0.5,Cleats,Standard Class,Europe,Central America,Consumer,42.8923,50.4536,90.1072,2.2575,1.7838,3.5,0.333,0,518.66,0.8848,35.68,MEDIUM,1,2015,8,221
2015-08-10,42,109.1856984985,3374.123347973,3049.001217222,0.0499934763125,3.6875,2.6875,0.8125,0.1875,Women's Apparel,Standard Class,LATAM,Central America,Consumer,62.4103,147.4871,213.8802,1.486,1.6612,3.69,0.812,1,541.82,0.8141,63.22,HIGH,2,2015,8,222
2015-08-11,24,147.86124744085714,2820.861640146,2573.675822417,0.041131040785714286,3.7857142857142856,2.9285714285714284,0.6428571428571429,1.1428571428571428,Water Sports,Standard Class,Europe,North Africa,Consumer,46.038,68.6649,179.579,1.9182,1.6999,3.79,0.643,1,533.94,1.1025,65.02,HIGH,2,2015,8,223
2015-08-12,11,106.58197785657141,1397.109536789,1282.292673816,0.072607137,3.857142857142857,3.2857142857142856,0.2857142857142857,0.5714285714285714,Cleats,Standard Class,Europe,Oceania,Corporate,16.767,31.425,95.125,1.5243,1.678,3.86,0.286,0,518.23,0.7947,33.56,MEDIUM,1,2015,8,224
2015-08-13,20,114.04042454818182,2059.048095256,1936.69452254,0.028571205363636363,3.8181818181818183,3.272727272727273,0.5454545454545454,0.45454545454545453,Men's Footwear,Standard Class,LATAM,Central America,Consumer,34.1692,53.0084,114.9719,1.7085,1.8161,3.82,0.545,1,527.09,0.8503,66.32,HIGH,2,2015,8,225
2015-08-14,12,118.75592696833333,1664.275287513,1499.112934949,0.07919741316666666,3.6666666666666665,1.8333333333333333,0.8333333333333334,0.16666666666666666,Camping & Hiking,First Class,Europe,Eastern Asia,Home Office,23.9649,32.7643,128.1269,1.9971,1.7775,3.67,0.833,1,525.63,0.8854,65.55,HIGH,2,2015,8,226
2015-08-15,12,194.92445333549998,1788.77537032,1719.29106874,0.031497917666666674,3.5,3.0,0.16666666666666666,0.3333333333333333,Men's Footwear,Standard Class,Europe,East of USA,Home Office,21.6309,47.2551,69.553,1.8026,1.7884,3.5,0.167,0,514.85,1.4534,40.3,MEDIUM,1,2015,8,227
2015-08-16,22,120.56095842883333,2585.526097906,2321.291085369,0.040930773,3.25,3.1666666666666665,0.6666666666666666,0.6666666666666666,Fishing,Standard Class,Europe,Central America,Consumer,35.3767,80.7238,241.9171,1.608,1.7699,3.25,0.667,1,546.64,0.8989,65.4,HIGH,2,2015,8,228
2015-08-17,9,189.09760891219997,1131.517632706,998.900797399,0.0498485546,5.4,4.0,0.6,0.6,Indoor/Outdoor Games,Standard Class,LATAM,South America,Consumer,15.0065,26.2148,49.8648,1.6674,1.7333,5.4,0.6,1,509.27,1.4099,70.76,HIGH,2,2015,8,229
2015-08-18,20,121.94818186253846,2798.317475114,2585.208448922,0.058220529076923086,2.6923076923076925,2.5384615384615383,0.46153846153846156,-0.38461538461538464,Fishing,Standard Class,Pacific Asia,East of USA,Corporate,38.3394,44.7646,192.1431,1.917,1.7141,2.69,0.462,0,540.59,0.9092,34.28,MEDIUM,1,2015,8,230
2015-08-19,21,160.6697499682,1890.120247859,1730.472207987,0.0342887439,2.7,3.0,0.6,-0.1,Camping & Hiking,Standard Class,LATAM,Central America,Consumer,34.9624,61.4467,290.2062,1.6649,1.682,2.7,0.6,1,555.21,1.198,65.62,HIGH,2,2015,8,231
2015-08-20,17,125.43335193633334,1634.8184019819998,1497.463243137,0.05971185833333333,3.888888888888889,3.2222222222222223,0.5555555555555556,0.6666666666666666,Camping & Hiking,Standard Class,LATAM,South America,Consumer,31.1136,65.9669,118.6128,1.8302,1.6932,3.89,0.556,1,523.02,0.9352,63.86,HIGH,2,2015,8,232
2015-08-21,15,106.188595639375,1448.195590634,1363.006262099,0.018131331875,3.75,3.25,0.125,0.5,Cleats,Standard Class,Pacific Asia,Central America,Corporate,26.988,39.3603,76.3597,1.7992,1.7228,3.75,0.125,0,515.32,0.7917,34.46,MEDIUM,1,2015,8,233
2015-08-22,12,161.28460173116665,1067.458639557,921.995398667,0.06750794716666667,2.6666666666666665,2.1666666666666665,0.8333333333333334,1.1666666666666667,Indoor/Outdoor Games,Second Class,Pacific Asia,Central America,Consumer,20.1365,40.95,130.0929,1.678,1.4688,2.67,0.833,1,526.15,1.2025,61.4,MEDIUM,1,2015,8,234
2015-08-23,19,123.22453154322223,1227.661898417,1080.640221991,0.03977134911111111,3.5555555555555554,3.7777777777777777,0.6666666666666666,-0.3333333333333333,Cleats,Standard Class,Europe,South America,Consumer,42.1662,82.4099,169.2286,2.2193,1.4707,3.56,0.667,1,533.51,0.9188,59.41,MEDIUM,1,2015,8,235
2015-08-24,25,159.82855536446155,3208.427350001,2938.53324902,0.03904395146153846,4.384615384615385,2.923076923076923,0.5384615384615384,0.38461538461538464,Camping & Hiking,Standard Class,LATAM,Central America,Consumer,47.7059,105.0105,243.0353,1.9082,1.4658,4.38,0.538,1,549.6,1.1917,61.23,MEDIUM,1,2015,8,236
2015-08-25,21,118.13526353025,1549.4747340459999,1415.684689319,0.054605223875,3.625,2.625,0.375,-0.75,Camping & Hiking,Standard Class,Europe,Central America,Consumer,30.7163,61.6737,146.3184,1.4627,1.4877,3.62,0.375,0,530.72,0.8808,29.75,LOW,0,2015,8,237
2015-08-26,20,193.1889194689091,3104.4321794879997,2844.57653863,0.05558418127272727,4.545454545454546,1.9090909090909092,0.7272727272727273,0.5454545454545454,Women's Apparel,First Class,Europe,Southeast Asia,Consumer,36.4946,58.8916,70.7288,1.8247,1.5474,4.55,0.727,1,515.62,1.4404,65.35,HIGH,2,2015,8,238
2015-08-27,30,91.45631415909091,1532.256452499,1387.009911863,0.05636940963636364,3.8181818181818183,2.8181818181818183,0.45454545454545453,0.18181818181818182,Cleats,Standard Class,LATAM,Central America,Consumer,50.29,125.2444,293.0855,1.6763,1.531,3.82,0.455,0,555.66,0.6819,30.62,MEDIUM,1,2015,8,239
2015-08-28,15,145.019056617375,1773.7161499840001,1714.282247248,0.029334346125,2.875,3.75,0.375,-0.25,Cleats,Standard Class,LATAM,Central America,Consumer,29.2559,55.5632,102.6328,1.9504,1.4345,2.88,0.375,0,520.1,1.0813,29.5,LOW,0,2015,8,240
2015-08-29,25,122.64974818693332,2522.94126868,2308.626648046,0.04399814426666667,4.4,3.4,0.4666666666666667,0.7333333333333333,Cleats,Standard Class,Europe,Central America,Consumer,41.364,80.6482,159.5799,1.6546,1.4396,4.4,0.467,0,534.9,0.9145,28.79,LOW,0,2015,8,241
2015-08-30,17,74.763549806,1852.6694527949999,1641.758003738,0.08129518511111111,3.2222222222222223,3.7777777777777777,0.2222222222222222,-0.2222222222222222,Cleats,Standard Class,Europe,Western Europe,Consumer,30.1,48.9608,190.8203,1.7706,1.3964,3.22,0.222,0,539.68,0.5574,27.93,LOW,0,2015,8,242
2015-08-31,20,116.27382049377778,1722.230072792,1501.319257488,0.09386874466666667,3.7777777777777777,2.6666666666666665,0.5555555555555556,0.1111111111111111,Fishing,Standard Class,LATAM,Central America,Consumer,37.6758,67.5933,102.3882,1.8838,1.4543,3.78,0.556,1,517.73,0.8669,59.09,MEDIUM,1,2015,8,243
2015-09-01,18,171.01175064122222,2368.972633301,2187.195601133,0.02968940211111111,3.5555555555555554,3.111111111111111,0.4444444444444444,0.4444444444444444,Women's Apparel,Standard Class,Europe,Oceania,Corporate,35.1538,57.7383,180.4734,1.953,1.4224,3.56,0.444,0,536.73,1.2751,31.2,MEDIUM,1,2015,9,244
2015-09-02,40,150.0508112472353,3483.525929883,3171.065364893,0.06235743452941177,3.2941176470588234,2.823529411764706,0.5882352941176471,0.8823529411764706,Cleats,Standard Class,LATAM,Central America,Consumer,63.5379,120.3248,256.6205,1.5884,1.2856,3.29,0.588,1,543.41,1.1188,56.9,MEDIUM,1,2015,9,245
2015-09-03,6,115.77712124566666,488.61061521799996,445.662182184,0.036622903000000005,3.6666666666666665,3.3333333333333335,0.6666666666666666,-1.3333333333333333,Electronics,Standard Class,Europe,Northern Europe,Consumer,10.3926,28.691,61.1732,1.7321,1.2528,3.67,0.667,1,512.26,0.8632,55.06,MEDIUM,1,2015,9,246
2015-09-04,22,169.03492807916666,2800.642538664,2454.87470856,0.08563318799999999,3.1666666666666665,2.9166666666666665,0.5833333333333334,0.25,Indoor/Outdoor Games,Standard Class,Europe,Western Europe,Consumer,37.5748,55.986,173.6032,1.7079,1.286,3.17,0.583,1,538.9,1.2603,58.32,HIGH,2,2015,9,247
2015-09-05,30,142.5120335820909,2733.366063036,2407.684060409,0.06509503554545454,2.3636363636363638,2.6363636363636362,0.45454545454545453,0.36363636363636365,Camping & Hiking,First Class,LATAM,Central America,Consumer,50.3325,71.4563,189.2643,1.6778,1.2803,2.36,0.455,0,535.01,1.0626,26.23,LOW,0,2015,9,248
2015-09-06,12,242.52961183085714,1873.7685655760001,1766.937791148,0.03147944814285714,3.142857142857143,3.7142857142857144,0.5714285714285714,0.7142857142857143,Cleats,Standard Class,Europe,Central America,Consumer,25.6422,67.4657,193.7125,2.1368,1.1325,3.14,0.571,1,537.74,1.8083,60.73,HIGH,2,2015,9,249
2015-09-07,23,137.98884815491667,2668.747603624,2481.505788488,0.055137779666666664,3.1666666666666665,2.0833333333333335,0.6666666666666666,0.3333333333333333,Cleats,First Class,LATAM,Western Europe,Consumer,42.896,80.6454,266.1252,1.865,1.0874,3.17,0.667,1,554.98,1.0288,52.04,MEDIUM,1,2015,9,250
2015-09-08,27,128.3282511396875,3429.977374955,3153.44823427,0.054844265625,3.8125,2.5625,0.75,1.125,Men's Footwear,Standard Class,LATAM,Central America,Consumer,42.629,73.1029,153.0785,1.5789,1.056,3.81,0.75,1,526.45,0.9568,51.12,MEDIUM,1,2015,9,251
2015-09-09,17,151.6812379603,1819.7196240720002,1609.03005887,0.0610559462,3.3,1.8,0.7,0.4,Men's Footwear,Standard Class,LATAM,Central America,Consumer,33.3743,80.5529,152.8829,1.9632,1.1714,3.3,0.7,1,529.5,1.1309,54.74,MEDIUM,1,2015,9,252
2015-09-10,37,148.281204966,3253.809923834,3026.040609048,0.0406547820625,3.375,2.375,0.8125,0.375,Cleats,Second Class,Europe,Western Europe,Consumer,81.9345,142.301,228.8764,2.2144,1.102,3.38,0.812,1,547.98,1.1056,53.1,MEDIUM,1,2015,9,253
2015-09-11,28,118.64484959984614,2250.366820477,2032.795627774,0.061460115384615384,3.8461538461538463,2.8461538461538463,0.6153846153846154,-0.15384615384615385,Fishing,Standard Class,Europe,Southeast Asia,Consumer,55.603,157.0535,276.6447,1.9858,1.1293,3.85,0.615,1,553.55,0.8846,52.59,MEDIUM,1,2015,9,254
2015-09-12,12,135.64629861483334,1277.3949667,1176.3143524920001,0.04811627433333333,3.0,3.6666666666666665,0.16666666666666666,0.6666666666666666,Cardio Equipment,Standard Class,Pacific Asia,Southern Europe,Consumer,18.4628,41.45,273.6124,1.5386,1.0869,3.0,0.167,0,554.44,1.0114,21.85,LOW,0,2015,9,255
2015-09-13,38,149.05452058817647,3218.301853671,2890.79670009,0.03448085717647059,3.1176470588235294,2.823529411764706,0.6470588235294118,0.23529411764705882,Camping & Hiking,Standard Class,Pacific Asia,Western Europe,Consumer,64.8417,115.2973,419.1349,1.7064,1.178,3.12,0.647,1,586.65,1.1114,54.67,MEDIUM,1,2015,9,256
2015-09-14,7,59.23339609600001,158.918287177,163.750553774,0.0396804715,6.0,2.0,1.0,2.0,Boxing & MMA,First Class,LATAM,Central America,Corporate,14.2305,42.9483,62.9387,2.0329,1.1424,6.0,1.0,1,512.88,0.4416,57.85,MEDIUM,1,2015,9,257
2015-09-15,15,143.01978158900002,1423.909034802,1342.503720018,0.034815984,3.8333333333333335,2.8333333333333335,0.6666666666666666,0.6666666666666666,Camping & Hiking,Standard Class,Europe,Northern Europe,Consumer,25.0299,43.4701,64.3447,1.6687,1.1841,3.83,0.667,1,513.27,1.0664,54.35,MEDIUM,1,2015,9,258
2015-09-16,22,134.1146851089,2273.22383814,2051.183928985,0.043070576299999996,2.9,2.1,0.8,1.5,Men's Footwear,First Class,Europe,Central America,Consumer,41.1906,93.6699,260.7263,1.8723,1.1734,2.9,0.8,1,551.4,1.0,53.47,MEDIUM,1,2015,9,259
2015-09-17,29,137.93444534835714,2876.259142004,2626.367777867,0.06964012014285714,3.5714285714285716,2.9285714285714284,0.42857142857142855,-0.21428571428571427,Fishing,Standard Class,LATAM,Central America,Consumer,56.123,116.8103,332.6647,1.9353,1.2006,3.57,0.429,0,567.61,1.0284,24.3,LOW,0,2015,9,260
2015-09-18,41,90.73692337633334,2381.906341204,2107.2620718509997,0.04323802706666667,3.8666666666666667,3.466666666666667,0.4666666666666667,0.13333333333333333,Cleats,Standard Class,Europe,Western Europe,Consumer,66.9312,170.2318,485.0787,1.6325,1.2701,3.87,0.467,0,596.51,0.6765,25.4,LOW,0,2015,9,261
2015-09-19,24,105.18779893623076,2021.389731859,1884.317187163,0.04348990907692308,3.0,3.1538461538461537,0.5384615384615384,-0.07692307692307693,Men's Footwear,Standard Class,Europe,Caribbean,Consumer,42.7294,114.4728,246.1998,1.7804,1.2546,3.0,0.538,1,550.34,0.7843,55.09,MEDIUM,1,2015,9,262
2015-09-20,28,81.26126123816667,1429.83918272,1301.544938839,0.03145903641666666,3.3333333333333335,3.1666666666666665,0.5833333333333334,0.16666666666666666,Indoor/Outdoor Games,Standard Class,USCA,Western Europe,Corporate,36.2654,71.5511,161.0225,1.2952,1.2387,3.33,0.583,1,530.81,0.6059,54.77,MEDIUM,1,2015,9,263
2015-09-21,14,112.62687121825,1702.739567831,1515.012359139,0.08114012375,3.5,2.875,0.5,0.0,Camping & Hiking,Standard Class,LATAM,Central America,Consumer,22.6329,38.1631,100.6518,1.6166,1.2694,3.5,0.5,1,519.87,0.8397,55.39,MEDIUM,1,2015,9,264
2015-09-22,23,95.7932580942,1589.957933424,1417.858094746,0.0530917964,2.3,3.0,0.5,-0.4,Indoor/Outdoor Games,Standard Class,Europe,Northern Europe,Consumer,40.1661,86.329,209.1954,1.7464,1.2702,2.3,0.5,1,539.56,0.7142,55.4,MEDIUM,1,2015,9,265
2015-09-23,23,165.65286790654545,2844.80764826,2450.417264836,0.0991774560909091,3.4545454545454546,3.272727272727273,0.45454545454545453,0.36363636363636365,Fishing,Standard Class,LATAM,Central America,Corporate,36.3612,62.2468,67.3156,1.5809,1.3391,3.45,0.455,0,513.38,1.2351,29.13,LOW,0,2015,9,266
2015-09-24,28,77.89284755439999,1563.375764298,1373.925143388,0.057210859999999995,2.6,2.8,0.5,0.3,Water Sports,Standard Class,USCA,Northern Europe,Corporate,59.041,173.1325,375.6537,2.1086,1.3529,2.6,0.5,1,572.86,0.5808,57.06,MEDIUM,1,2015,9,267
2015-09-25,17,116.2075889554,1571.249387914,1369.761222523,0.0705784595,4.0,3.2,0.5,-0.3,Cleats,Standard Class,LATAM,Western Europe,Corporate,26.39,53.1671,92.8039,1.5524,1.324,4.0,0.5,1,516.67,0.8664,56.48,MEDIUM,1,2015,9,268
2015-09-26,30,95.8882292497,1834.010103961,1616.296719188,0.053507023099999995,3.7,2.9,0.5,0.3,Cleats,Standard Class,Europe,Northern Europe,Consumer,51.4176,93.6967,234.259,1.7139,1.3226,3.7,0.5,1,547.63,0.7149,56.45,MEDIUM,1,2015,9,269
2015-09-27,23,113.5548564771,2088.773985003,1813.787025486,0.08804218109999999,3.6,3.5,0.4,0.7,Fishing,Standard Class,Europe,Central America,Consumer,41.7356,84.897,567.5447,1.8146,1.4663,3.6,0.4,0,614.0,0.8467,29.33,LOW,0,2015,9,270
2015-09-28,11,100.83555937425001,1423.862349638,1289.533212077,0.07538223175,3.625,2.75,0.25,-0.75,Men's Footwear,First Class,LATAM,Central America,Consumer,22.7556,34.0739,91.1212,2.0687,1.4305,3.62,0.25,0,519.09,0.7518,28.61,LOW,0,2015,9,271
2015-09-29,26,80.41650325388889,1766.117800833,1618.860908569,0.03579497522222222,3.5555555555555554,4.0,0.5555555555555556,0.1111111111111111,Cleats,Standard Class,USCA,South of  USA ,Consumer,40.3381,65.1128,137.1982,1.5515,1.4776,3.56,0.556,1,526.32,0.5996,59.55,MEDIUM,1,2015,9,272
2015-09-30,36,154.5795426632143,2710.258813888,2536.08837387,0.04444814714285714,4.214285714285714,2.857142857142857,0.5714285714285714,0.0,Women's Apparel,Standard Class,Europe,Western Europe,Consumer,72.4301,180.5219,586.1192,2.0119,1.5295,4.21,0.571,1,618.69,1.1525,62.12,HIGH,2,2015,9,273
2015-10-01,15,66.1759663512,496.572100954,455.176796706,0.037499288199999994,1.4,2.6,0.0,1.2,Women's Apparel,Standard Class,LATAM,Western Europe,Consumer,26.8928,46.23,128.7162,1.7929,1.5324,1.4,0.0,0,526.57,0.4934,30.65,MEDIUM,1,2015,10,274
2015-10-02,30,118.51651298745455,2673.2888991610002,2406.645490017,0.045044870818181815,3.6363636363636362,2.8181818181818183,0.45454545454545453,0.09090909090909091,Indoor/Outdoor Games,Standard Class,LATAM,Central America,Consumer,48.7075,77.4473,210.9607,1.6236,1.592,3.64,0.455,0,543.53,0.8837,31.84,MEDIUM,1,2015,10,275
2015-10-03,9,109.73301043075,975.093727176,911.76631492,0.08693155025,3.75,2.75,0.25,0.5,Cameras ,Standard Class,Pacific Asia,Central America,Corporate,16.8816,36.8442,107.1401,1.8757,1.6018,3.75,0.25,0,520.68,0.8182,32.04,MEDIUM,1,2015,10,276
2015-10-04,15,116.294464500625,1289.766552513,1104.278980815,0.05068346975,3.875,2.75,0.75,0.875,Cleats,Standard Class,LATAM,Central America,Consumer,27.4055,68.1037,328.9355,1.827,1.5378,3.88,0.75,1,566.01,0.8671,60.76,HIGH,2,2015,10,277
2015-10-05,19,86.1405600315,1447.82687081,1275.395716645,0.0558623961,4.1,2.9,0.5,-0.4,Camping & Hiking,Standard Class,Europe,Central America,Consumer,32.047,72.5403,114.8207,1.6867,1.5574,4.1,0.5,1,523.66,0.6423,61.15,HIGH,2,2015,10,278
2015-10-06,18,110.24225030633335,2124.513420832,1960.826606179,0.04309146422222222,4.0,3.2222222222222223,0.7777777777777778,0.1111111111111111,Cleats,Standard Class,Europe,Western Europe,Consumer,32.4642,77.672,215.5747,1.8036,1.5965,4.0,0.778,1,543.13,0.822,61.93,HIGH,2,2015,10,279
2015-10-07,11,137.78823248400002,1413.721735342,1227.631196085,0.11471699257142857,4.0,3.0,0.5714285714285714,-0.14285714285714285,Water Sports,Standard Class,Africa,South America,Consumer,18.9566,31.9425,54.312,1.7233,1.6092,4.0,0.571,1,508.57,1.0273,62.46,HIGH,2,2015,10,280
2015-10-08,17,198.48250594599997,2458.755653324,2226.415045537,0.05212801418181818,3.6363636363636362,3.3636363636363638,0.7272727272727273,0.8181818181818182,Women's Apparel,Standard Class,USCA,Central America,Corporate,30.795,45.4284,129.7497,1.8115,1.594,3.64,0.727,1,526.22,1.4799,66.68,HIGH,2,2015,10,281
2015-10-09,39,124.60982298866666,3793.187554183,3499.50442994,0.04786876044444444,3.2777777777777777,2.888888888888889,0.5555555555555556,0.3888888888888889,Men's Footwear,Standard Class,LATAM,Western Europe,Consumer,74.6314,197.5468,336.7954,1.9136,1.5352,3.28,0.556,1,575.99,0.9291,60.7,HIGH,2,2015,10,282
2015-10-10,20,154.243928928625,1414.489965921,1278.490208803,0.02438653925,3.375,3.25,0.5,-0.375,Camping & Hiking,Standard Class,Europe,Central America,Consumer,41.9769,77.1485,156.7566,2.0988,1.581,3.38,0.5,1,530.63,1.15,63.12,HIGH,2,2015,10,283
2015-10-11,21,56.219227433444445,958.937846763,819.816916928,0.07291329922222221,3.5555555555555554,2.3333333333333335,0.3333333333333333,0.3333333333333333,Cardio Equipment,First Class,Europe,South Asia,Home Office,33.2325,61.9612,131.4028,1.5825,1.6171,3.56,0.333,0,524.75,0.4192,32.34,MEDIUM,1,2015,10,284
2015-10-12,30,109.90318627454545,1569.124512463,1382.681043263,0.05679602372727273,3.090909090909091,2.909090909090909,0.5454545454545454,-0.36363636363636365,Indoor/Outdoor Games,Standard Class,LATAM,Central America,Consumer,66.5057,170.0467,562.6456,2.2169,1.741,3.09,0.545,1,613.65,0.8194,64.82,HIGH,2,2015,10,285
2015-10-13,12,155.430720258,1712.224401831,1518.156385061,0.054882580285714286,3.857142857142857,2.2857142857142856,0.5714285714285714,0.2857142857142857,Fishing,Second Class,LATAM,Central America,Corporate,17.6809,38.7402,125.6346,1.4734,1.7727,3.86,0.571,1,525.5,1.1589,67.04,HIGH,2,2015,10,286
2015-10-14,12,107.38694436612501,1269.425041859,1164.823425617,0.047975185625,4.25,3.125,0.625,1.125,Camping & Hiking,Standard Class,LATAM,Western Europe,Consumer,21.1685,45.4603,69.1224,1.764,1.8343,4.25,0.625,1,515.26,0.8007,66.69,HIGH,2,2015,10,287
2015-10-15,12,178.98025972685716,1814.524865261,1686.632692978,0.025075838714285714,3.0,3.7142857142857144,0.7142857142857143,-1.1428571428571428,Fishing,Standard Class,LATAM,Central America,Consumer,22.7946,68.9011,165.1642,1.8996,1.7501,3.0,0.714,1,531.52,1.3345,68.35,HIGH,2,2015,10,288
2015-10-16,17,77.82712234888888,1456.522458518,1275.3187649029999,0.06263661,3.5555555555555554,2.888888888888889,0.5555555555555556,0.0,Cleats,Standard Class,Europe,Central America,Consumer,31.3151,53.9762,99.011,1.8421,1.7876,3.56,0.556,1,521.05,0.5803,65.75,HIGH,2,2015,10,289
2015-10-17,20,96.85233273511112,1706.487291568,1475.9180486110001,0.048661303,2.888888888888889,3.111111111111111,0.3333333333333333,-0.4444444444444444,Camping & Hiking,Standard Class,Pacific Asia,South Asia,Corporate,33.6579,79.437,120.2446,1.6829,1.8393,2.89,0.333,0,525.23,0.7221,36.79,MEDIUM,1,2015,10,290
2015-10-18,5,85.57260542,616.409333834,555.758465324,0.044961736,3.5,1.25,0.75,1.5,Indoor/Outdoor Games,Second Class,Europe,Western Europe,Consumer,8.7707,17.3912,37.9036,1.7541,1.8733,3.5,0.75,1,507.51,0.638,67.47,HIGH,2,2015,10,291
2015-10-19,22,164.46275406466668,2281.246821881,2031.750488193,0.04596964122222222,4.222222222222222,3.5555555555555554,0.6666666666666666,0.3333333333333333,Men's Footwear,Standard Class,Europe,Western Europe,Corporate,37.5071,77.5866,163.7706,1.7049,1.8971,4.22,0.667,1,533.5,1.2262,70.2,HIGH,2,2015,10,292
2015-10-20,23,191.39596798789998,2500.454602006,2378.659123724,0.0201793696,4.1,3.0,0.6,0.6,Cleats,Second Class,LATAM,Central America,Consumer,38.8359,103.3566,568.2587,1.6885,1.9549,4.1,0.6,1,616.02,1.427,73.37,HIGH,2,2015,10,293
2015-10-21,16,169.55275380325,2622.3547101950003,2350.570323127,0.059997118875,3.375,2.125,0.5,0.125,Camping & Hiking,Standard Class,USCA,Central America,Consumer,31.1974,67.6975,185.2352,1.9498,1.9315,3.38,0.5,1,538.44,1.2642,71.27,HIGH,2,2015,10,294
2015-10-22,22,189.17977685333332,1980.673041277,1756.801631226,0.09075024222222222,2.888888888888889,3.111111111111111,0.5555555555555556,0.4444444444444444,Cleats,Standard Class,Pacific Asia,Oceania,Consumer,40.8346,89.1515,129.4393,1.8561,1.9637,2.89,0.556,1,523.37,1.4105,73.38,HIGH,2,2015,10,295
2015-10-23,28,143.50018547384616,2419.5474208240003,2103.125923899,0.08864778707692308,3.1538461538461537,2.6923076923076925,0.5384615384615384,-0.38461538461538464,Cleats,Standard Class,LATAM,Eastern Europe,Home Office,46.7914,113.6756,219.361,1.6711,1.88,3.15,0.538,1,546.17,1.0699,68.3,HIGH,2,2015,10,296
2015-10-24,30,97.68072548422222,1652.809298494,1492.073170012,0.042169289666666665,3.888888888888889,2.7777777777777777,0.6666666666666666,0.1111111111111111,Men's Footwear,Standard Class,Europe,Caribbean,Consumer,58.7884,107.1362,360.1878,1.9596,1.8677,3.89,0.667,1,571.84,0.7283,67.35,HIGH,2,2015,10,297
2015-10-25,22,84.64839477166667,658.697639058,580.631551942,0.0624633175,3.1666666666666665,2.8333333333333335,0.8333333333333334,-0.5,Camping & Hiking,Standard Class,Pacific Asia,Western Europe,Consumer,40.6321,67.3474,328.935,1.8469,1.8159,3.17,0.833,1,565.95,0.6311,66.32,HIGH,2,2015,10,298
2015-10-26,2,20.698740155,58.703186472,49.654330926,0.096688337,5.0,1.0,1.0,4.0,Trade-In,Standard Class,Pacific Asia,North Africa,Consumer,3.8854,6.1805,8.3424,1.9427,1.7485,5.0,1.0,1,501.68,0.1543,64.97,HIGH,2,2015,10,299
2015-10-27,27,138.1382409005,2205.855135106,1985.480460872,0.07339646516666666,3.0,2.3333333333333335,0.9166666666666666,0.8333333333333334,Women's Apparel,Standard Class,LATAM,Central America,Consumer,51.5002,68.133,82.9742,1.9074,1.7443,3.0,0.917,1,516.19,1.03,65.19,HIGH,2,2015,10,300
2015-10-28,17,188.30229242545454,2623.3520583279997,2376.409265458,0.04263579254545455,3.272727272727273,3.4545454545454546,0.5454545454545454,-0.7272727272727273,Fishing,Standard Class,LATAM,Western Europe,Consumer,28.0251,82.8879,375.1656,1.6485,1.7296,3.27,0.545,1,577.06,1.404,68.63,HIGH,2,2015,10,301
2015-10-29,38,206.20111089635716,3711.251067307,3419.744543903,0.05997351207142858,3.142857142857143,3.2142857142857144,0.6428571428571429,0.6428571428571429,Men's Footwear,Standard Class,Europe,South Asia,Consumer,64.3511,101.1759,272.671,1.6935,1.6189,3.14,0.643,1,554.22,1.5374,67.75,HIGH,2,2015,10,302
2015-10-30,34,101.97094562193334,2681.790941329,2317.359949476,0.09516388253333334,3.7333333333333334,2.933333333333333,0.5333333333333333,0.4666666666666667,Women's Apparel,Standard Class,LATAM,Western Europe,Consumer,65.6197,123.0724,213.5586,1.93,1.5471,3.73,0.533,1,538.91,0.7603,60.94,HIGH,2,2015,10,303
2015-10-31,16,104.2183350278889,1828.970117389,1578.9922545210002,0.07002999166666667,3.7777777777777777,2.7777777777777777,0.2222222222222222,-0.2222222222222222,Indoor/Outdoor Games,Standard Class,Europe,Central America,Consumer,30.4599,56.4975,160.1896,1.9037,1.5397,3.78,0.222,0,531.41,0.7771,30.79,MEDIUM,1,2015,10,304
2015-11-01,22,197.37127603450003,1518.878340059,1363.073024322,0.043345124166666665,3.5,2.8333333333333335,0.8333333333333334,-0.16666666666666666,Cleats,Standard Class,Europe,Eastern Asia,Consumer,39.3202,81.9712,76.6229,1.7873,1.6077,3.5,0.833,1,515.72,1.4716,66.87,HIGH,2,2015,11,305
2015-11-02,18,180.64059218145454,2555.527476425,2293.731198726,0.06553449990909091,3.0,2.0,0.7272727272727273,0.2727272727272727,Shop By Sport,Standard Class,LATAM,Central America,Consumer,32.6189,75.2778,177.2228,1.8122,1.6452,3.0,0.727,1,537.66,1.3469,66.37,HIGH,2,2015,11,306
2015-11-03,27,147.69669470715385,2843.824616957,2574.458237244,0.04888780523076923,3.769230769230769,2.6153846153846154,0.38461538461538464,0.15384615384615385,Water Sports,Standard Class,Africa,Central America,Home Office,54.9482,127.949,337.4475,2.0351,1.6728,3.77,0.385,0,569.12,1.1012,34.47,MEDIUM,1,2015,11,307
2015-11-04,37,154.1851424458,2676.863884143,2481.8552093549997,0.025337160199999997,3.4,3.1,0.6,0.0,Camping & Hiking,Standard Class,Europe,Central America,Consumer,62.4613,108.9707,354.1124,1.6881,1.5851,3.4,0.6,1,567.68,1.1496,63.2,HIGH,2,2015,11,308
2015-11-05,15,192.202278787125,1968.949664472,1774.450396786,0.048310985,2.75,2.875,0.5,0.125,Women's Apparel,Standard Class,Europe,Northern Europe,Consumer,28.3761,53.7998,88.7166,1.8917,1.6198,2.75,0.5,1,521.47,1.4331,66.73,HIGH,2,2015,11,309
2015-11-06,18,182.527526682,2706.229862103,2403.580878609,0.0374342575,4.666666666666667,2.6666666666666665,0.6666666666666666,0.6666666666666666,Fishing,Standard Class,Europe,Southeast Asia,Consumer,31.5931,65.5362,158.7981,1.7552,1.6133,4.67,0.667,1,532.24,1.3609,65.87,HIGH,2,2015,11,310
2015-11-07,23,111.82392191015386,2088.304295379,1852.00058098,0.06372550276923077,3.769230769230769,2.4615384615384617,0.5384615384615384,-0.15384615384615385,Cleats,Standard Class,LATAM,Central America,Consumer,40.3065,75.1827,127.8764,1.7525,1.6352,3.77,0.538,1,528.51,0.8338,62.7,HIGH,2,2015,11,311
2015-11-08,23,178.650817813,2624.720136473,2396.5085759579997,0.0259941653,3.2,3.0,0.6,1.7,Camping & Hiking,Standard Class,Europe,Southern Europe,Consumer,45.9778,124.3096,319.6415,1.999,1.7126,3.2,0.6,1,563.58,1.332,67.57,HIGH,2,2015,11,312
2015-11-09,42,127.06329912828572,2832.11193072,2576.599013942,0.04947737121428571,3.5,3.5714285714285716,0.6428571428571429,-0.2857142857142857,Indoor/Outdoor Games,Standard Class,Europe,South America,Corporate,81.6954,176.68,303.6907,1.9451,1.5818,3.5,0.643,1,562.98,0.9474,61.64,HIGH,2,2015,11,313
2015-11-10,18,212.156156960375,2267.79836718,2044.55840573,0.039495417125,3.625,3.5,0.375,-0.25,Cleats,Standard Class,LATAM,Central America,Consumer,34.9707,79.4106,161.8771,1.9428,1.5574,3.62,0.375,0,533.89,1.5818,36.97,MEDIUM,1,2015,11,314
2015-11-11,16,84.086443731,1129.655052977,1039.569856715,0.03377494642857143,3.4285714285714284,3.142857142857143,0.2857142857142857,0.2857142857142857,Cleats,Standard Class,Europe,Central America,Consumer,32.6526,73.0867,121.2861,2.0408,1.4669,3.43,0.286,0,526.21,0.6269,29.34,LOW,0,2015,11,315
2015-11-12,24,92.09837689063636,2502.828959482,2283.509070483,0.053295017636363635,3.0,3.1818181818181817,0.6363636363636364,0.36363636363636365,Fishing,Standard Class,Europe,South America,Consumer,43.0749,106.7813,315.362,1.7948,1.4854,3.0,0.636,1,565.61,0.6867,59.71,MEDIUM,1,2015,11,316
2015-11-13,27,122.84731775515385,2804.825177908,2580.746713644,0.05190041138461539,2.8461538461538463,3.6923076923076925,0.6923076923076923,0.5384615384615384,Water Sports,Standard Class,Europe,Central America,Consumer,51.7704,105.2323,334.1764,1.9174,1.4733,2.85,0.692,1,569.19,0.9159,59.47,MEDIUM,1,2015,11,317
2015-11-14,29,146.95089161992308,2739.882960286,2437.543129589,0.0682139496923077,3.4615384615384617,2.8461538461538463,0.5384615384615384,0.9230769230769231,Camping & Hiking,Standard Class,Europe,Caribbean,Consumer,50.3529,76.16,164.9694,1.7363,1.5324,3.46,0.538,1,532.08,1.0957,61.61,HIGH,2,2015,11,318
2015-11-15,29,121.02473264133333,2324.004389034,2123.677055028,0.02870389383333333,4.083333333333333,2.3333333333333335,0.5,0.8333333333333334,Women's Apparel,Standard Class,Europe,Western Europe,Consumer,53.6509,113.93,271.5124,1.85,1.4995,4.08,0.5,1,552.64,0.9024,59.99,MEDIUM,1,2015,11,319
2015-11-16,19,114.6732243132222,1813.356499864,1676.7667681389999,0.06801690622222223,4.333333333333333,3.6666666666666665,0.5555555555555556,-0.4444444444444444,Cardio Equipment,Standard Class,Europe,Eastern Asia,Consumer,33.5894,57.8057,81.869,1.7679,1.5188,4.33,0.556,1,517.01,0.855,60.38,HIGH,2,2015,11,320
2015-11-17,17,96.16388483739999,941.503432919,810.010062568,0.0813390334,3.6,2.8,0.0,1.0,Cleats,Second Class,Europe,Caribbean,Consumer,30.7441,54.224,114.8099,1.8085,1.5997,3.6,0.0,0,524.55,0.717,31.99,MEDIUM,1,2015,11,321
2015-11-18,32,111.96934976753846,2645.1775238600003,2324.430084626,0.06884958107692307,3.8461538461538463,3.230769230769231,0.6923076923076923,-0.38461538461538464,Women's Apparel,Standard Class,LATAM,Central America,Consumer,60.8273,134.0829,309.8001,1.9009,1.5672,3.85,0.692,1,561.25,0.8348,61.34,HIGH,2,2015,11,322
2015-11-19,21,122.553213193125,1604.8832875560001,1508.101571892,0.07270386225,3.25,2.625,0.75,0.875,Camping & Hiking,Standard Class,Europe,Eastern Asia,Consumer,34.6566,87.0333,512.1457,1.6503,1.5077,3.25,0.75,1,604.67,0.9138,60.15,HIGH,2,2015,11,323
2015-11-20,22,140.68484190455558,2366.308967153,2090.579021519,0.06542007722222222,4.777777777777778,3.4444444444444446,0.5555555555555556,0.5555555555555556,Cleats,Standard Class,LATAM,Oceania,Consumer,48.573,95.6284,152.3715,2.2079,1.557,4.78,0.556,1,533.67,1.0489,61.63,HIGH,2,2015,11,324
2015-11-21,27,168.21838732692308,3282.202907408,2933.334635454,0.060796868076923076,2.923076923076923,2.923076923076923,0.5384615384615384,0.07692307692307693,Cleats,Standard Class,LATAM,South America,Consumer,43.7295,91.1891,357.9661,1.6196,1.5293,2.92,0.538,1,569.12,1.2542,63.13,HIGH,2,2015,11,325
2015-11-22,19,102.53755917180001,1725.6531730010001,1515.346052951,0.0639738329,4.0,3.1,0.5,0.4,Cardio Equipment,Standard Class,Pacific Asia,Central America,Consumer,30.1386,83.0462,276.8119,1.5862,1.4991,4.0,0.5,1,553.77,0.7645,59.98,MEDIUM,1,2015,11,326
2015-11-23,24,156.379493114,2683.901526716,2355.750680655,0.045397841,3.230769230769231,3.5384615384615383,0.3076923076923077,-0.3076923076923077,Indoor/Outdoor Games,Standard Class,LATAM,Western Europe,Consumer,48.2623,99.2805,257.5497,2.0109,1.4944,3.23,0.308,0,551.17,1.166,31.55,LOW,0,2015,11,327
2015-11-24,22,100.62278028366667,1817.813722285,1603.38537958,0.07378703244444444,3.4444444444444446,3.7777777777777777,0.4444444444444444,0.1111111111111111,Cleats,Standard Class,USCA,South of  USA ,Consumer,42.6486,140.6788,612.1866,1.9386,1.6608,3.44,0.444,0,623.11,0.7502,33.22,MEDIUM,1,2015,11,328
2015-11-25,24,158.2671034818,2113.651018144,1910.717169621,0.046522620199999996,2.6,3.4,0.3,-0.3,Women's Apparel,Standard Class,Europe,Central America,Consumer,45.7528,100.4341,269.0183,1.9064,1.8109,2.6,0.3,0,552.54,1.18,38.02,MEDIUM,1,2015,11,329
2015-11-26,10,137.320718392,1212.213268733,1098.442110796,0.055553859166666664,4.5,4.0,0.6666666666666666,0.5,Cleats,Standard Class,USCA,Caribbean,Consumer,19.0717,26.2903,70.8417,1.9072,1.6735,4.5,0.667,1,515.52,1.0239,63.71,HIGH,2,2015,11,330
2015-11-27,20,116.66003437016667,1257.869922566,1153.758777266,0.05900958516666666,3.0,3.1666666666666665,0.3333333333333333,-0.6666666666666666,Women's Apparel,Standard Class,Europe,Caribbean,Consumer,35.7766,81.5413,188.21,1.7888,1.7145,3.0,0.333,0,538.49,0.8698,34.29,MEDIUM,1,2015,11,331
2015-11-28,13,75.70755595214287,887.628559228,728.862980287,0.08031388442857143,3.0,3.4285714285714284,0.7142857142857143,0.42857142857142855,Women's Apparel,Standard Class,USCA,Oceania,Home Office,21.2852,45.0327,162.5002,1.6373,1.7484,3.0,0.714,1,532.55,0.5645,64.97,HIGH,2,2015,11,332
2015-11-29,8,137.36178824499999,1526.339624446,1389.77453168,0.07711406833333333,3.1666666666666665,3.5,0.5,0.3333333333333333,Cleats,Standard Class,LATAM,West Asia,Consumer,14.4372,36.6314,126.4329,1.8047,1.6793,3.17,0.5,1,524.14,1.0242,63.83,HIGH,2,2015,11,333
2015-11-30,19,98.53841866563636,1610.949521722,1460.998765674,0.028870366727272726,2.6363636363636362,3.3636363636363638,0.6363636363636364,-0.09090909090909091,Fishing,Standard Class,LATAM,Central America,Consumer,31.8014,71.3283,134.7399,1.6738,1.716,2.64,0.636,1,524.45,0.7347,64.32,HIGH,2,2015,11,334
2015-12-01,16,193.59032843114286,2316.666357935,2174.907075859,0.052623661142857145,3.857142857142857,2.4285714285714284,0.8571428571428571,1.1428571428571428,Indoor/Outdoor Games,Standard Class,Europe,Central America,Corporate,31.5915,60.2404,89.2684,1.9745,1.6708,3.86,0.857,1,518.3,1.4434,67.85,HIGH,2,2015,12,335
2015-12-02,14,113.059588717625,1554.538172585,1400.595115797,0.055669429125,4.875,3.25,0.5,-0.25,Camping & Hiking,Standard Class,Europe,Western Europe,Consumer,24.7083,37.918,83.0484,1.7649,1.6905,4.88,0.5,1,513.62,0.843,63.81,HIGH,2,2015,12,336
2015-12-03,42,121.69394988652633,3513.096792373,3200.975439657,0.05210875331578948,3.526315789473684,2.8421052631578947,0.631578947368421,0.05263157894736842,Water Sports,Standard Class,Europe,Western Europe,Consumer,69.2627,130.2231,231.4297,1.6491,1.5631,3.53,0.632,1,550.54,0.9074,61.26,HIGH,2,2015,12,337
2015-12-04,15,211.93940855033335,1503.9830582079999,1398.703504268,0.03769194583333333,3.0,3.3333333333333335,0.3333333333333333,0.3333333333333333,Water Sports,Standard Class,Pacific Asia,Western Europe,Consumer,26.0157,43.0233,98.9435,1.7344,1.6419,3.0,0.333,0,519.55,1.5802,38.64,MEDIUM,1,2015,12,338
2015-12-05,5,312.02277948849996,1050.09270653,948.269148138,0.10162785775,4.0,4.0,0.75,-0.75,Cleats,Standard Class,Europe,South Asia,Consumer,9.3326,16.2901,59.0689,1.8665,1.5429,4.0,0.75,1,513.44,2.3264,74.12,HIGH,2,2015,12,339
2015-12-06,25,111.90672038560001,2209.9164722259998,2040.7738139219998,0.0403150286,3.7,2.6,0.5,0.2,Men's Footwear,Standard Class,Europe,Central America,Consumer,42.3213,93.3311,187.0055,1.6929,1.5486,3.7,0.5,1,543.17,0.8344,60.97,HIGH,2,2015,12,340
2015-12-07,26,93.5167212574,1927.068185179,1836.247413819,0.0327856272,3.1,3.4,0.4,-0.2,Camping & Hiking,Standard Class,Europe,South America,Consumer,42.891,117.4238,272.0108,1.6497,1.507,3.1,0.4,0,553.93,0.6973,30.14,MEDIUM,1,2015,12,341
2015-12-08,20,155.7379758926,1717.661476945,1569.249959287,0.05559950650000001,2.8,2.7,0.6,1.3,Women's Apparel,Standard Class,LATAM,Western Europe,Consumer,36.7041,77.8644,186.8522,1.8352,1.5163,2.8,0.6,1,537.16,1.1612,61.94,HIGH,2,2015,12,342
2015-12-09,16,184.68453555436363,2564.608529219,2306.452170176,0.07057369127272727,3.727272727272727,3.0,0.6363636363636364,1.0,Men's Footwear,Standard Class,Europe,West of USA ,Consumer,29.367,45.3243,143.4281,1.8354,1.6641,3.73,0.636,1,530.28,1.377,67.05,HIGH,2,2015,12,343
2015-12-10,49,77.16229821428571,1811.121787365,1611.029668935,0.04284759842857143,3.5,2.7857142857142856,0.42857142857142855,0.0,Men's Footwear,Standard Class,Pacific Asia,Central America,Corporate,83.422,178.7486,191.4468,1.7025,1.4326,3.5,0.429,0,546.63,0.5753,28.65,LOW,0,2015,12,344
2015-12-11,15,142.55468600433332,1339.100692152,1241.1862408010002,0.05537810366666666,4.833333333333333,1.6666666666666667,0.8333333333333334,0.3333333333333333,Electronics,Standard Class,LATAM,Central America,Corporate,25.6292,63.8289,121.3771,1.7086,1.4267,4.83,0.833,1,521.82,1.0629,59.16,MEDIUM,1,2015,12,345
2015-12-12,18,144.41229224366668,2285.179814633,2055.690657802,0.07108303211111111,2.7777777777777777,2.6666666666666665,0.7777777777777778,0.3333333333333333,Indoor/Outdoor Games,Second Class,Europe,Southern Europe,Consumer,32.9952,57.2572,144.9725,1.8331,1.4397,2.78,0.778,1,525.78,1.0767,59.56,MEDIUM,1,2015,12,346
2015-12-13,22,197.31659654335712,4247.927385668,3823.299048783,0.09840528042857143,3.5,2.857142857142857,0.35714285714285715,-0.7857142857142857,Women's Apparel,Standard Class,LATAM,Central America,Corporate,34.0906,65.0635,232.8589,1.5496,1.4367,3.5,0.357,0,545.2,1.4712,33.45,MEDIUM,1,2015,12,347
2015-12-14,18,154.1236785996,1860.1371157410001,1717.720067976,0.0367329801,3.6,3.3,0.8,0.8,Cardio Equipment,Standard Class,Europe,South America,Consumer,28.0058,55.064,109.0026,1.5559,1.4528,3.6,0.8,1,522.85,1.1491,60.55,MEDIUM,1,2015,12,348
2015-12-15,21,114.14614226657143,1376.186307166,1233.802641772,0.06422186042857143,3.857142857142857,3.142857142857143,0.7142857142857143,0.8571428571428571,Cleats,Standard Class,Europe,Central America,Consumer,35.0041,58.6526,71.513,1.6669,1.5227,3.86,0.714,1,515.35,0.8511,60.45,HIGH,2,2015,12,349
2015-12-16,16,52.30561260914286,760.167235063,690.320089989,0.029814144999999997,3.142857142857143,3.2857142857142856,0.14285714285714285,-1.2857142857142858,Fishing,Standard Class,Pacific Asia,East of USA,Consumer,28.0512,62.6043,182.8697,1.7532,1.463,3.14,0.143,0,538.29,0.39,29.26,LOW,0,2015,12,350
2015-12-17,19,132.73500625853848,2963.8262225930002,2717.854306168,0.044247786000000004,3.230769230769231,3.230769230769231,0.5384615384615384,0.07692307692307693,Cardio Equipment,Standard Class,LATAM,Central America,Consumer,35.104,67.1732,126.4615,1.8476,1.4652,3.23,0.538,1,523.01,0.9897,59.3,MEDIUM,1,2015,12,351
2015-12-18,19,133.2078555047,1880.900278174,1739.018915071,0.0557772095,3.9,2.1,0.6,0.4,Cleats,First Class,Europe,Western Europe,Consumer,39.4392,84.0839,130.3825,2.0757,1.5094,3.9,0.6,1,521.68,0.9932,60.19,HIGH,2,2015,12,352
2015-12-19,40,110.3505639582,3164.481899022,2895.693180825,0.028473132533333334,3.466666666666667,2.933333333333333,0.6,0.8666666666666667,Indoor/Outdoor Games,Standard Class,Europe,Western Europe,Consumer,78.0564,128.1345,242.1605,1.9514,1.3218,3.47,0.6,1,551.86,0.8228,56.44,MEDIUM,1,2015,12,353
2015-12-20,11,166.95271594828571,1744.977459125,1541.498658807,0.05703305385714286,3.0,1.8571428571428572,0.5714285714285714,0.8571428571428571,Camping & Hiking,Second Class,LATAM,Central America,Consumer,19.3887,34.8253,76.769,1.7626,1.3127,3.0,0.571,1,514.44,1.2448,58.7,MEDIUM,1,2015,12,354
2015-12-21,32,110.48483129616666,2370.73292644,2162.734204306,0.039190625166666666,2.75,2.3333333333333335,0.75,0.5833333333333334,Women's Apparel,Standard Class,Europe,West of USA ,Consumer,57.2038,129.573,246.5647,1.7876,1.2761,2.75,0.75,1,542.85,0.8238,55.52,MEDIUM,1,2015,12,355
2015-12-22,31,129.93701636438462,2317.522012587,2107.244859339,0.04865533776923077,3.5384615384615383,3.6923076923076925,0.3076923076923077,-0.15384615384615385,Fishing,Standard Class,Europe,Western Europe,Consumer,50.2254,91.3868,99.3048,1.6202,1.3117,3.54,0.308,0,520.31,0.9688,26.23,LOW,0,2015,12,356
2015-12-23,30,95.56941696061538,2390.24850455,2219.370148446,0.03636316453846154,3.769230769230769,2.4615384615384617,0.8461538461538461,0.15384615384615385,Indoor/Outdoor Games,Standard Class,Europe,Western Europe,Consumer,53.6313,148.513,478.0363,1.7877,1.4095,3.77,0.846,1,597.99,0.7126,58.19,MEDIUM,1,2015,12,357
2015-12-24,28,148.43046904000002,2754.176644304,2455.369558578,0.04991837433333334,4.25,2.6666666666666665,0.8333333333333334,0.9166666666666666,Women's Apparel,Standard Class,Europe,Oceania,Consumer,48.7217,88.1769,323.951,1.7401,1.1402,4.25,0.833,1,564.45,1.1067,53.87,MEDIUM,1,2015,12,358
2015-12-25,28,133.31366807542858,1590.327719893,1406.97888295,0.06287175785714286,3.7142857142857144,2.857142857142857,0.5714285714285714,0.0,Indoor/Outdoor Games,Standard Class,Europe,Oceania,Consumer,51.7934,106.2024,313.6948,1.8498,1.1558,3.71,0.571,1,561.46,0.994,53.12,MEDIUM,1,2015,12,359
2015-12-26,8,84.17976763639999,773.935996053,709.966309337,0.0737707772,3.0,1.8,0.8,-0.2,Fishing,Same Day,USCA,Caribbean,Consumer,13.1906,31.1611,49.2063,1.6488,1.1584,3.0,0.8,1,509.71,0.6276,53.17,MEDIUM,1,2015,12,360
2015-12-27,33,191.54960188757144,3602.840769996,3323.554578492,0.033261037785714286,3.0714285714285716,3.0714285714285716,0.2857142857142857,-0.5,Camping & Hiking,Standard Class,LATAM,Western Europe,Consumer,62.2544,91.9002,201.3856,1.8865,1.1564,3.07,0.286,0,539.05,1.4282,27.41,MEDIUM,1,2015,12,361
2015-12-28,17,118.33163472742856,1278.081893042,1175.110566204,0.03315234514285714,3.4285714285714284,2.857142857142857,0.7142857142857143,0.8571428571428571,Cleats,Standard Class,Europe,Central America,Consumer,35.4908,48.9236,114.78,2.0877,1.1919,3.43,0.714,1,520.66,0.8823,53.84,MEDIUM,1,2015,12,362
2015-12-29,23,117.0722279862,2057.696909635,1858.350627544,0.0462611244,4.1,3.4,0.7,1.3,Shop By Sport,Standard Class,Europe,Western Europe,Consumer,40.7479,58.8752,170.7225,1.7716,1.2459,4.1,0.7,1,532.5,0.8729,54.92,MEDIUM,1,2015,12,363
2015-12-30,15,78.37779885674999,1570.6136637949999,1409.876620376,0.066561131125,2.375,3.5,0.625,0.375,Indoor/Outdoor Games,Standard Class,LATAM,Central America,Consumer,27.9665,70.5747,209.6904,1.8644,1.2117,2.38,0.625,1,542.72,0.5844,54.23,MEDIUM,1,2015,12,364
2015-12-31,29,92.05367725588889,1630.796688953,1469.670330452,0.05823299644444445,4.111111111111111,3.2222222222222223,0.3333333333333333,0.5555555555555556,Cleats,Standard Class,Europe,Caribbean,Consumer,55.6508,97.6972,177.6743,1.919,1.1977,4.11,0.333,0,536.47,0.6864,23.95,LOW,0,2015,12,365
2016-01-01,29,122.6132503800769,2737.621492112,2330.044924873,0.09474923823076924,4.153846153846154,3.076923076923077,0.38461538461538464,0.07692307692307693,Water Sports,Standard Class,LATAM,Central America,Consumer,49.897,163.1626,394.8424,1.7206,1.247,4.15,0.385,0,579.46,0.9142,24.94,LOW,0,2016,1,1
2016-01-02,36,93.6336602,3752.239850544,3343.406389278,0.080548056,3.7,2.25,0.6,0.4,Women's Apparel,Standard Class,LATAM,Eastern Asia,Consumer,65.938,115.4702,318.6526,1.8316,1.2929,3.7,0.6,1,560.15,0.6981,55.86,MEDIUM,1,2016,1,2
2016-01-03,15,105.06417743166666,1065.5021132840002,962.104269877,0.0370457535,4.666666666666667,3.1666666666666665,0.8333333333333334,0.8333333333333334,Fishing,Standard Class,Europe,Central America,Consumer,26.8992,54.7159,214.1619,1.7933,1.2502,4.67,0.833,1,542.56,0.7834,55.0,MEDIUM,1,2016,1,3
2016-01-04,26,105.38195069185714,2679.872618135,2430.737803599,0.05522512292857142,3.4285714285714284,2.7142857142857144,0.5714285714285714,0.5714285714285714,Cleats,Standard Class,Europe,Western Europe,Corporate,47.0237,125.4892,377.601,1.8086,1.3336,3.43,0.571,1,569.86,0.7857,56.67,MEDIUM,1,2016,1,4
2016-01-05,13,122.49533886725,2070.64334461,1858.103225864,0.06551170875,3.75,3.25,0.5,0.125,Cleats,Standard Class,Europe,Oceania,Consumer,21.5513,63.1051,195.5882,1.6578,1.2789,3.75,0.5,1,539.35,0.9133,55.58,MEDIUM,1,2016,1,5
2016-01-06,26,122.187758678,1769.61776083,1555.113341625,0.06622271939999999,2.3,3.1,0.7,0.3,Cleats,Standard Class,LATAM,Central America,Corporate,46.6809,138.2111,334.6758,1.7954,1.2914,2.3,0.7,1,570.65,0.911,55.83,MEDIUM,1,2016,1,6
2016-01-07,19,130.42024917372726,2238.053685015,2037.146331354,0.03772001890909091,3.909090909090909,2.6363636363636362,0.5454545454545454,0.09090909090909091,Cardio Equipment,Standard Class,Europe,Western Europe,Home Office,35.767,89.2861,343.9676,1.8825,1.2905,3.91,0.545,1,565.99,0.9724,55.81,MEDIUM,1,2016,1,7
2016-01-08,40,95.36115500914286,2532.164946209,2195.658368916,0.08595617142857144,3.0,3.357142857142857,0.6428571428571429,0.14285714285714285,Men's Footwear,Standard Class,Europe,Central America,Consumer,82.8292,199.2858,540.8802,2.0707,1.3743,3.0,0.643,1,605.83,0.711,57.49,MEDIUM,1,2016,1,8
2016-01-09,28,150.28756252600002,3000.3534164029998,2790.83882212,0.06190327041666666,3.6666666666666665,2.0833333333333335,0.5833333333333334,0.5833333333333334,Water Sports,First Class,USCA,Eastern Asia,Consumer,55.1975,121.8232,211.9247,1.9713,1.5157,3.67,0.583,1,543.31,1.1205,61.52,HIGH,2,2016,1,9
2016-01-10,31,202.64646033608332,3327.812387453,3056.8795470659998,0.059871598500000005,3.3333333333333335,3.0,0.5833333333333334,0.6666666666666666,Camping & Hiking,Standard Class,Europe,Oceania,Consumer,68.8611,157.7342,606.1526,2.2213,1.6545,3.33,0.583,1,625.11,1.5109,68.2,HIGH,2,2016,1,10
2016-01-11,24,149.23197454766665,2960.318351017,2663.345665852,0.06233059541666666,4.75,2.8333333333333335,0.5,-0.9166666666666666,Water Sports,Standard Class,Europe,South America,Consumer,39.8095,69.8965,209.8352,1.6587,1.6564,4.75,0.5,1,540.89,1.1127,64.25,HIGH,2,2016,1,11
2016-01-12,11,133.6133814642857,1174.2961412979998,1119.423166886,0.03412826057142857,3.4285714285714284,3.4285714285714284,0.7142857142857143,0.7142857142857143,Camping & Hiking,Standard Class,USCA,South Asia,Consumer,21.497,35.7812,72.0526,1.9543,1.6432,3.43,0.714,1,513.65,0.9962,62.86,HIGH,2,2016,1,12
2016-01-13,20,79.9234506515,1258.5268786830002,1184.075380713,0.06992327999999999,3.6666666666666665,3.1666666666666665,0.16666666666666666,0.6666666666666666,Camping & Hiking,Standard Class,LATAM,Central America,Consumer,36.4832,71.4734,142.1018,1.8242,1.637,3.67,0.167,0,524.48,0.5959,32.74,MEDIUM,1,2016,1,13
2016-01-14,30,103.32486433700001,2165.990793562,1946.553773116,0.027867712555555552,3.5555555555555554,3.7777777777777777,0.4444444444444444,-0.1111111111111111,Men's Footwear,Standard Class,LATAM,Western Europe,Consumer,66.8843,126.732,330.6025,2.2295,1.5593,3.56,0.444,0,566.43,0.7704,31.19,MEDIUM,1,2016,1,14
2016-01-15,38,96.78249611676922,2061.7012745819998,1915.9732224,0.038896271076923075,3.3076923076923075,2.8461538461538463,0.5384615384615384,0.15384615384615385,Cleats,Standard Class,LATAM,Western Europe,Consumer,62.7741,112.3978,310.8157,1.652,1.5409,3.31,0.538,1,569.92,0.7216,60.82,HIGH,2,2016,1,15
2016-01-16,32,66.72770128781818,1785.3603848110001,1499.427615317,0.08688329881818181,3.6363636363636362,2.6363636363636362,0.5454545454545454,0.2727272727272727,Cardio Equipment,Standard Class,Europe,Western Europe,Consumer,52.6966,118.7446,299.1868,1.6468,1.5094,3.64,0.545,1,560.72,0.4975,60.19,HIGH,2,2016,1,16
2016-01-17,16,85.62803644475,1440.518020004,1334.759305409,0.040598360875,4.625,3.0,0.25,-0.25,Men's Footwear,First Class,LATAM,Central America,Corporate,26.9892,64.0487,167.9461,1.6868,1.4695,4.62,0.25,0,533.55,0.6384,29.39,LOW,0,2016,1,17
2016-01-18,28,85.64697447672728,1763.787236952,1564.642352994,0.07987410863636363,3.4545454545454546,2.5454545454545454,0.45454545454545453,-0.36363636363636365,Men's Footwear,Second Class,Europe,Western Europe,Corporate,40.5527,80.9175,344.9695,1.4483,1.5076,3.45,0.455,0,569.9,0.6386,30.15,MEDIUM,1,2016,1,18
2016-01-19,34,152.50956230733334,3307.085126795,3020.558535762,0.04129560746666667,3.6,2.933333333333333,0.5333333333333333,0.5333333333333333,Women's Apparel,Standard Class,Europe,Central America,Consumer,57.7759,152.2045,520.7686,1.6993,1.554,3.6,0.533,1,604.12,1.1371,62.45,HIGH,2,2016,1,19
2016-01-20,28,161.06895715123076,3301.228297594,2864.998054821,0.08702239023076924,3.769230769230769,2.8461538461538463,0.5384615384615384,0.6153846153846154,Indoor/Outdoor Games,Standard Class,USCA,Southern Europe,Corporate,46.4826,72.5218,182.2994,1.6601,1.5832,3.77,0.538,1,534.18,1.2009,63.67,HIGH,2,2016,1,20
2016-01-21,23,113.81932614525,1881.9909042580002,1702.316083091,0.03882804533333333,3.1666666666666665,3.4166666666666665,0.5833333333333334,0.16666666666666666,Women's Apparel,Standard Class,LATAM,Western Europe,Consumer,41.8177,78.8648,257.8131,1.8182,1.5037,3.17,0.583,1,553.46,0.8486,60.07,HIGH,2,2016,1,21
2016-01-22,12,147.87496010599997,1428.7742074379998,1309.960063852,0.052562731714285715,4.714285714285714,3.0,0.7142857142857143,1.2857142857142858,Men's Footwear,Standard Class,LATAM,Central America,Consumer,22.2395,37.7752,61.8869,1.8533,1.4941,4.71,0.714,1,512.65,1.1026,60.91,MEDIUM,1,2016,1,22
2016-01-23,27,87.187089159,2079.8173322479997,1908.4777883460001,0.04983691538461539,4.0,2.3076923076923075,0.6153846153846154,0.7692307692307693,Cleats,Standard Class,Pacific Asia,Caribbean,Consumer,58.3372,78.7344,212.8091,2.1606,1.5141,4.0,0.615,1,542.61,0.6501,60.28,HIGH,2,2016,1,23
2016-01-24,19,100.30691356966668,1652.181781472,1495.867799466,0.052575227555555555,4.111111111111111,2.5555555555555554,0.5555555555555556,0.7777777777777778,Fishing,Standard Class,LATAM,Central America,Corporate,37.4223,72.1595,319.6341,1.9696,1.489,4.11,0.556,1,562.07,0.7479,59.78,MEDIUM,1,2016,1,24
2016-01-25,9,153.73735913685712,1239.405249754,1138.614530791,0.06476991771428572,4.714285714285714,3.5714285714285716,0.2857142857142857,0.5714285714285714,Women's Apparel,Standard Class,LATAM,Southeast Asia,Consumer,15.2156,29.1111,63.4241,1.6906,1.4916,4.71,0.286,0,513.86,1.1463,31.29,LOW,0,2016,1,25
2016-01-26,20,179.94438441644445,2343.877652739,2033.715303253,0.07244947366666667,3.3333333333333335,2.7777777777777777,0.4444444444444444,0.8888888888888888,Water Sports,Standard Class,LATAM,Western Europe,Consumer,32.7426,86.8788,151.8485,1.6371,1.5089,3.33,0.444,0,531.7,1.3417,33.59,MEDIUM,1,2016,1,26
2016-01-27,24,124.50065956450001,1853.637152969,1616.278634484,0.0706081447,3.9,2.9,0.3,0.4,Cardio Equipment,Standard Class,LATAM,Southeast Asia,Consumer,45.1519,100.418,187.9454,1.8813,1.5055,3.9,0.3,0,536.26,0.9283,30.11,MEDIUM,1,2016,1,27
2016-01-28,16,111.66988893,870.3925300220001,757.519546818,0.079080452,3.4,2.4,0.6,-0.6,Golf Balls,Standard Class,LATAM,South America,Corporate,25.1122,40.1115,64.414,1.5695,1.5301,3.4,0.6,1,514.49,0.8326,60.6,HIGH,2,2016,1,28
2016-01-29,16,103.10027008109091,2311.615563128,2072.992722272,0.0634414640909091,3.0,2.4545454545454546,0.45454545454545453,0.09090909090909091,Women's Apparel,Standard Class,Europe,Central America,Corporate,34.416,97.7572,174.6635,2.151,1.5523,3.0,0.455,0,534.14,0.7687,31.05,MEDIUM,1,2016,1,29
2016-01-30,24,77.40782594866667,1102.478078493,1009.102498817,0.061803017888888895,3.2222222222222223,3.5555555555555554,0.4444444444444444,0.0,Indoor/Outdoor Games,Standard Class,Europe,Canada,Consumer,48.3654,121.0421,250.0101,2.0152,1.5282,3.22,0.444,0,548.13,0.5772,30.56,MEDIUM,1,2016,1,30
2016-01-31,21,136.33131810433335,1076.165309819,999.173532358,0.052703996333333336,4.333333333333333,3.0,0.8333333333333334,0.0,Women's Apparel,Standard Class,Europe,Southeast Asia,Consumer,35.8876,79.0403,113.6417,1.7089,1.5783,4.33,0.833,1,521.13,1.0165,61.73,HIGH,2,2016,1,31
2016-02-01,15,136.457259846875,1360.7014201060001,1203.854112576,0.0621709275,3.875,2.875,0.625,1.0,Cardio Equipment,Standard Class,LATAM,Western Europe,Consumer,22.6356,42.4096,100.2714,1.509,1.6432,3.88,0.625,1,517.4,1.0174,63.04,HIGH,2,2016,2,32
2016-02-02,33,174.00106857946153,3399.70593625,3081.052729571,0.037892038384615384,3.4615384615384617,3.6153846153846154,0.23076923076923078,0.3076923076923077,Fishing,Standard Class,Pacific Asia,Eastern Asia,Consumer,67.6726,109.5018,353.1096,2.0507,1.6555,3.46,0.231,0,572.18,1.2974,36.08,MEDIUM,1,2016,2,33
2016-02-03,9,201.87989441414288,1694.899187424,1538.5680783740002,0.03579963357142857,3.857142857142857,3.5714285714285716,0.14285714285714285,0.2857142857142857,Women's Apparel,Standard Class,Europe,Caribbean,Consumer,15.9356,28.9991,49.6297,1.7706,1.6363,3.86,0.143,0,508.28,1.5052,37.78,MEDIUM,1,2016,2,34
2016-02-04,24,164.57149299542857,2636.49636789,2379.644920437,0.067793968,3.357142857142857,3.0,0.6428571428571429,0.2857142857142857,Cleats,Standard Class,LATAM,Central America,Consumer,48.6486,118.5718,474.5225,2.027,1.7088,3.36,0.643,1,591.96,1.227,66.45,HIGH,2,2016,2,35
2016-02-05,15,93.04465496257144,1265.730609024,1045.124053864,0.10639539214285713,4.285714285714286,2.4285714285714284,0.7142857142857143,0.8571428571428571,Camping & Hiking,First Class,Europe,Northern Europe,Consumer,22.9059,65.4613,184.0627,1.5271,1.6871,4.29,0.714,1,533.7,0.6937,63.74,HIGH,2,2016,2,36
2016-02-06,12,156.973989890625,1699.160600885,1574.318628572,0.069572241875,3.125,3.125,0.75,-0.5,Cleats,Standard Class,Europe,Central America,Consumer,20.2419,54.0307,182.2347,1.6868,1.6569,3.12,0.75,1,536.34,1.1704,64.84,HIGH,2,2016,2,37
2016-02-07,13,116.97830732285715,1687.340310711,1547.038759196,0.040685162,2.857142857142857,3.4285714285714284,0.42857142857142855,-1.1428571428571428,Shop By Sport,Standard Class,LATAM,South America,Corporate,23.2955,41.4148,77.3574,1.792,1.698,2.86,0.429,0,515.28,0.8722,33.96,MEDIUM,1,2016,2,38
2016-02-08,34,73.89291022866666,1752.108277427,1597.17581917,0.07326192041666667,2.8333333333333335,2.9166666666666665,0.5833333333333334,0.3333333333333333,Men's Footwear,Standard Class,LATAM,Central America,Consumer,61.1815,95.8773,304.0504,1.7995,1.6519,2.83,0.583,1,559.7,0.5509,63.04,HIGH,2,2016,2,39
2016-02-09,11,159.21297181742858,1428.585221798,1232.467448652,0.05477472214285715,4.0,2.857142857142857,0.2857142857142857,0.0,Indoor/Outdoor Games,Standard Class,USCA,West of USA ,Consumer,18.8342,37.9777,60.9384,1.7122,1.5272,4.0,0.286,0,511.04,1.1871,32.41,MEDIUM,1,2016,2,40
2016-02-10,24,112.1215172211111,1359.341683628,1232.270901986,0.06170430722222223,3.111111111111111,3.5555555555555554,0.4444444444444444,0.7777777777777778,Fishing,Standard Class,Europe,Central America,Consumer,45.747,62.9654,202.1909,1.9061,1.5291,3.11,0.444,0,537.62,0.836,30.58,MEDIUM,1,2016,2,41
2016-02-11,18,91.994793207,1194.582444841,1103.091746748,0.03126606181818182,3.4545454545454546,2.727272727272727,0.5454545454545454,1.4545454545454546,Cardio Equipment,Standard Class,Pacific Asia,South Asia,Consumer,28.9739,60.5929,151.3147,1.6097,1.5372,3.45,0.545,1,531.1,0.6859,60.74,HIGH,2,2016,2,42
2016-02-12,35,79.71365503673333,2585.815095752,2278.365619895,0.05884141973333333,3.466666666666667,2.8666666666666667,0.4666666666666667,0.3333333333333333,Fishing,Standard Class,Pacific Asia,West of USA ,Consumer,61.7996,117.6276,335.6947,1.7657,1.4785,3.47,0.467,0,565.21,0.5943,29.57,LOW,0,2016,2,43
2016-02-13,29,148.5087370775,2491.932623351,2262.756848974,0.05113426633333334,2.5,3.0,0.3333333333333333,0.25,Water Sports,Standard Class,Pacific Asia,Central America,Consumer,52.5682,93.8832,146.2964,1.8127,1.5088,2.5,0.333,0,530.18,1.1073,31.25,MEDIUM,1,2016,2,44
2016-02-14,16,85.04660405355555,1757.189970701,1544.143397859,0.054872251999999996,3.2222222222222223,2.6666666666666665,0.4444444444444444,0.4444444444444444,Women's Apparel,Standard Class,Pacific Asia,Southern Europe,Consumer,30.1691,42.9925,73.9059,1.8856,1.6226,3.22,0.444,0,513.36,0.6341,32.45,MEDIUM,1,2016,2,45
2016-02-15,39,158.5593291067059,4459.524866108,3943.70448633,0.04798929547058823,3.764705882352941,3.235294117647059,0.4117647058823529,-0.11764705882352941,Cleats,Standard Class,Europe,Central America,Consumer,75.0016,162.9392,472.2212,1.9231,1.6196,3.76,0.412,0,595.15,1.1822,34.21,MEDIUM,1,2016,2,46
2016-02-16,23,111.28323067255556,1963.115760324,1811.5222310479999,0.05573890522222222,3.6666666666666665,2.7777777777777777,0.6666666666666666,0.3333333333333333,Indoor/Outdoor Games,Standard Class,Europe,Western Europe,Consumer,36.8117,64.8725,109.4582,1.6005,1.6779,3.67,0.667,1,524.89,0.8297,63.56,HIGH,2,2016,2,47
2016-02-17,21,122.57503288866666,1904.234922447,1701.442036425,0.05472821911111111,3.5555555555555554,3.2222222222222223,0.5555555555555556,0.6666666666666666,Cleats,Standard Class,Pacific Asia,Caribbean,Corporate,32.2622,50.052,138.4106,1.5363,1.7073,3.56,0.556,1,528.91,0.9139,64.15,HIGH,2,2016,2,48
2016-02-18,23,148.0178249519,2143.468488335,1892.549422959,0.0420424107,4.1,3.0,0.4,0.7,Indoor/Outdoor Games,Standard Class,LATAM,Central America,Consumer,46.8077,51.6631,75.2854,2.0351,1.7002,4.1,0.4,0,514.11,1.1036,35.04,MEDIUM,1,2016,2,49
2016-02-19,23,74.85060566944443,1358.5753273990001,1156.135600648,0.09280231122222221,3.6666666666666665,3.3333333333333335,0.4444444444444444,0.1111111111111111,Women's Apparel,Standard Class,Europe,Eastern Europe,Consumer,42.5854,83.0262,262.712,1.8515,1.6961,3.67,0.444,0,553.13,0.5581,33.92,MEDIUM,1,2016,2,50
2016-02-20,29,138.83934006925,2865.483102606,2539.810595859,0.07400592291666667,3.0833333333333335,3.25,0.5,-0.16666666666666666,Cleats,Standard Class,Europe,Western Europe,Consumer,48.194,134.6705,205.7144,1.6619,1.6898,3.08,0.5,1,540.44,1.0352,64.15,HIGH,2,2016,2,51
2016-02-21,22,119.29162138090909,1708.937594149,1460.720681912,0.08750337736363636,3.0,2.6363636363636362,0.7272727272727273,1.4545454545454546,Cardio Equipment,First Class,LATAM,Central America,Consumer,46.0139,125.756,358.7727,2.0915,1.6941,3.0,0.727,1,571.77,0.8894,63.88,HIGH,2,2016,2,52
2016-02-22,22,110.07757394577779,1507.160690022,1374.123395158,0.055631122000000005,2.4444444444444446,2.6666666666666665,0.6666666666666666,1.0,Water Sports,First Class,LATAM,Central America,Consumer,39.8609,71.3163,208.7497,1.8119,1.6972,2.44,0.667,1,541.03,0.8207,63.94,HIGH,2,2016,2,53
2016-02-23,18,135.79068787181816,1842.264626792,1649.2393675160001,0.04719800572727273,3.5454545454545454,3.5454545454545454,0.6363636363636364,0.18181818181818182,Cleats,Standard Class,LATAM,Western Europe,Consumer,36.2735,63.0415,116.1594,2.0152,1.7298,3.55,0.636,1,522.94,1.0125,64.72,HIGH,2,2016,2,54
2016-02-24,23,123.22337722116667,2761.790254176,2602.502847247,0.03388051525,3.75,2.6666666666666665,0.75,0.75,Women's Apparel,Second Class,Europe,South America,Consumer,41.4726,89.294,257.4138,1.8032,1.7646,3.75,0.75,1,551.97,0.9188,65.29,HIGH,2,2016,2,55
2016-02-25,36,142.752673980875,3424.826668953,3052.568057,0.084551524625,3.0625,3.0625,0.5,-0.375,Cleats,Standard Class,Europe,Western Europe,Consumer,79.232,127.2114,327.6828,2.2009,1.687,3.06,0.5,1,561.96,1.0644,64.38,HIGH,2,2016,2,56
2016-02-26,17,179.03966397757145,2501.3827800179997,2240.537507687,0.0758070985,3.2142857142857144,3.0,0.35714285714285715,-0.35714285714285715,Shop By Sport,Standard Class,Europe,Western Europe,Consumer,36.2897,75.5685,147.1549,2.1347,1.6751,3.21,0.357,0,527.7,1.3349,36.85,MEDIUM,1,2016,2,57
2016-02-27,19,78.517031746,1168.4134561829999,1047.434815763,0.0677949655,2.8333333333333335,1.5,0.6666666666666666,1.0,Fishing,Same Day,USCA,Central Africa,Consumer,33.1927,75.8451,125.3035,1.747,1.6521,2.83,0.667,1,522.42,0.5854,63.04,HIGH,2,2016,2,58
2016-02-28,36,170.01291570371427,3415.817457596,3083.16088979,0.06048749392857143,3.2857142857142856,2.7857142857142856,0.42857142857142855,0.5714285714285714,Camping & Hiking,First Class,LATAM,Western Europe,Home Office,71.0556,178.0379,210.6332,1.9738,1.6257,3.29,0.429,0,536.37,1.2676,35.19,MEDIUM,1,2016,2,59
2016-02-29,23,130.3652508702,1565.626558939,1376.655583995,0.0684181936,2.8,2.6,0.6,0.6,Cleats,Standard Class,LATAM,Central America,Home Office,43.9397,84.431,224.3827,1.9104,1.627,2.8,0.6,1,542.08,0.972,62.54,HIGH,2,2016,2,60
2016-03-01,23,161.475495787,3305.039456022,3061.441729104,0.040074261,4.0,2.75,0.5,0.8333333333333334,Men's Footwear,Standard Class,Europe,Eastern Europe,Consumer,47.2354,88.9039,120.8943,2.0537,1.6287,4.0,0.5,1,524.55,1.204,64.61,HIGH,2,2016,3,61
2016-03-02,27,130.01393361233332,2165.3308060669997,1989.90591726,0.04661853,2.7777777777777777,2.7777777777777777,0.4444444444444444,-0.6666666666666666,Cleats,Standard Class,Europe,Central America,Consumer,43.9095,72.2175,175.5797,1.6263,1.6375,2.78,0.444,0,532.71,0.9694,32.75,MEDIUM,1,2016,3,62
2016-03-03,13,156.21459938666666,1512.091619186,1375.184656399,0.08381684900000001,3.0,3.1666666666666665,0.8333333333333334,-0.5,Men's Footwear,First Class,LATAM,Western Europe,Consumer,24.9367,41.4344,88.8497,1.9182,1.6395,3.0,0.833,1,518.44,1.1647,64.44,HIGH,2,2016,3,63
2016-03-04,29,124.15933316533334,2219.553388635,1903.470563637,0.060761995166666666,2.75,2.75,0.25,0.16666666666666666,Cardio Equipment,Standard Class,Europe,Central America,Consumer,57.7385,108.1778,322.6335,1.991,1.669,2.75,0.25,0,564.63,0.9257,33.38,MEDIUM,1,2016,3,64
2016-03-05,33,141.2860089562857,2974.145427092,2828.581314107,0.041193282071428576,3.357142857142857,2.2857142857142856,0.7142857142857143,0.21428571428571427,Indoor/Outdoor Games,First Class,Europe,Western Europe,Consumer,49.5717,104.5892,221.2659,1.5022,1.5287,3.36,0.714,1,537.76,1.0534,61.11,HIGH,2,2016,3,65
2016-03-06,23,151.68195883583334,2573.619843416,2279.159856411,0.047636880166666666,2.5833333333333335,2.9166666666666665,0.3333333333333333,-0.25,Cleats,Standard Class,LATAM,Central America,Consumer,36.5966,86.1267,180.4679,1.5912,1.5811,2.58,0.333,0,537.6,1.1309,32.93,MEDIUM,1,2016,3,66
2016-03-07,15,199.0568148148889,2430.068572529,2232.601035905,0.06944758766666667,3.7777777777777777,2.5555555555555554,0.4444444444444444,0.1111111111111111,Women's Apparel,Standard Class,Europe,South America,Consumer,21.9094,36.5772,111.1211,1.4606,1.6571,3.78,0.444,0,523.44,1.4842,37.98,MEDIUM,1,2016,3,67
2016-03-08,19,181.78493709929998,2584.692090166,2363.510970222,0.0465384193,3.3,2.7,0.7,-0.1,Men's Footwear,Standard Class,Europe,West Asia,Consumer,33.1249,87.529,231.4308,1.7434,1.6407,3.3,0.7,1,544.4,1.3554,66.37,HIGH,2,2016,3,68
2016-03-09,34,137.80175764688235,3520.883093173,3175.936621943,0.04320385664705882,3.2941176470588234,2.8823529411764706,0.7058823529411765,-0.35294117647058826,Cleats,Standard Class,Pacific Asia,Central America,Consumer,65.4248,121.489,319.1047,1.9243,1.6465,3.29,0.706,1,565.25,1.0274,63.2,HIGH,2,2016,3,69
2016-03-10,18,93.71262194055555,1894.586311222,1768.475607494,0.04031991844444444,3.3333333333333335,2.6666666666666665,0.7777777777777778,1.6666666666666667,Indoor/Outdoor Games,Standard Class,Europe,Western Europe,Consumer,37.4645,73.1321,202.6646,2.0814,1.6408,3.33,0.778,1,538.99,0.6987,62.82,HIGH,2,2016,3,70
2016-03-11,25,173.901748817125,2063.276689115,1777.585455166,0.056319458375,3.375,2.25,0.5,-0.375,Cleats,Standard Class,Europe,Central America,Consumer,45.1086,76.1555,104.6234,1.8043,1.6995,3.38,0.5,1,521.17,1.2966,66.96,HIGH,2,2016,3,71
2016-03-12,16,70.225266456375,1050.6560389229999,904.558162776,0.076190609625,3.625,2.5,0.625,0.5,Camping & Hiking,Second Class,LATAM,Central America,Consumer,33.7249,40.7125,124.7676,2.1078,1.6949,3.62,0.625,1,522.93,0.5236,63.9,HIGH,2,2016,3,72
2016-03-13,13,221.957648089625,1987.364383797,1875.002799897,0.059244832125,4.125,2.875,0.75,0.875,Cleats,Second Class,Europe,Oceania,Consumer,20.2818,47.4503,138.2532,1.5601,1.6518,4.12,0.75,1,525.32,1.6549,69.59,HIGH,2,2016,3,73
2016-03-14,25,75.73468204266666,1048.268910513,883.803221653,0.07003129755555555,3.3333333333333335,3.5555555555555554,0.6666666666666666,0.3333333333333333,Fishing,Standard Class,Europe,Central America,Consumer,37.7628,85.7847,141.3221,1.5105,1.6619,3.33,0.667,1,527.31,0.5647,63.24,HIGH,2,2016,3,74
2016-03-15,26,140.11063164854545,3171.4245794109997,2800.097264119,0.07196678536363636,4.181818181818182,2.727272727272727,0.6363636363636364,0.5454545454545454,Cleats,Standard Class,Europe,Northern Europe,Consumer,46.3086,85.8164,185.2716,1.7811,1.6379,4.18,0.636,1,536.73,1.0447,63.2,HIGH,2,2016,3,75
2016-03-16,10,98.60697152775,813.733438532,724.664336479,0.028576558999999998,4.5,4.0,0.75,0.0,Cleats,Standard Class,Europe,Central America,Consumer,18.6115,36.978,85.7646,1.8611,1.4685,4.5,0.75,1,516.76,0.7352,59.37,MEDIUM,1,2016,3,76
2016-03-17,24,92.2089599464,1730.519782221,1574.505863728,0.0311038659,3.5,2.5,0.5,0.3,Cleats,Standard Class,Europe,Caribbean,Consumer,42.8442,93.1216,208.9036,1.7852,1.4223,3.5,0.5,1,538.94,0.6875,58.45,MEDIUM,1,2016,3,77
2016-03-18,30,170.78245341484615,3292.142293223,2973.2253569570003,0.05342535438461538,3.6153846153846154,3.3076923076923075,0.46153846153846156,1.2307692307692308,Indoor/Outdoor Games,Standard Class,LATAM,Central America,Home Office,43.6953,62.6697,165.6322,1.4565,1.4012,3.62,0.462,0,531.93,1.2734,30.76,MEDIUM,1,2016,3,78
2016-03-19,20,123.62760312444445,1767.5696668879998,1600.131581166,0.05201844866666667,4.444444444444445,2.6666666666666665,0.7777777777777778,0.0,Indoor/Outdoor Games,Standard Class,Europe,Central America,Home Office,35.5026,62.6112,242.976,1.7751,1.3071,4.44,0.778,1,549.13,0.9218,56.14,MEDIUM,1,2016,3,79
2016-03-20,11,166.7857923828,1149.889336574,1034.221850059,0.033474468,3.6,2.8,0.2,-0.6,Cardio Equipment,Standard Class,Pacific Asia,West of USA ,Consumer,17.2918,39.7351,136.4413,1.572,1.2409,3.6,0.2,0,527.24,1.2436,27.25,LOW,0,2016,3,80
2016-03-21,18,60.70287096625,1003.79322845,891.005128026,0.072551793875,2.875,3.125,0.25,-0.125,Cleats,Standard Class,LATAM,Western Europe,Consumer,34.4713,52.5842,78.1148,1.9151,1.3042,2.88,0.25,0,515.95,0.4526,26.08,LOW,0,2016,3,81
2016-03-22,12,139.6619542327143,1432.194789826,1218.682885162,0.07130313099999999,3.4285714285714284,2.7142857142857144,0.42857142857142855,0.8571428571428571,Cardio Equipment,Standard Class,LATAM,Western Europe,Consumer,22.2948,46.3496,135.5007,1.8579,1.1771,3.43,0.429,0,526.3,1.0413,23.95,LOW,0,2016,3,82
2016-03-23,16,134.87324643045454,2365.529724036,2124.97235609,0.08513381845454546,3.4545454545454546,2.8181818181818183,0.6363636363636364,0.36363636363636365,Camping & Hiking,Standard Class,Pacific Asia,Western Europe,Consumer,26.0857,38.9866,145.9677,1.6304,1.1672,3.45,0.636,1,531.07,1.0056,53.4,MEDIUM,1,2016,3,83
2016-03-24,14,60.20776257833333,787.8494182640001,701.564004795,0.07513940133333334,4.0,1.8333333333333333,0.3333333333333333,-0.5,Indoor/Outdoor Games,Second Class,Europe,Western Europe,Consumer,23.8184,51.259,138.0084,1.7013,1.1303,4.0,0.333,0,525.96,0.4489,22.61,LOW,0,2016,3,84
2016-03-25,38,139.95490822911765,3227.5312632570003,2796.101539244,0.062375354529411765,3.588235294117647,2.8823529411764706,0.6470588235294118,0.29411764705882354,Camping & Hiking,Standard Class,LATAM,Central America,Consumer,61.2186,119.1604,410.4911,1.611,1.2089,3.59,0.647,1,583.95,1.0435,54.61,MEDIUM,1,2016,3,85
2016-03-26,24,158.84975091253847,2801.843753105,2583.928784506,0.04693292707692308,3.4615384615384617,2.3846153846153846,0.7692307692307693,0.07692307692307693,Men's Footwear,Standard Class,LATAM,Central America,Consumer,42.716,60.6242,288.3078,1.7798,1.2283,3.46,0.769,1,560.5,1.1844,56.41,MEDIUM,1,2016,3,86
2016-03-27,28,139.74475067646154,2843.8963744459998,2617.052437886,0.029157481076923078,3.769230769230769,3.0,0.46153846153846156,0.15384615384615385,Women's Apparel,Standard Class,Europe,South America,Consumer,55.1747,136.5377,459.4084,1.9705,1.4003,3.77,0.462,0,593.23,1.0419,28.43,LOW,0,2016,3,87
2016-03-28,8,83.23996578066667,705.252503884,635.2646286490001,0.04431237633333333,4.0,2.0,0.3333333333333333,0.0,Fishing,Standard Class,Europe,Oceania,Consumer,12.9832,21.9745,56.3839,1.6229,1.3596,4.0,0.333,0,511.11,0.6206,27.19,LOW,0,2016,3,88
2016-03-29,28,173.355729664,2928.339097551,2661.430774333,0.03986916066666667,4.066666666666666,3.2,0.3333333333333333,-0.7333333333333333,Fishing,Standard Class,Europe,Eastern Asia,Consumer,52.7411,87.9257,298.0658,1.8836,1.4145,4.07,0.333,0,558.13,1.2925,31.22,MEDIUM,1,2016,3,89
2016-03-30,21,174.01767309336364,2487.478511516,2294.729150412,0.036364419,3.8181818181818183,3.0,0.5454545454545454,0.09090909090909091,Fishing,Standard Class,Europe,Western Europe,Consumer,35.669,72.7875,180.061,1.6985,1.4194,3.82,0.545,1,538.19,1.2975,61.36,HIGH,2,2016,3,90
2016-03-31,10,169.54904691133333,1606.527131235,1465.90544461,0.029625528333333335,4.0,3.6666666666666665,0.16666666666666666,-0.3333333333333333,Fishing,Standard Class,Europe,Oceania,Consumer,16.545,40.8113,96.7728,1.6545,1.3594,4.0,0.167,0,517.93,1.2642,29.83,MEDIUM,1,2016,3,91
2016-04-01,20,89.670518101,1296.80460764,1147.441859913,0.060590649375,2.75,4.0,0.375,-0.375,Cleats,Standard Class,Europe,Western Europe,Consumer,35.4391,56.7014,117.9009,1.772,1.3839,2.75,0.375,0,521.64,0.6686,27.68,LOW,0,2016,4,92
2016-04-02,16,241.0285616051,2299.5425248439997,2196.140418744,0.030089320000000003,4.3,3.0,0.5,0.5,Men's Footwear,Standard Class,Europe,Central America,Consumer,25.8381,51.2817,208.423,1.6149,1.3522,4.3,0.5,1,541.05,1.7971,65.01,HIGH,2,2016,4,93
2016-04-03,15,116.26864513800001,1502.819739153,1325.024563516,0.07409934342857143,3.857142857142857,3.142857142857143,0.5714285714285714,1.0,Water Sports,Standard Class,LATAM,Western Europe,Corporate,25.4184,54.2923,95.8681,1.6946,1.3666,3.86,0.571,1,521.03,0.8669,57.33,MEDIUM,1,2016,4,94
2016-04-04,14,162.7918655482857,1851.233034502,1675.002288368,0.034980366285714284,4.0,3.7142857142857144,0.5714285714285714,-0.7142857142857143,Men's Footwear,Standard Class,Europe,Northern Europe,Home Office,22.2436,50.0902,201.3801,1.5888,1.3801,4.0,0.571,1,540.81,1.2138,59.74,MEDIUM,1,2016,4,95
2016-04-05,31,131.31308116326667,3223.226341686,2851.203484522,0.05292237526666667,3.533333333333333,2.933333333333333,0.26666666666666666,0.13333333333333333,Men's Footwear,Standard Class,Europe,Central America,Consumer,67.5756,137.2332,384.3967,2.1799,1.3968,3.53,0.267,0,573.88,0.9791,27.94,LOW,0,2016,4,96
2016-04-06,28,166.51883630707692,3311.716977103,3037.590876896,0.07063377507692307,3.923076923076923,3.230769230769231,0.6153846153846154,0.07692307692307693,Men's Footwear,Standard Class,LATAM,Western Europe,Consumer,50.3258,91.6759,132.0978,1.7973,1.401,3.92,0.615,1,525.55,1.2416,60.44,MEDIUM,1,2016,4,97
2016-04-07,16,138.559034504125,1325.930539117,1145.058463322,0.052413562625,3.625,2.25,0.625,0.125,Cardio Equipment,Second Class,Pacific Asia,Southeast Asia,Consumer,26.7197,44.3908,118.7179,1.67,1.4225,3.62,0.625,1,522.76,1.0331,58.78,MEDIUM,1,2016,4,98
2016-04-08,36,75.15051679653847,2001.3126115349999,1755.0273476099999,0.063276026,2.923076923076923,2.6153846153846154,0.46153846153846156,0.38461538461538464,Cardio Equipment,Standard Class,Pacific Asia,Oceania,Corporate,65.8713,131.3781,148.1331,1.8298,1.4066,2.92,0.462,0,527.07,0.5603,28.13,LOW,0,2016,4,99
2016-04-09,14,132.989564932875,1917.407742986,1747.632067939,0.05437084425,4.0,2.5,0.375,-0.25,Camping & Hiking,Standard Class,Europe,Western Europe,Consumer,24.7942,39.2256,114.8124,1.771,1.4161,4.0,0.375,0,524.33,0.9916,28.32,LOW,0,2016,4,100
2016-04-10,31,100.33073637574999,1031.510778092,916.6479181,0.06285867875,3.375,2.875,0.375,0.0,Water Sports,Standard Class,Pacific Asia,Central America,Consumer,54.3083,59.356,190.2665,1.7519,1.3606,3.38,0.375,0,533.8,0.7481,27.21,LOW,0,2016,4,101
2016-04-11,28,103.08878926038462,2113.206644651,1858.591626993,0.09157433484615383,3.3076923076923075,2.923076923076923,0.46153846153846156,0.07692307692307693,Indoor/Outdoor Games,Standard Class,Europe,Central America,Consumer,53.3251,114.0762,218.0192,1.9045,1.3474,3.31,0.462,0,548.11,0.7686,26.95,LOW,0,2016,4,102
2016-04-12,30,150.7183133248125,3259.054570159,2900.2243483429997,0.061656309625,3.3125,2.875,0.6875,0.875,Cardio Equipment,Standard Class,Pacific Asia,Central America,Consumer,57.9589,136.138,334.2708,1.932,1.3772,3.31,0.688,1,569.34,1.1238,58.78,MEDIUM,1,2016,4,103
2016-04-13,6,198.0268246423333,1143.599909739,985.760409452,0.04089477883333333,3.8333333333333335,2.6666666666666665,0.0,-1.3333333333333333,Cleats,Standard Class,LATAM,Western Europe,Consumer,10.1909,12.4542,58.0354,1.6985,1.3209,3.83,0.0,0,512.26,1.4765,31.18,MEDIUM,1,2016,4,104
2016-04-14,32,106.91932997323077,2689.480491993,2422.728334694,0.05643978546153846,3.8461538461538463,2.4615384615384617,0.5384615384615384,0.7692307692307693,Camping & Hiking,Standard Class,LATAM,Central America,Corporate,54.1058,86.6729,170.745,1.6908,1.3089,3.85,0.538,1,532.67,0.7972,56.18,MEDIUM,1,2016,4,105
2016-04-15,20,130.82947373842856,1332.871719795,1262.248221184,0.07942996014285715,3.2857142857142856,3.7142857142857144,0.2857142857142857,-0.14285714285714285,Men's Footwear,Standard Class,Europe,Central America,Consumer,34.8486,77.323,125.5137,1.7424,1.3429,3.29,0.286,0,524.8,0.9755,26.86,LOW,0,2016,4,106
2016-04-16,19,182.52032122420002,2367.239335067,2199.805453207,0.0587885838,4.3,3.1,0.2,-0.2,Men's Footwear,Standard Class,Europe,Central America,Consumer,27.0323,79.9723,315.8612,1.4228,1.3409,4.3,0.2,0,560.45,1.3609,30.43,MEDIUM,1,2016,4,107
2016-04-17,27,122.86016369166667,2192.56780799,2007.127119514,0.05464534408333333,3.25,2.5833333333333335,0.4166666666666667,0.8333333333333334,Men's Footwear,Standard Class,Pacific Asia,Western Europe,Consumer,41.5586,81.8109,382.3577,1.5392,1.366,3.25,0.417,0,575.05,0.916,27.32,LOW,0,2016,4,108
2016-04-18,24,200.25957367733335,2371.645674575,2307.865492938,0.041966214777777774,3.0,2.4444444444444446,0.7777777777777778,1.6666666666666667,Fishing,First Class,LATAM,Central America,Consumer,49.2805,83.519,196.6467,2.0534,1.3793,3.0,0.778,1,540.51,1.4931,62.52,HIGH,2,2016,4,109
2016-04-19,9,185.4585758482,1408.32451265,1257.127839519,0.046178673399999995,3.8,2.2,1.0,1.2,Indoor/Outdoor Games,Standard Class,Europe,South America,Consumer,19.0013,35.9122,120.3169,2.1113,1.3688,3.8,1.0,1,525.23,1.3828,61.2,HIGH,2,2016,4,110
2016-04-20,24,172.89788994955558,2570.667194614,2320.113046425,0.045843950555555554,4.444444444444445,2.7777777777777777,0.6666666666666666,1.3333333333333333,Women's Apparel,Second Class,LATAM,South America,Consumer,41.9273,108.2084,406.92,1.747,1.3568,4.44,0.667,1,578.73,1.2891,60.03,HIGH,2,2016,4,111
2016-04-21,6,160.1371289828,781.402576153,681.174048714,0.0752008496,3.4,2.8,0.8,-0.2,Cleats,Standard Class,Europe,Caribbean,Consumer,11.3839,19.6123,35.5638,1.8973,1.3633,3.4,0.8,1,506.89,1.194,59.21,MEDIUM,1,2016,4,112
2016-04-22,20,122.83396330983334,2783.013448777,2529.851352471,0.05994361283333333,3.25,3.1666666666666665,0.5833333333333334,-0.25,Fishing,Standard Class,Europe,South America,Consumer,36.9529,61.7413,122.5031,1.8476,1.3903,3.25,0.583,1,524.2,0.9158,57.81,MEDIUM,1,2016,4,113
2016-04-23,19,121.416678250875,2215.000956056,2005.833742023,0.06839594237499999,2.875,3.125,0.375,0.125,Men's Footwear,Standard Class,Europe,Oceania,Consumer,46.2987,82.4104,298.1388,2.4368,1.3861,2.88,0.375,0,556.98,0.9053,27.72,LOW,0,2016,4,114
2016-04-24,12,172.75250918700002,1638.574535321,1488.021151631,0.04114738157142857,3.5714285714285716,3.5714285714285716,0.8571428571428571,0.14285714285714285,Men's Footwear,Standard Class,Pacific Asia,South of  USA ,Corporate,24.0384,38.9443,165.1622,2.0032,1.3807,3.57,0.857,1,533.74,1.288,60.49,HIGH,2,2016,4,115
2016-04-25,12,131.18267981616665,1140.050787733,1064.543354201,0.04940604083333333,3.5,4.0,0.6666666666666666,0.6666666666666666,Indoor/Outdoor Games,Standard Class,LATAM,Caribbean,Consumer,21.2191,42.631,122.0745,1.7683,1.3693,3.5,0.667,1,523.55,0.9781,57.39,MEDIUM,1,2016,4,116
2016-04-26,4,221.42040244199998,354.461126765,325.354280655,0.0645487225,5.0,4.0,1.0,0.5,Water Sports,Standard Class,LATAM,Central America,Corporate,6.5112,17.6654,30.5302,1.6278,1.2699,5.0,1.0,1,506.03,1.6509,61.91,HIGH,2,2016,4,117
2016-04-27,34,95.63150991064286,2664.824573812,2368.021332225,0.059223343214285705,3.7857142857142856,3.142857142857143,0.5714285714285714,0.5,Cleats,Standard Class,Europe,Central America,Consumer,51.8577,108.4474,511.2086,1.5252,1.359,3.79,0.571,1,600.71,0.713,57.18,MEDIUM,1,2016,4,118
2016-04-28,14,123.42034704542857,1009.710043955,907.753100686,0.03086818557142857,3.857142857142857,3.2857142857142856,0.5714285714285714,0.5714285714285714,Men's Footwear,Standard Class,LATAM,West of USA ,Consumer,25.5897,47.6969,93.1366,1.8278,1.3824,3.86,0.571,1,517.52,0.9202,57.65,MEDIUM,1,2016,4,119
2016-04-29,27,129.77508546008332,2578.270896884,2261.716037425,0.04480056391666667,2.75,3.3333333333333335,0.5833333333333334,0.9166666666666666,Camping & Hiking,Standard Class,Europe,Eastern Asia,Consumer,44.835,82.9115,173.3852,1.6606,1.3834,2.75,0.583,1,534.66,0.9676,57.67,MEDIUM,1,2016,4,120
2016-04-30,18,178.0602188935,2271.734143011,2173.0302819080002,0.0379229523,3.5,2.3,0.8,0.3,Camping & Hiking,Standard Class,Europe,Southeast Asia,Consumer,27.9644,40.1026,106.3038,1.5536,1.4263,3.5,0.8,1,520.87,1.3276,61.8,HIGH,2,2016,4,121
2016-05-01,7,113.86111576616668,939.244407654,881.91308546,0.027306152166666667,3.6666666666666665,2.1666666666666665,0.6666666666666666,-0.3333333333333333,Camping & Hiking,Second Class,Europe,Central America,Home Office,11.7522,27.4896,111.3642,1.6789,1.3497,3.67,0.667,1,522.01,0.8489,56.99,MEDIUM,1,2016,5,122
2016-05-02,31,94.14076263172727,2077.80607138,1817.14559284,0.07688878972727273,3.6363636363636362,2.909090909090909,0.45454545454545453,-0.09090909090909091,Cleats,Standard Class,Europe,Western Europe,Consumer,49.8301,96.1778,304.9449,1.6074,1.3528,3.64,0.455,0,558.73,0.7019,27.06,LOW,0,2016,5,123
2016-05-03,22,126.1698742289,1849.834875236,1667.4903999599999,0.0713305709,3.4,3.3,0.7,0.0,Camping & Hiking,Standard Class,Pacific Asia,West of USA ,Corporate,46.644,88.1989,239.8079,2.1202,1.3295,3.4,0.7,1,548.66,0.9407,56.59,MEDIUM,1,2016,5,124
2016-05-04,10,121.407242571125,1146.4777434950001,1088.23222031,0.019900383625,2.875,2.75,0.625,1.25,Indoor/Outdoor Games,Standard Class,Europe,Central America,Consumer,19.561,72.6247,200.8375,1.9561,1.3036,2.88,0.625,1,541.82,0.9052,56.07,MEDIUM,1,2016,5,125
2016-05-05,18,190.43527313,2730.770471813,2417.650094699,0.08415399875,3.0,3.3333333333333335,0.5833333333333334,-0.6666666666666666,Cleats,Standard Class,LATAM,Oceania,Consumer,32.2127,67.038,160.057,1.7896,1.2971,3.0,0.583,1,532.26,1.4199,60.14,HIGH,2,2016,5,126
2016-05-06,15,90.0043197144,729.575539248,669.862750113,0.013162657999999999,3.2,2.4,0.8,1.2,Cardio Equipment,Standard Class,LATAM,Caribbean,Corporate,31.1505,52.5424,150.2063,2.0767,1.274,3.2,0.8,1,531.54,0.6711,55.48,MEDIUM,1,2016,5,127
2016-05-07,15,148.08457131687499,1807.5265252309998,1653.0307706059998,0.069389783,3.125,1.875,0.625,0.875,Indoor/Outdoor Games,First Class,Europe,Southern Europe,Consumer,27.074,48.7375,47.2827,1.8049,1.3115,3.12,0.625,1,507.37,1.1041,57.27,MEDIUM,1,2016,5,128
2016-05-08,13,133.07171220214286,1583.9527150029999,1385.5596012620001,0.08372358614285715,3.0,3.142857142857143,0.42857142857142855,-0.42857142857142855,Women's Apparel,Standard Class,Europe,Southeast Asia,Consumer,21.3619,52.691,111.6838,1.6432,1.3459,3.0,0.429,0,522.54,0.9922,26.92,LOW,0,2016,5,129
2016-05-09,40,177.18482649546667,4192.465537071,3844.436350975,0.04250895066666667,4.2,3.066666666666667,0.4,-0.06666666666666667,Indoor/Outdoor Games,Standard Class,Europe,Western Europe,Consumer,83.4275,167.2985,428.0685,2.0857,1.2981,4.2,0.4,0,581.22,1.3211,29.17,MEDIUM,1,2016,5,130
2016-05-10,21,131.953769257,1869.324560881,1648.536603389,0.05173895336363636,3.3636363636363638,2.727272727272727,0.45454545454545453,-0.36363636363636365,Women's Apparel,Standard Class,USCA,South Asia,Consumer,39.694,58.3636,91.7326,1.8902,1.3482,3.36,0.455,0,515.24,0.9838,26.96,LOW,0,2016,5,131
2016-05-11,24,114.82158117820002,2214.7734511,1999.488000493,0.052858627899999996,4.3,3.0,0.8,0.9,Fishing,Standard Class,Europe,Western Europe,Corporate,38.7494,91.2962,245.7618,1.6146,1.3506,4.3,0.8,1,547.38,0.8561,57.01,MEDIUM,1,2016,5,132
2016-05-12,20,110.13341016763637,1836.940345803,1641.5608508960001,0.04818712036363637,3.909090909090909,2.3636363636363638,0.7272727272727273,0.09090909090909091,Women's Apparel,Second Class,Europe,Western Europe,Consumer,35.1451,60.2802,131.9574,1.7573,1.3848,3.91,0.727,1,528.78,0.8212,57.7,MEDIUM,1,2016,5,133
2016-05-13,23,133.4020205258,1852.0381128610002,1711.5357701550001,0.0608770995,3.0,2.8,0.5,0.5,Accessories,Standard Class,LATAM,Southern Europe,Home Office,37.7399,107.6113,467.7729,1.6409,1.4617,3.0,0.5,1,595.74,0.9946,59.23,MEDIUM,1,2016,5,134
2016-05-14,22,163.39795075208335,2334.377773001,2083.986852786,0.05007006833333333,3.25,3.1666666666666665,0.4166666666666667,-0.5,Camping & Hiking,Standard Class,Europe,Central America,Consumer,34.3139,83.4883,340.462,1.5597,1.4769,3.25,0.417,0,568.63,1.2183,31.72,LOW,0,2016,5,135
2016-05-15,32,107.76642845523078,2073.991721002,1904.990807987,0.03814226453846154,3.0,3.0,0.6153846153846154,0.15384615384615385,Cleats,Standard Class,LATAM,Central America,Consumer,62.8745,112.7106,225.1646,1.9648,1.4167,3.0,0.615,1,540.13,0.8035,58.33,MEDIUM,1,2016,5,136
2016-05-16,18,190.9818719813,2428.528301437,2251.336951416,0.050396609700000004,2.7,2.6,0.6,1.3,Indoor/Outdoor Games,First Class,Europe,Southeast Asia,Consumer,39.021,98.8349,220.456,2.1678,1.4194,2.7,0.6,1,543.74,1.424,62.63,HIGH,2,2016,5,137
2016-05-17,13,136.1777963024,1038.473500007,897.930919415,0.0766325284,4.2,2.6,0.8,0.8,Camping & Hiking,Standard Class,LATAM,Central America,Home Office,20.2444,40.2294,92.1812,1.5573,1.4317,4.2,0.8,1,518.83,1.0153,58.79,MEDIUM,1,2016,5,138
2016-05-18,11,171.61170540357142,970.50881055,884.9755669689999,0.09255367271428572,3.5714285714285716,3.4285714285714284,0.42857142857142855,0.8571428571428571,Water Sports,Standard Class,Pacific Asia,Eastern Europe,Corporate,20.8422,48.4572,97.2846,1.8947,1.4269,3.57,0.429,0,519.65,1.2795,31.33,MEDIUM,1,2016,5,139
2016-05-19,22,162.8554596929231,3108.283486289,2821.745900355,0.05615937384615385,3.6923076923076925,3.076923076923077,0.5384615384615384,0.07692307692307693,Indoor/Outdoor Games,Standard Class,LATAM,Central America,Consumer,36.9204,79.747,200.7696,1.6782,1.4606,3.69,0.538,1,536.1,1.2143,61.35,MEDIUM,1,2016,5,140
2016-05-20,13,85.32731817766665,1064.312148323,970.579286812,0.0821342048888889,4.333333333333333,3.4444444444444446,0.6666666666666666,0.3333333333333333,Cleats,Standard Class,Europe,East of USA,Consumer,22.1763,36.7045,66.1908,1.7059,1.469,4.33,0.667,1,512.08,0.6362,59.38,MEDIUM,1,2016,5,141
2016-05-21,30,106.48603665916666,2441.075336321,2169.423986242,0.071865922,3.9166666666666665,3.5,0.4166666666666667,1.0,Cleats,Standard Class,LATAM,Central America,Consumer,50.6401,87.2853,138.1731,1.688,1.4859,3.92,0.417,0,527.44,0.794,29.72,LOW,0,2016,5,142
2016-05-22,10,196.48067321300002,1801.059379473,1674.3637178660001,0.07307158283333333,3.0,2.8333333333333335,0.5,-0.16666666666666666,Women's Apparel,First Class,LATAM,Central America,Consumer,16.4278,39.5716,115.7117,1.6428,1.4343,3.0,0.5,1,523.68,1.465,63.34,HIGH,2,2016,5,143
2016-05-23,18,137.08900944466666,1615.277412945,1516.005861808,0.05885925555555555,3.6666666666666665,3.111111111111111,0.4444444444444444,-0.6666666666666666,Men's Footwear,Standard Class,LATAM,Central America,Consumer,32.3952,59.3946,174.0911,1.7997,1.4427,3.67,0.444,0,530.87,1.0221,29.08,LOW,0,2016,5,144
2016-05-24,16,109.67461024633333,1130.326641476,1003.552530896,0.052152657,3.1666666666666665,3.1666666666666665,0.0,0.0,Women's Apparel,Standard Class,Africa,East Africa,Consumer,26.3714,47.6889,84.6249,1.6482,1.5054,3.17,0.0,0,516.67,0.8177,30.11,MEDIUM,1,2016,5,145
2016-05-25,11,142.939935799125,1750.6065160780001,1602.298384956,0.036049231875,3.375,2.875,0.375,0.5,Fishing,Standard Class,Europe,Central America,Corporate,20.2414,32.781,105.453,1.8401,1.5058,3.38,0.375,0,521.25,1.0658,30.77,MEDIUM,1,2016,5,146
2016-05-26,36,196.57849320173332,3160.364382537,2752.048858129,0.06159751686666667,3.933333333333333,3.066666666666667,0.8,0.5333333333333333,Women's Apparel,Standard Class,Europe,Southern Europe,Consumer,64.1537,136.886,258.0459,1.782,1.4833,3.93,0.8,1,554.67,1.4657,64.32,HIGH,2,2016,5,147
2016-05-27,20,87.55401641071428,1772.817910102,1569.763863061,0.057189551285714284,3.7142857142857144,3.0,0.5714285714285714,0.42857142857142855,Fishing,Standard Class,USCA,Southeast Asia,Consumer,34.9747,103.573,266.114,1.7487,1.3852,3.71,0.571,1,554.61,0.6528,57.7,MEDIUM,1,2016,5,148
2016-05-28,14,175.8599183348,2445.275276768,2201.857125902,0.0643970347,2.6,2.6,0.5,0.8,Fishing,First Class,Europe,South America,Consumer,22.8989,36.2605,113.6234,1.6356,1.3728,2.6,0.5,1,523.54,1.3112,60.57,HIGH,2,2016,5,149
2016-05-29,19,113.55456156166667,838.688889196,718.2953644060001,0.08896268283333335,3.6666666666666665,2.8333333333333335,0.8333333333333334,1.5,Baby ,Second Class,Europe,Central America,Corporate,32.1222,63.2781,147.0564,1.6906,1.3836,3.67,0.833,1,527.89,0.8467,57.67,MEDIUM,1,2016,5,150
2016-05-30,15,154.40101434314286,1959.311879481,1828.317194504,0.05554576271428572,3.857142857142857,3.5714285714285716,0.14285714285714285,-0.7142857142857143,Camping & Hiking,Standard Class,Europe,Caribbean,Corporate,28.9733,75.3367,207.7151,1.9316,1.3335,3.86,0.143,0,538.68,1.1512,28.18,LOW,0,2016,5,151
2016-05-31,21,139.42132344366667,2275.449806515,2033.404206059,0.0673472128888889,3.6666666666666665,3.3333333333333335,0.5555555555555556,0.5555555555555556,Men's Footwear,Standard Class,Europe,Central America,Corporate,39.5435,76.2959,149.7414,1.883,1.4067,3.67,0.556,1,529.12,1.0395,58.53,MEDIUM,1,2016,5,152
2016-06-01,21,91.40611857857142,1270.784844998,1174.867661079,0.05607084457142857,3.5714285714285716,3.7142857142857144,0.7142857142857143,0.14285714285714285,Fishing,Standard Class,Europe,Western Europe,Home Office,34.1087,73.1985,160.6861,1.6242,1.4407,3.57,0.714,1,534.24,0.6815,58.81,MEDIUM,1,2016,6,153
2016-06-02,18,203.39679149875,2090.764235485,1910.799603859,0.022683669125,3.75,2.875,0.5,0.25,Cleats,Standard Class,Europe,Southeast Asia,Consumer,32.5602,51.6123,112.928,1.8089,1.4692,3.75,0.5,1,525.09,1.5165,64.55,HIGH,2,2016,6,154
2016-06-03,17,67.8119571255,1056.7255196639999,954.358986683,0.04113094,3.125,3.25,0.75,-0.25,Cleats,Standard Class,Europe,Western Europe,Corporate,32.8233,70.1017,126.9363,1.9308,1.554,3.12,0.75,1,526.6,0.5056,61.08,HIGH,2,2016,6,155
2016-06-04,27,117.29611427540002,2194.66530301,1984.974573233,0.0493404798,3.4,3.3,0.5,0.4,Shop By Sport,Standard Class,Europe,Western Europe,Consumer,40.9226,77.2774,170.8133,1.5157,1.548,3.4,0.5,1,535.32,0.8746,60.96,HIGH,2,2016,6,156
2016-06-05,18,137.47814952616667,1168.096591705,1047.724500397,0.0603070165,3.0,4.0,0.8333333333333334,-0.5,Cardio Equipment,Standard Class,Europe,Central America,Home Office,34.0386,81.2709,111.1424,1.891,1.5872,3.0,0.833,1,522.91,1.025,61.99,HIGH,2,2016,6,157
2016-06-06,25,126.609446436,2043.464719503,1776.834872923,0.06991427566666666,3.5833333333333335,3.5833333333333335,0.3333333333333333,-0.25,Men's Footwear,Standard Class,LATAM,Central America,Consumer,41.9048,104.17,206.2649,1.6762,1.524,3.58,0.333,0,539.86,0.944,30.48,MEDIUM,1,2016,6,158
2016-06-07,30,90.83054676514287,2682.74924634,2416.004575298,0.06518852614285715,3.5714285714285716,2.4285714285714284,0.6428571428571429,0.14285714285714285,Fishing,Standard Class,Europe,Western Europe,Consumer,56.8857,187.1862,398.3927,1.8962,1.5772,3.57,0.643,1,579.29,0.6772,61.54,HIGH,2,2016,6,159
2016-06-08,15,110.18486478575,1311.615803251,1189.832296522,0.090701956125,3.375,3.0,0.375,0.875,Cardio Equipment,Standard Class,Europe,Central America,Corporate,24.8911,54.7942,117.797,1.6594,1.6554,3.38,0.375,0,526.06,0.8215,33.11,MEDIUM,1,2016,6,160
2016-06-09,8,138.74949563057143,1318.384962675,1206.283461433,0.04477704328571429,2.857142857142857,3.142857142857143,0.2857142857142857,0.0,Indoor/Outdoor Games,Second Class,LATAM,South America,Consumer,11.9621,25.0293,54.0853,1.4953,1.568,2.86,0.286,0,510.06,1.0345,31.71,MEDIUM,1,2016,6,161
2016-06-10,24,197.51467137281819,2812.686089583,2423.532221921,0.08848629936363636,3.272727272727273,3.090909090909091,0.6363636363636364,0.2727272727272727,Camping & Hiking,Standard Class,Europe,Central America,Consumer,36.5283,74.4487,171.3201,1.522,1.5757,3.27,0.636,1,538.14,1.4727,66.24,HIGH,2,2016,6,162
2016-06-11,16,140.03510391242858,1636.342526628,1474.879557693,0.035104261,3.0,2.4285714285714284,0.5714285714285714,0.5714285714285714,Cleats,Standard Class,LATAM,Central America,Consumer,28.7945,52.599,146.283,1.7997,1.5508,3.0,0.571,1,528.74,1.0441,61.46,HIGH,2,2016,6,163
2016-06-12,36,150.1035684696923,3042.488661895,2797.135562464,0.06551155976923076,3.1538461538461537,2.1538461538461537,0.6923076923076923,1.1538461538461537,Cleats,Standard Class,LATAM,Central America,Corporate,66.1734,138.8122,443.2986,1.8381,1.4213,3.15,0.692,1,593.43,1.1192,59.62,MEDIUM,1,2016,6,164
2016-06-13,29,147.8585187107,2227.897767298,2023.503124968,0.0357330131,3.2,3.1,0.4,-0.2,Men's Footwear,Standard Class,Europe,Western Europe,Consumer,47.4488,87.6821,164.2419,1.6362,1.3674,3.2,0.4,0,528.77,1.1024,28.37,LOW,0,2016,6,165
2016-06-14,12,121.04675440316667,1179.804865874,1073.101586135,0.06479284483333334,3.1666666666666665,2.3333333333333335,0.3333333333333333,0.3333333333333333,Cleats,Standard Class,Europe,South America,Consumer,22.9095,46.4507,71.6872,1.9091,1.418,3.17,0.333,0,515.04,0.9025,28.36,LOW,0,2016,6,166
2016-06-15,33,142.4838174205,3300.162086248,2971.307742634,0.0547103825,3.357142857142857,3.2142857142857144,0.42857142857142855,-0.07142857142857142,Men's Footwear,Standard Class,LATAM,Central America,Consumer,50.056,127.716,208.5407,1.5168,1.3803,3.36,0.429,0,539.28,1.0624,28.23,LOW,0,2016,6,167
2016-06-16,24,132.29096469555554,1899.889988983,1789.634391034,0.04456890788888889,3.888888888888889,3.6666666666666665,0.4444444444444444,-0.4444444444444444,Fishing,Standard Class,LATAM,Northern Europe,Corporate,42.7014,68.4478,135.7196,1.7792,1.394,3.89,0.444,0,523.75,0.9864,27.88,LOW,0,2016,6,168
2016-06-17,6,151.8897820088,1129.006946858,955.078639055,0.1095168396,4.8,2.8,0.6,-0.2,Camping & Hiking,Standard Class,Pacific Asia,Eastern Asia,Consumer,9.5205,23.4429,48.7369,1.5867,1.378,4.8,0.6,1,509.88,1.1325,58.88,MEDIUM,1,2016,6,169
2016-06-18,14,149.72657279542858,1655.8979630459999,1500.067478682,0.07096153842857143,3.0,4.0,0.5714285714285714,0.7142857142857143,Women's Apparel,Standard Class,Pacific Asia,Caribbean,Consumer,23.492,59.9332,107.6379,1.678,1.3781,3.0,0.571,1,522.94,1.1164,58.73,MEDIUM,1,2016,6,170
2016-06-19,37,141.01757411483334,2660.377781729,2464.564782758,0.03207218891666667,3.25,2.8333333333333335,0.3333333333333333,-0.08333333333333333,Women's Apparel,Standard Class,Europe,Caribbean,Consumer,66.5827,127.4823,190.4477,1.7995,1.2959,3.25,0.333,0,534.96,1.0514,26.43,LOW,0,2016,6,171
2016-06-20,12,145.61232846457145,1469.200068295,1368.446423307,0.043482751714285714,3.0,4.0,0.14285714285714285,-0.5714285714285714,Cleats,Standard Class,LATAM,Central America,Consumer,19.7204,25.2905,50.695,1.6434,1.3221,3.0,0.143,0,508.34,1.0857,27.3,LOW,0,2016,6,172
2016-06-21,5,123.95519498460001,938.092889451,825.440173459,0.09196053639999999,3.0,2.4,0.8,0.0,Cleats,Standard Class,Europe,Canada,Consumer,8.6173,14.9596,37.4832,1.7235,1.33,3.0,0.8,1,507.45,0.9242,56.6,MEDIUM,1,2016,6,173
2016-06-22,29,73.69146322909091,2177.091297094,1971.47051485,0.08254944745454545,3.727272727272727,2.6363636363636362,0.5454545454545454,0.45454545454545453,Women's Apparel,Standard Class,LATAM,Southeast Asia,Home Office,57.4383,145.9491,422.6561,1.9806,1.4289,3.73,0.545,1,584.28,0.5494,58.58,MEDIUM,1,2016,6,174
2016-06-23,21,96.62507557955556,1349.137093281,1259.756775709,0.059594304555555554,4.444444444444445,4.0,0.1111111111111111,-0.4444444444444444,Accessories,Standard Class,Pacific Asia,West Asia,Consumer,35.5031,69.2826,134.0397,1.6906,1.4193,4.44,0.111,0,527.96,0.7204,28.39,LOW,0,2016,6,175
2016-06-24,33,139.56546117853847,2252.116360059,2089.090048964,0.04994880215384615,3.076923076923077,2.923076923076923,0.6153846153846154,0.9230769230769231,Indoor/Outdoor Games,Standard Class,LATAM,Central America,Consumer,64.2553,103.1465,209.9022,1.9471,1.4181,3.08,0.615,1,545.11,1.0406,58.77,MEDIUM,1,2016,6,176
2016-06-25,21,113.84639220000001,1987.080720404,1841.5621347,0.04990002,3.0,2.5555555555555554,0.6666666666666666,0.6666666666666666,Women's Apparel,Second Class,Europe,East of USA,Consumer,33.5937,59.533,101.213,1.5997,1.4955,3.0,0.667,1,520.12,0.8488,59.91,MEDIUM,1,2016,6,177
2016-06-26,16,67.26103321709091,1652.474518113,1447.900588809,0.07955568299999999,3.909090909090909,3.1818181818181817,0.45454545454545453,-1.0909090909090908,Water Sports,Standard Class,Europe,Central America,Consumer,30.2155,70.0793,162.986,1.8885,1.4837,3.91,0.455,0,535.57,0.5015,29.67,LOW,0,2016,6,178
2016-06-27,30,153.01381689523078,2336.985377191,2129.274311241,0.039414465999999995,4.615384615384615,3.3076923076923075,0.5384615384615384,0.46153846153846156,Women's Apparel,Standard Class,Europe,West of USA ,Consumer,62.0624,135.7255,237.1577,2.0687,1.4779,4.62,0.538,1,548.1,1.1409,60.97,MEDIUM,1,2016,6,179
2016-06-28,11,148.03433530033334,1241.67971097,1092.60440964,0.07594208416666666,3.8333333333333335,3.5,0.5,0.6666666666666666,Indoor/Outdoor Games,Standard Class,Pacific Asia,Caribbean,Consumer,15.3869,28.7569,82.6416,1.3988,1.4627,3.83,0.5,1,516.15,1.1037,60.29,MEDIUM,1,2016,6,180
2016-06-29,37,171.91038183122728,5013.909651998,4653.2354999770005,0.03728906086363636,3.6363636363636362,3.1363636363636362,0.45454545454545453,0.09090909090909091,Cleats,Standard Class,LATAM,Western Europe,Consumer,61.1919,111.4747,140.3003,1.6538,1.4638,3.64,0.455,0,522.1,1.2818,32.09,MEDIUM,1,2016,6,181
2016-06-30,18,140.807656419,1789.399598536,1538.686693979,0.0739157887,3.4,1.7,0.8,0.8,Men's Footwear,Standard Class,Pacific Asia,Central America,Corporate,34.1535,61.9087,128.3591,1.8974,1.4623,3.4,0.8,1,525.2,1.0499,59.75,MEDIUM,1,2016,6,182
2016-07-01,26,104.4735459883125,2548.476902651,2342.5485918589998,0.0713472563125,4.25,2.9375,0.375,0.5625,Cleats,Standard Class,Europe,Central America,Consumer,45.6306,74.3842,194.3522,1.755,1.4602,4.25,0.375,0,538.0,0.779,29.2,LOW,0,2016,7,183
2016-07-02,16,124.1000772429091,1691.653352156,1494.4441842410001,0.05765003390909091,3.1818181818181817,2.909090909090909,0.5454545454545454,0.45454545454545453,Camping & Hiking,Standard Class,Europe,Oceania,Consumer,29.7399,80.5366,201.9651,1.8587,1.4215,3.18,0.545,1,541.93,0.9253,58.43,MEDIUM,1,2016,7,184
2016-07-03,10,193.086583841,1425.969207609,1285.669673314,0.06571531483333333,2.6666666666666665,3.6666666666666665,0.8333333333333334,0.8333333333333334,Men's Footwear,Standard Class,Europe,Southeast Asia,Consumer,16.8605,30.9897,187.0281,1.686,1.3569,2.67,0.833,1,537.87,1.4397,61.53,HIGH,2,2016,7,185
2016-07-04,9,61.690656986166665,664.9418065469999,588.535393567,0.06965303183333332,3.3333333333333335,3.5,0.3333333333333333,-0.5,Women's Apparel,Standard Class,LATAM,Northern Europe,Consumer,16.2594,40.6602,108.0636,1.8066,1.3161,3.33,0.333,0,520.55,0.46,26.32,LOW,0,2016,7,186
2016-07-05,22,130.4274331611,2051.897376753,1893.5800706510001,0.0336899257,4.0,2.9,0.6,0.0,Cleats,Standard Class,Europe,Western Europe,Consumer,38.7938,103.0972,170.5952,1.7634,1.3037,4.0,0.6,1,534.5,0.9725,56.07,MEDIUM,1,2016,7,187
2016-07-06,7,140.1380208912,1038.761831982,920.644125453,0.08244508440000001,2.0,3.4,0.4,-0.2,Cleats,Standard Class,Europe,Caribbean,Consumer,14.0901,33.7265,76.7008,2.0129,1.2754,2.0,0.4,0,515.81,1.0449,25.96,LOW,0,2016,7,188
2016-07-07,33,179.98989065100002,3414.872007463,3149.1182539310003,0.0567090836,3.3333333333333335,3.0,0.4666666666666667,0.13333333333333333,Cleats,Standard Class,Africa,Caribbean,Consumer,60.6268,109.0231,137.6775,1.8372,1.2077,3.33,0.467,0,532.58,1.342,27.57,MEDIUM,1,2016,7,189
2016-07-08,17,158.567304094,1411.630218792,1253.58607055,0.036408812,3.2857142857142856,3.2857142857142856,0.5714285714285714,-0.42857142857142855,Shop By Sport,Standard Class,USCA,Northern Europe,Consumer,31.4928,66.9304,153.0071,1.8525,1.2027,3.29,0.571,1,532.11,1.1823,55.88,MEDIUM,1,2016,7,190
2016-07-09,16,113.34943421977778,1422.352057675,1238.127252756,0.07925683266666667,3.7777777777777777,2.4444444444444446,0.5555555555555556,0.2222222222222222,Indoor/Outdoor Games,Standard Class,Europe,US Center ,Corporate,27.5,53.6508,94.2515,1.7188,1.2205,3.78,0.556,1,520.07,0.8451,54.41,MEDIUM,1,2016,7,191
2016-07-10,15,136.69802579014285,1830.2016478330002,1694.989925761,0.06262234342857144,3.2857142857142856,3.2857142857142856,0.8571428571428571,0.0,Camping & Hiking,Standard Class,Europe,Central America,Consumer,25.5868,41.8664,135.6273,1.7058,1.2086,3.29,0.857,1,527.22,1.0192,54.36,MEDIUM,1,2016,7,192
2016-07-11,17,180.13517560914286,1841.573097086,1769.967790562,0.04488808814285715,3.4285714285714284,3.0,0.42857142857142855,1.0,Cardio Equipment,Standard Class,Europe,Caribbean,Consumer,29.1584,60.9933,118.3285,1.7152,1.2228,3.43,0.429,0,524.33,1.3431,27.89,MEDIUM,1,2016,7,193
2016-07-12,24,142.85458692630772,2671.985038124,2401.699340541,0.05494147746153846,3.923076923076923,2.6153846153846154,0.6923076923076923,0.7692307692307693,Indoor/Outdoor Games,Standard Class,Europe,Caribbean,Consumer,44.714,69.2432,156.3032,1.8631,1.0736,3.92,0.692,1,534.26,1.0651,52.12,MEDIUM,1,2016,7,194
2016-07-13,20,200.14042454522223,1958.576346808,1784.64364428,0.06509121877777778,3.0,3.3333333333333335,0.8888888888888888,0.2222222222222222,Fishing,Standard Class,Europe,Caribbean,Consumer,34.3438,85.3793,160.7257,1.7172,1.0756,3.0,0.889,1,529.48,1.4922,56.43,HIGH,2,2016,7,195
2016-07-14,21,170.750166346,2308.699100772,2044.240133745,0.04699251754545455,3.5454545454545454,3.1818181818181817,0.5454545454545454,0.6363636363636364,Cleats,Standard Class,Europe,Western Europe,Consumer,38.7173,69.1661,298.9119,1.8437,1.1041,3.55,0.545,1,559.05,1.2731,54.81,HIGH,2,2016,7,196
2016-07-15,21,200.59552700777778,2152.683178594,1941.1791992409999,0.03211986133333333,2.4444444444444446,3.5555555555555554,0.4444444444444444,-0.3333333333333333,Fishing,Standard Class,USCA,West Asia,Consumer,46.2864,94.4649,198.5089,2.2041,1.1219,2.44,0.444,0,538.08,1.4956,27.39,MEDIUM,1,2016,7,197
2016-07-16,4,136.782012976,640.349536425,604.262646657,0.029357998666666663,3.6666666666666665,3.3333333333333335,0.6666666666666666,0.3333333333333333,Indoor/Outdoor Games,Standard Class,LATAM,Caribbean,Corporate,7.8162,16.216,72.4165,1.954,1.0692,3.67,0.667,1,514.63,1.0198,51.58,MEDIUM,1,2016,7,198
2016-07-17,20,114.89750258391666,2257.775973614,2037.030007993,0.04187055508333334,3.8333333333333335,2.9166666666666665,0.5833333333333334,1.0833333333333333,Cleats,Standard Class,Europe,Northern Europe,Consumer,34.6715,64.5398,201.7999,1.7336,1.0722,3.83,0.583,1,542.82,0.8567,51.44,MEDIUM,1,2016,7,199
2016-07-18,8,102.12125483850001,842.551719463,732.421258696,0.07659878575000001,4.0,3.25,0.75,1.75,Electronics,Standard Class,LATAM,South America,Consumer,16.1569,35.6174,99.1466,2.0196,1.0434,4.0,0.75,1,519.35,0.7614,50.87,MEDIUM,1,2016,7,200
2016-07-19,32,132.3377787600909,2441.39589533,2132.256515639,0.07184513199999999,3.1818181818181817,2.090909090909091,0.5454545454545454,0.8181818181818182,Cleats,Standard Class,Africa,Eastern Asia,Corporate,55.021,98.0896,262.4285,1.7194,1.0836,3.18,0.545,1,544.84,0.9867,51.67,MEDIUM,1,2016,7,201
2016-07-20,19,139.68458937971428,1584.481267508,1518.881709656,0.021104498428571428,2.4285714285714284,3.142857142857143,0.5714285714285714,0.5714285714285714,Cleats,Standard Class,LATAM,Central America,Consumer,27.7549,64.7685,174.8082,1.4608,1.0457,2.43,0.571,1,534.18,1.0415,51.33,MEDIUM,1,2016,7,202
2016-07-21,14,163.7869450964,1983.941720463,1824.331830289,0.056674464199999997,2.9,2.8,0.6,0.2,Cleats,Standard Class,Pacific Asia,Oceania,Corporate,22.6698,33.9533,40.6639,1.6193,1.1048,2.9,0.6,1,509.41,1.2212,54.31,MEDIUM,1,2016,7,203
2016-07-22,20,133.31272149609092,2101.896275963,1887.1789347679999,0.042954893545454544,3.909090909090909,2.909090909090909,0.5454545454545454,0.5454545454545454,Women's Apparel,Standard Class,Pacific Asia,Southeast Asia,Corporate,29.7087,59.7317,127.3952,1.4854,0.9079,3.91,0.545,1,526.55,0.994,48.16,MEDIUM,1,2016,7,204
2016-07-23,9,74.37774792133334,933.282203059,866.001772751,0.034491553333333334,2.5,2.6666666666666665,0.6666666666666666,1.5,Cameras ,Standard Class,USCA,Northern Europe,Home Office,15.5624,44.9609,142.1153,1.7292,0.8647,2.5,0.667,1,528.81,0.5546,47.29,MEDIUM,1,2016,7,205
2016-07-24,27,117.9331029594,2851.599826115,2494.764507204,0.048728644,3.4,3.066666666666667,0.6666666666666666,0.7333333333333333,Cleats,Standard Class,Pacific Asia,Central America,Corporate,48.4468,77.7537,179.7331,1.7943,0.8798,3.4,0.667,1,535.19,0.8793,47.6,MEDIUM,1,2016,7,206
2016-07-25,21,99.4823022853,1987.834395221,1778.11988747,0.0500357459,4.3,3.2,0.5,0.6,Women's Apparel,Standard Class,USCA,Eastern Europe,Consumer,44.4761,76.1383,109.4837,2.1179,0.8746,4.3,0.5,1,519.21,0.7417,47.49,MEDIUM,1,2016,7,207
2016-07-26,24,174.5981463239,2105.626885748,1872.349024378,0.07239918149999999,4.4,3.3,0.5,0.4,Cardio Equipment,Standard Class,Europe,Central America,Consumer,44.413,96.4922,222.7747,1.8505,0.8929,4.4,0.5,1,545.79,1.3018,50.88,HIGH,2,2016,7,208
2016-07-27,28,141.80694103884616,2663.012189532,2385.239886998,0.056144641,3.1538461538461537,3.3076923076923075,0.6153846153846154,-0.38461538461538464,Women's Apparel,Standard Class,Europe,Northern Europe,Consumer,49.0618,99.6979,425.6521,1.7522,1.1127,3.15,0.615,1,582.79,1.0573,52.83,MEDIUM,1,2016,7,209
2016-07-28,15,117.40138488849999,1273.028706365,1152.988629593,0.064656448875,4.0,3.25,0.375,-0.375,Women's Apparel,Standard Class,LATAM,Central America,Consumer,29.1886,61.3779,223.2972,1.9459,1.094,4.0,0.375,0,547.94,0.8753,21.88,LOW,0,2016,7,210
2016-07-29,16,129.66365730044447,1256.247909034,1118.25077283,0.052729204333333335,3.4444444444444446,2.6666666666666665,0.8888888888888888,0.7777777777777778,Camping & Hiking,Standard Class,Europe,South America,Consumer,22.9717,49.6623,114.2725,1.4357,1.178,3.44,0.889,1,523.77,0.9668,53.56,MEDIUM,1,2016,7,211
2016-07-30,31,205.99484267309091,2910.934140721,2642.830942354,0.05006684718181819,4.363636363636363,3.0,0.5454545454545454,0.2727272727272727,Camping & Hiking,Standard Class,LATAM,Western Europe,Consumer,56.8454,126.5233,415.0815,1.8337,1.2634,4.36,0.545,1,581.22,1.5359,60.63,HIGH,2,2016,7,212
2016-07-31,16,147.8341656399,1744.933229042,1604.600746528,0.059397603,4.0,2.2,0.6,0.1,Cleats,Standard Class,USCA,North Africa,Consumer,30.9528,75.7584,156.6967,1.9345,1.2683,4.0,0.6,1,530.36,1.1023,56.39,MEDIUM,1,2016,7,213
2016-08-01,14,183.04824872914287,1533.06293732,1344.920375689,0.057328228142857145,2.7142857142857144,2.857142857142857,0.5714285714285714,-0.14285714285714285,Women's Apparel,Standard Class,Europe,Western Europe,Consumer,21.6279,46.0209,59.6075,1.5449,1.3258,2.71,0.571,1,511.79,1.3648,60.16,HIGH,2,2016,8,214
2016-08-02,12,197.004565919375,2060.876078443,1875.629419529,0.062267022625,3.375,2.625,0.875,0.375,Cleats,Second Class,Africa,North Africa,Consumer,24.0966,45.0136,76.5881,2.008,1.3949,3.38,0.875,1,515.03,1.4689,62.59,HIGH,2,2016,8,215
2016-08-03,19,151.290703111,1763.863566395,1568.490241764,0.08175842277777777,4.111111111111111,2.4444444444444446,0.5555555555555556,0.7777777777777778,Cleats,Standard Class,USCA,Central America,Corporate,35.201,78.9439,320.7907,1.8527,1.4594,4.11,0.556,1,566.28,1.128,60.47,MEDIUM,1,2016,8,216
2016-08-04,15,72.31618807928571,1365.7472396130001,1267.279801266,0.030361380714285714,4.142857142857143,2.4285714285714284,0.7142857142857143,1.4285714285714286,Men's Footwear,Standard Class,USCA,US Center ,Consumer,25.7725,73.8792,157.8389,1.7182,1.4444,4.14,0.714,1,531.85,0.5392,58.89,MEDIUM,1,2016,8,217
2016-08-05,20,105.0406241962,1475.2216000130002,1341.87886504,0.038651297,3.3,3.5,0.6,0.7,Cleats,Standard Class,USCA,East of USA,Consumer,38.1604,72.8511,157.3187,1.908,1.5009,3.3,0.6,1,530.0,0.7832,60.02,HIGH,2,2016,8,218
2016-08-06,30,180.3215412275,2651.830480309,2312.961931912,0.051748370583333335,3.4166666666666665,3.3333333333333335,0.25,0.4166666666666667,Cleats,Standard Class,LATAM,Central America,Consumer,67.4275,108.7764,230.3021,2.2476,1.515,3.42,0.25,0,551.73,1.3445,33.74,MEDIUM,1,2016,8,219
2016-08-07,23,105.2798919481,2229.797534541,1987.1153941530001,0.0555505559,3.5,3.1,0.2,-0.4,Cardio Equipment,Standard Class,Europe,Western Europe,Consumer,41.9495,102.6198,469.8997,1.8239,1.6527,3.5,0.2,0,594.09,0.785,33.05,MEDIUM,1,2016,8,220
2016-08-08,14,120.522477489875,1456.306832243,1289.1610349759999,0.065253422125,3.0,2.75,0.625,0.625,Cleats,Standard Class,Europe,South Asia,Corporate,25.7045,49.1923,204.356,1.836,1.5846,3.0,0.625,1,541.95,0.8986,61.69,HIGH,2,2016,8,221
2016-08-09,34,162.02611272466666,3848.643945984,3420.444535029,0.06403123113333334,3.8,3.066666666666667,0.6666666666666666,0.06666666666666667,Camping & Hiking,Standard Class,LATAM,Central America,Consumer,58.1608,73.8344,377.45,1.7106,1.5287,3.8,0.667,1,573.42,1.2081,62.65,HIGH,2,2016,8,222
2016-08-10,23,120.45711071722222,1935.950907332,1767.410253486,0.053431678,3.111111111111111,3.111111111111111,0.5555555555555556,0.3333333333333333,Indoor/Outdoor Games,Standard Class,Pacific Asia,South America,Consumer,37.8373,87.8761,195.4497,1.6451,1.5086,3.11,0.556,1,539.93,0.8981,60.17,HIGH,2,2016,8,223
2016-08-11,23,208.0275225625,2066.870661438,1872.735694457,0.08976301187499999,3.625,2.375,0.625,-0.125,Cleats,Standard Class,Europe,Oceania,Consumer,44.76,78.8381,205.5944,1.9461,1.4932,3.62,0.625,1,541.83,1.5511,65.37,HIGH,2,2016,8,224
2016-08-12,25,152.9391918960909,2945.20220957,2675.824341612,0.052077010909090914,3.6363636363636362,2.8181818181818183,0.36363636363636365,0.0,Indoor/Outdoor Games,Standard Class,Pacific Asia,Eastern Europe,Corporate,41.1019,79.1302,109.4328,1.6441,1.52,3.64,0.364,0,517.16,1.1403,31.8,MEDIUM,1,2016,8,225
2016-08-13,33,121.6403149704,2977.042532044,2706.930926259,0.07148904446666667,3.0,3.2,0.8,-0.4,Cleats,Standard Class,Europe,Central America,Corporate,59.5282,124.7104,491.7458,1.8039,1.5674,3.0,0.8,1,605.0,0.907,61.35,HIGH,2,2016,8,226
2016-08-14,14,128.97757320149998,1459.344071707,1359.0560926560001,0.046073699875,4.125,3.125,0.625,0.0,Women's Apparel,Standard Class,LATAM,Central America,Consumer,23.9048,48.6828,76.0692,1.7075,1.5929,4.12,0.625,1,517.02,0.9617,61.86,HIGH,2,2016,8,227
2016-08-15,25,128.8501610845,2373.736046883,2075.906753216,0.0615170005,3.4166666666666665,2.5,0.6666666666666666,0.5833333333333334,Shop By Sport,Standard Class,Europe,Northern Europe,Consumer,46.9724,106.1229,269.215,1.8789,1.6995,3.42,0.667,1,552.85,0.9607,63.99,HIGH,2,2016,8,228
2016-08-16,20,146.33088771677777,1345.52923977,1196.632248319,0.06557715322222223,3.0,2.7777777777777777,0.8888888888888888,0.7777777777777778,Cardio Equipment,Standard Class,LATAM,Central America,Consumer,37.0358,66.5488,106.5826,1.8518,1.7459,3.0,0.889,1,519.11,1.091,65.83,HIGH,2,2016,8,229
2016-08-17,10,189.83353226114286,1559.08815068,1385.624388563,0.06687462314285715,2.7142857142857144,2.5714285714285716,0.5714285714285714,1.2857142857142858,Water Sports,Standard Class,Pacific Asia,Southern Europe,Consumer,19.8683,43.1591,82.5853,1.9868,1.7928,2.71,0.571,1,516.86,1.4154,70.01,HIGH,2,2016,8,230
2016-08-18,23,108.68441268541666,2465.4212016760002,2385.927377383,0.031004488,2.5833333333333335,2.8333333333333335,0.5,-0.4166666666666667,Men's Footwear,Standard Class,Europe,Northern Europe,Consumer,39.1453,72.8583,127.8063,1.702,1.8939,2.58,0.5,1,525.76,0.8104,67.88,HIGH,2,2016,8,231
2016-08-19,22,51.876999596125,948.351554393,837.376273102,0.07160680975,4.5,3.0,0.25,0.5,Men's Footwear,Standard Class,Europe,Central America,Consumer,38.3533,87.1605,165.6762,1.7433,1.9077,4.5,0.25,0,533.92,0.3868,38.15,MEDIUM,1,2016,8,232
2016-08-20,32,157.953346138,3176.373180622,2853.203599166,0.045131104857142855,3.857142857142857,3.0,0.6428571428571429,-0.07142857142857142,Water Sports,Standard Class,LATAM,Central America,Consumer,51.9689,115.2227,224.3516,1.624,1.7987,3.86,0.643,1,545.48,1.1777,67.75,HIGH,2,2016,8,233
2016-08-21,16,172.3449042706667,2297.755319942,2146.565033448,0.04644034955555556,3.2222222222222223,4.0,0.4444444444444444,-0.3333333333333333,Women's Apparel,Second Class,Europe,Western Europe,Consumer,27.411,44.5675,86.5007,1.7132,1.7999,3.22,0.444,0,518.11,1.285,38.85,MEDIUM,1,2016,8,234
2016-08-22,18,173.00728184033335,2143.896813344,1921.202267209,0.07558247311111112,3.4444444444444446,3.5555555555555554,0.5555555555555556,0.2222222222222222,Indoor/Outdoor Games,Second Class,Pacific Asia,Central America,Consumer,33.478,81.5513,256.7081,1.8599,1.8846,3.44,0.556,1,553.95,1.2899,70.59,HIGH,2,2016,8,235
2016-08-23,8,155.59909508357143,1204.463008454,1130.676630241,0.055651792285714284,3.857142857142857,2.857142857142857,0.42857142857142855,0.42857142857142855,Camping & Hiking,Standard Class,Pacific Asia,Southeast Asia,Consumer,15.4549,27.2181,43.4765,1.9319,1.8285,3.86,0.429,0,509.15,1.1601,38.17,MEDIUM,1,2016,8,236
2016-08-24,29,129.61663605524998,2318.845300111,2108.22311899,0.04468703333333333,3.75,2.9166666666666665,0.75,0.3333333333333333,Cardio Equipment,Standard Class,Europe,West Asia,Consumer,47.3642,109.1393,277.2321,1.6332,1.7527,3.75,0.75,1,552.4,0.9664,65.05,HIGH,2,2016,8,237
2016-08-25,9,257.443639701,1269.708371099,1088.804418616,0.04614805,3.8,4.0,0.8,1.2,Camping & Hiking,Standard Class,LATAM,Western Europe,Consumer,17.5837,37.0985,133.607,1.9537,1.6739,3.8,0.8,1,527.95,1.9195,72.67,HIGH,2,2016,8,238
2016-08-26,15,108.98754503725,1598.620699685,1458.640900173,0.039333919375,2.625,2.875,0.625,0.375,Cleats,Standard Class,Europe,Caribbean,Consumer,30.7657,87.1111,171.1613,2.051,1.6312,2.62,0.625,1,536.69,0.8126,62.62,HIGH,2,2016,8,239
2016-08-27,5,150.01886870959999,934.56748067,860.4247472229999,0.055380272200000004,4.2,4.0,0.4,-0.6,Indoor/Outdoor Games,Standard Class,Europe,Central America,Consumer,9.3331,17.4969,32.0018,1.8666,1.6101,4.2,0.4,0,507.98,1.1185,33.39,MEDIUM,1,2016,8,240
2016-08-28,12,234.638837293,1325.0877113420001,1144.155200483,0.0680809892,3.0,2.4,0.6,0.4,Electronics,Second Class,Europe,South America,Consumer,25.9293,47.4016,102.8235,2.1608,1.5856,3.0,0.6,1,519.22,1.7495,69.21,HIGH,2,2016,8,241
2016-08-29,15,137.296358096,997.409545361,927.708379423,0.032590458999999995,2.5,3.3333333333333335,0.5,-0.8333333333333334,Water Sports,Standard Class,LATAM,South America,Consumer,24.8649,48.5562,172.5463,1.6577,1.564,2.5,0.5,1,534.87,1.0237,61.52,HIGH,2,2016,8,242
2016-08-30,18,147.06363859377777,1794.591978787,1650.399571098,0.04744301966666667,3.6666666666666665,2.5555555555555554,0.4444444444444444,0.2222222222222222,Cleats,Standard Class,Europe,Western Europe,Consumer,28.4655,52.5205,132.1824,1.5814,1.5844,3.67,0.444,0,522.69,1.0965,32.65,MEDIUM,1,2016,8,243
2016-08-31,19,123.96946665262499,1758.132953433,1531.365319688,0.1044273795,3.625,3.0,0.75,0.375,Cleats,Standard Class,LATAM,Western Europe,Consumer,28.4843,65.5288,127.9456,1.4992,1.566,3.62,0.75,1,526.64,0.9243,61.32,HIGH,2,2016,8,244
2016-09-01,28,134.1256682944,1843.82453872,1732.672532286,0.0300535353,3.5,3.4,0.6,0.3,Cleats,Standard Class,Europe,Western Europe,Corporate,58.2414,82.6389,230.1838,2.08,1.5379,3.5,0.6,1,544.5,1.0,60.76,HIGH,2,2016,9,245
2016-09-02,24,82.47860797230001,2008.575680527,1866.271240184,0.0910014146,3.2,3.1,0.6,0.2,Camping & Hiking,Standard Class,Europe,West of USA ,Home Office,45.8914,72.8708,116.5041,1.9121,1.573,3.2,0.6,1,527.92,0.615,61.46,HIGH,2,2016,9,246
2016-09-03,18,108.99604407266666,1593.741263212,1509.909751432,0.03987487077777778,3.6666666666666665,3.0,0.6666666666666666,0.1111111111111111,Cleats,Standard Class,Europe,Eastern Asia,Consumer,32.0597,50.764,151.5178,1.7811,1.5937,3.67,0.667,1,528.91,0.8127,61.87,HIGH,2,2016,9,247
2016-09-04,14,129.82919193799998,1531.084503626,1374.148177333,0.07617487,4.0,2.142857142857143,0.7142857142857143,1.0,Fishing,First Class,Europe,Central America,Consumer,25.7862,61.1329,165.8532,1.8419,1.5575,4.0,0.714,1,530.81,0.968,61.15,HIGH,2,2016,9,248
2016-09-05,11,121.360568324125,1637.375297058,1527.5012289899998,0.032482411875,2.375,3.625,0.5,0.625,Fishing,Standard Class,Pacific Asia,Oceania,Corporate,17.6041,48.5893,102.5869,1.6004,1.5676,2.38,0.5,1,520.0,0.9049,61.35,HIGH,2,2016,9,249
2016-09-06,20,151.5261581086,2160.5134318279997,2022.134441697,0.0384957294,3.4,3.2,0.7,0.1,Men's Footwear,Standard Class,Europe,Eastern Asia,Consumer,45.7455,87.8255,153.9899,2.2873,1.4472,3.4,0.7,1,526.85,1.1298,60.24,MEDIUM,1,2016,9,250
2016-09-07,13,187.3933695116,2144.50439785,1904.540184046,0.0353642189,4.3,3.4,0.4,-0.1,Cleats,Standard Class,Europe,Central America,Consumer,23.5861,44.703,77.0723,1.8143,1.4953,4.3,0.4,0,516.39,1.3972,33.88,MEDIUM,1,2016,9,251
2016-09-08,17,89.277423121125,1112.82754601,994.19225856,0.06074277825,4.25,3.5,0.375,-0.25,Men's Footwear,Standard Class,LATAM,Central America,Home Office,30.7823,61.1969,173.5254,1.8107,1.4845,4.25,0.375,0,531.19,0.6657,29.69,LOW,0,2016,9,252
2016-09-09,23,115.7910184343846,2043.909278763,1843.650521519,0.05540888676923077,3.3076923076923075,3.4615384615384617,0.15384615384615385,0.07692307692307693,Cleats,Standard Class,LATAM,Northern Europe,Consumer,44.2944,109.5499,396.0594,1.9258,1.5814,3.31,0.154,0,579.28,0.8633,31.63,MEDIUM,1,2016,9,253
2016-09-10,18,105.30806979288889,1611.317957304,1459.542046725,0.043062940333333334,3.0,3.111111111111111,0.5555555555555556,0.3333333333333333,Indoor/Outdoor Games,Standard Class,LATAM,Central America,Corporate,33.827,55.0882,103.6395,1.8793,1.6163,3.0,0.556,1,516.99,0.7852,62.33,HIGH,2,2016,9,254
2016-09-11,10,239.5746051965714,1852.516467759,1760.438013819,0.02566395371428571,4.571428571428571,2.857142857142857,0.5714285714285714,-0.7142857142857143,Camping & Hiking,Standard Class,Pacific Asia,Oceania,Consumer,18.3157,37.6593,103.9653,1.8316,1.5642,4.57,0.571,1,520.47,1.7863,69.15,HIGH,2,2016,9,255
2016-09-12,22,104.56072427672729,1815.232102299,1558.999643025,0.06995655709090909,3.1818181818181817,2.1818181818181817,0.8181818181818182,0.18181818181818182,Cleats,Standard Class,Europe,Western Europe,Consumer,36.4078,86.7446,98.2534,1.6549,1.4185,3.18,0.818,1,523.27,0.7796,58.37,MEDIUM,1,2016,9,256
2016-09-13,10,183.44323512100001,1649.909063634,1410.353821246,0.0825667685,3.3333333333333335,2.8333333333333335,0.16666666666666666,0.0,Indoor/Outdoor Games,Standard Class,Pacific Asia,Western Europe,Corporate,18.7749,40.686,77.9688,1.8775,1.3815,3.33,0.167,0,515.95,1.3678,31.31,MEDIUM,1,2016,9,257
2016-09-14,28,165.83376366469233,2385.705036123,2159.199720478,0.04271445838461538,3.3846153846153846,2.3076923076923075,0.6923076923076923,0.46153846153846156,Cardio Equipment,Standard Class,LATAM,Central America,Consumer,60.5333,123.2552,286.6974,2.1619,1.3728,3.38,0.692,1,554.92,1.2365,59.82,MEDIUM,1,2016,9,258
2016-09-15,21,189.06108673311113,1760.635989861,1625.464236172,0.04377762266666667,3.5555555555555554,3.5555555555555554,0.5555555555555556,0.6666666666666666,Women's Apparel,Standard Class,LATAM,South America,Corporate,43.028,103.0493,176.2422,2.049,1.3466,3.56,0.556,1,535.18,1.4096,61.03,HIGH,2,2016,9,259
2016-09-16,7,109.96393070166665,821.692641263,702.547525284,0.056336822,3.1666666666666665,3.3333333333333335,0.6666666666666666,-0.5,Fishing,Standard Class,Europe,Western Europe,Consumer,14.7025,16.7855,28.4395,2.1004,1.3659,3.17,0.667,1,505.7,0.8199,57.32,MEDIUM,1,2016,9,260
2016-09-17,28,167.9499794557692,3456.236101607,3059.590244711,0.08377925961538463,4.230769230769231,3.230769230769231,0.6153846153846154,0.9230769230769231,Fishing,Standard Class,Europe,Oceania,Corporate,47.6494,106.9746,199.1204,1.7018,1.3264,4.23,0.615,1,541.15,1.2522,59.05,HIGH,2,2016,9,261
2016-09-18,28,162.73677405058822,3200.898246857,2952.997861237,0.04117040758823529,3.176470588235294,3.1176470588235294,0.7058823529411765,0.7647058823529411,Cleats,Standard Class,LATAM,Central America,Consumer,45.4236,78.1291,203.501,1.6223,1.3008,3.18,0.706,1,536.87,1.2134,58.15,MEDIUM,1,2016,9,262
2016-09-19,28,166.95053218145455,2224.635329829,2054.994831823,0.04644290690909091,3.727272727272727,3.090909090909091,0.6363636363636364,0.5454545454545454,Camping & Hiking,Standard Class,Africa,West Africa,Consumer,49.5218,67.3184,148.2513,1.7686,1.3378,3.73,0.636,1,531.31,1.2448,59.2,MEDIUM,1,2016,9,263
2016-09-20,17,113.88305911799999,1333.794060244,1186.728326982,0.03836782014285715,3.7142857142857144,3.142857142857143,0.7142857142857143,0.8571428571428571,Cleats,Standard Class,Europe,Oceania,Corporate,30.6175,66.4839,71.423,1.801,1.3537,3.71,0.714,1,509.69,0.8491,57.07,MEDIUM,1,2016,9,264
2016-09-21,19,165.47275618788888,1511.02818961,1319.7853205010001,0.049930994666666666,3.2222222222222223,3.0,0.4444444444444444,0.3333333333333333,Fishing,Standard Class,LATAM,Oceania,Consumer,37.9642,97.9565,109.6528,1.9981,1.3628,3.22,0.444,0,520.73,1.2338,29.59,LOW,0,2016,9,265
2016-09-22,27,131.3192758043077,2457.9324458720002,2170.040327117,0.069145815,3.6923076923076925,2.6923076923076925,0.7692307692307693,0.7692307692307693,Cleats,Standard Class,Africa,Southern Africa,Consumer,40.8284,77.8695,148.0681,1.5122,1.3475,3.69,0.769,1,528.3,0.9791,56.95,MEDIUM,1,2016,9,266
2016-09-23,30,113.8870259261875,3115.806653581,2847.494500738,0.0538095734375,2.625,3.1875,0.4375,-0.125,Fishing,Standard Class,Europe,Western Europe,Consumer,62.6109,148.5113,409.8914,2.087,1.4833,2.62,0.438,0,583.88,0.8491,29.67,LOW,0,2016,9,267
2016-09-24,14,121.3398122676,1447.506493589,1263.5048497100001,0.07087240759999999,4.6,2.6,0.4,1.0,Men's Footwear,Standard Class,Europe,Caribbean,Consumer,24.6812,66.7962,60.0429,1.7629,1.5877,4.6,0.4,0,512.04,0.9047,31.75,MEDIUM,1,2016,9,268
2016-09-25,10,141.271608265875,1248.341568286,1183.206336147,0.021565857375,4.125,2.625,0.625,0.5,Water Sports,Standard Class,LATAM,South America,Consumer,17.1618,43.7641,86.3966,1.7162,1.5816,4.12,0.625,1,515.87,1.0533,62.16,HIGH,2,2016,9,269
2016-09-26,7,143.31501033875,794.430464589,683.1687666,0.086326793,3.25,2.25,0.25,0.25,Cleats,Second Class,USCA,Central America,Consumer,11.3304,30.8343,60.3089,1.6186,1.5851,3.25,0.25,0,511.37,1.0686,32.39,MEDIUM,1,2016,9,270
2016-09-27,26,146.83040965984617,2626.002765674,2286.936449115,0.05756199746153846,3.6923076923076925,3.230769230769231,0.5384615384615384,-0.38461538461538464,Cleats,Standard Class,LATAM,Western Europe,Consumer,39.4643,89.7448,343.0682,1.5179,1.6483,3.69,0.538,1,569.13,1.0948,63.91,HIGH,2,2016,9,271
2016-09-28,26,134.06982291290907,2493.719121089,2293.000740989,0.04784801890909091,2.5454545454545454,3.272727272727273,0.36363636363636365,0.45454545454545453,Women's Apparel,Standard Class,LATAM,Central America,Consumer,50.562,100.6284,206.7928,1.9447,1.658,2.55,0.364,0,541.15,0.9996,33.16,MEDIUM,1,2016,9,272
2016-09-29,19,98.55756506218182,1899.820571811,1697.025225366,0.05404174972727272,3.1818181818181817,3.3636363636363638,0.5454545454545454,0.7272727272727273,Women's Apparel,Standard Class,Europe,Central America,Consumer,34.2798,48.7796,131.1574,1.8042,1.6624,3.18,0.545,1,525.13,0.7348,63.25,HIGH,2,2016,9,273
2016-09-30,29,81.11797685766668,1670.124819094,1530.522974699,0.034053062833333335,3.5833333333333335,3.5,0.5833333333333334,0.25,Water Sports,Standard Class,LATAM,Caribbean,Consumer,45.6538,85.2017,210.5034,1.5743,1.6176,3.58,0.583,1,540.71,0.6048,62.35,HIGH,2,2016,9,274
2016-10-01,29,146.3869388570909,2428.8614970959998,2111.86025879,0.09529339618181817,4.0,2.6363636363636362,0.45454545454545453,0.09090909090909091,Water Sports,Second Class,USCA,Oceania,Consumer,45.6304,75.571,84.3028,1.5735,1.6625,4.0,0.455,0,518.88,1.0915,34.16,MEDIUM,1,2016,10,275
2016-10-02,17,108.926378174,1359.764007154,1167.925839165,0.14054547925,3.25,2.75,0.25,-0.125,Men's Footwear,Second Class,Europe,US Center ,Consumer,29.442,89.0998,274.1487,1.7319,1.6299,3.25,0.25,0,553.95,0.8122,32.6,MEDIUM,1,2016,10,276
2016-10-03,17,147.53165303957144,1324.228793067,1180.526891815,0.07289045028571428,3.142857142857143,2.7142857142857144,0.2857142857142857,0.42857142857142855,Indoor/Outdoor Games,Standard Class,Pacific Asia,West Asia,Consumer,35.9778,68.0928,172.6561,2.1163,1.6179,3.14,0.286,0,534.38,1.1,33.36,MEDIUM,1,2016,10,277
2016-10-04,22,134.572734324,1782.414286646,1678.9417091359999,0.043257744,3.5454545454545454,2.727272727272727,0.7272727272727273,0.0,Indoor/Outdoor Games,Standard Class,Europe,Central America,Consumer,38.3928,77.1428,216.7171,1.7451,1.6457,3.55,0.727,1,548.12,1.0034,62.95,HIGH,2,2016,10,278
2016-10-05,15,181.45120625177776,2048.3519038980003,1989.120387408,0.019776525000000003,3.6666666666666665,3.5555555555555554,0.5555555555555556,0.4444444444444444,Fishing,Standard Class,Pacific Asia,Central America,Consumer,23.1159,50.6008,470.2153,1.5411,1.795,3.67,0.556,1,591.91,1.3529,69.43,HIGH,2,2016,10,279
2016-10-06,11,203.6494628235,2277.041154402,2068.352743134,0.073125293125,3.5,2.375,0.625,1.0,Camping & Hiking,First Class,Europe,Western Europe,Consumer,19.223,38.0148,43.1023,1.7475,1.7999,3.5,0.625,1,506.58,1.5184,71.18,HIGH,2,2016,10,280
2016-10-07,35,156.43139112845455,2332.564301932,2144.53958197,0.06151124327272728,3.4545454545454546,3.272727272727273,0.45454545454545453,-0.36363636363636365,Fishing,Standard Class,Europe,Northern Europe,Consumer,60.9993,167.8414,721.7684,1.7428,2.0671,3.45,0.455,0,647.1,1.1664,43.01,MEDIUM,1,2016,10,281
2016-10-08,22,138.769728142125,1841.983338144,1679.17319227,0.05247311525,4.125,2.625,0.625,1.375,Cleats,First Class,USCA,South America,Consumer,30.0884,52.0788,110.7407,1.3677,2.1227,4.12,0.625,1,520.66,1.0347,72.8,HIGH,2,2016,10,282
2016-10-09,35,109.10753776253334,2754.013032163,2542.109573842,0.06393514859999999,3.533333333333333,2.7333333333333334,0.4666666666666667,0.06666666666666667,Camping & Hiking,Standard Class,Pacific Asia,Central America,Corporate,62.3464,127.0745,330.425,1.7813,2.0351,3.53,0.467,0,564.97,0.8135,40.7,MEDIUM,1,2016,10,283
2016-10-10,14,96.57722811139999,801.727399227,744.136800779,0.0296911442,4.6,3.4,1.0,1.8,Cameras ,Standard Class,Europe,East of USA,Consumer,24.5019,41.4051,95.8242,1.7501,2.0066,4.6,1.0,1,518.07,0.7201,70.13,HIGH,2,2016,10,284
2016-10-11,21,249.35212972775,1830.452990245,1690.547105532,0.057908633875000004,5.0,2.5,0.5,-0.125,Camping & Hiking,Standard Class,Europe,Central America,Consumer,40.3233,60.7078,123.0549,1.9202,2.0968,5.0,0.5,1,524.07,1.8592,80.53,HIGH,2,2016,10,285
2016-10-12,19,194.17959966150002,1890.555128994,1635.536705299,0.0784941545,3.4,3.7,0.6,0.5,Cleats,Standard Class,Europe,South America,Consumer,40.9406,71.0167,136.7992,2.1548,2.0618,3.4,0.6,1,530.4,1.4478,75.71,HIGH,2,2016,10,286
2016-10-13,17,75.01085875211112,1169.430334786,1052.769346518,0.03489579111111111,4.0,2.7777777777777777,0.3333333333333333,-0.2222222222222222,Indoor/Outdoor Games,Standard Class,LATAM,Western Europe,Consumer,34.0782,66.3137,174.9964,2.0046,2.0919,4.0,0.333,0,536.36,0.5593,41.84,MEDIUM,1,2016,10,287
2016-10-14,16,171.71968244142857,1608.882360034,1545.1136337340001,0.026451261142857143,3.857142857142857,2.4285714285714284,0.42857142857142855,1.0,Camping & Hiking,First Class,USCA,Central Asia,Consumer,27.8961,50.1879,69.3942,1.7435,2.1557,3.86,0.429,0,515.26,1.2803,45.92,MEDIUM,1,2016,10,288
2016-10-15,27,142.18497792191667,2184.623020261,1989.373997485,0.059926124000000004,2.9166666666666665,2.5,0.75,1.0,Cleats,Standard Class,Europe,Western Europe,Corporate,43.2921,73.8942,225.9644,1.6034,2.1365,2.92,0.75,1,541.37,1.0601,73.33,HIGH,2,2016,10,289
2016-10-16,13,238.47878889750004,1612.7576580549999,1476.474150652,0.04729972133333333,3.8333333333333335,4.0,0.16666666666666666,-0.6666666666666666,Cleats,Standard Class,Europe,Central America,Consumer,30.1165,44.5653,90.5886,2.3167,2.1929,3.83,0.167,0,516.62,1.7781,51.64,MEDIUM,1,2016,10,290
2016-10-17,14,109.746898922875,1366.333883547,1204.639258222,0.049985093125,3.125,2.5,0.5,0.625,Fishing,Standard Class,Europe,Central America,Consumer,25.2232,48.6325,77.0002,1.8017,2.2129,3.12,0.5,1,511.43,0.8183,74.26,HIGH,2,2016,10,291
2016-10-18,13,169.18911124866668,2157.726165183,1977.666051087,0.035694498000000005,3.6666666666666665,2.6666666666666665,0.6666666666666666,0.3333333333333333,Fishing,Standard Class,Europe,Western Europe,Consumer,23.3157,33.8295,67.9565,1.7935,2.2354,3.67,0.667,1,512.54,1.2615,77.32,HIGH,2,2016,10,292
2016-10-19,26,120.044972434,1883.173124521,1688.665404437,0.06604082211111112,2.4444444444444446,2.3333333333333335,0.7777777777777778,0.3333333333333333,Cleats,Standard Class,LATAM,West Asia,Consumer,46.4544,106.0201,387.0957,1.7867,2.2175,2.44,0.778,1,579.91,0.8951,74.35,HIGH,2,2016,10,293
2016-10-20,17,117.5433721241111,2161.6758659800003,1977.783184924,0.03710258611111111,3.3333333333333335,2.7777777777777777,0.6666666666666666,0.5555555555555556,Cleats,Standard Class,LATAM,Central America,Consumer,31.0565,61.8953,120.6769,1.8269,2.1834,3.33,0.667,1,525.01,0.8764,73.67,HIGH,2,2016,10,294
2016-10-21,17,152.9983069134,2627.407958495,2317.095890989,0.0504483,3.4,3.5,0.5,-0.2,Cardio Equipment,Standard Class,LATAM,Oceania,Consumer,30.011,43.9565,117.1787,1.7654,2.1653,3.4,0.5,1,523.06,1.1408,74.71,HIGH,2,2016,10,295
2016-10-22,25,120.54710628855554,1569.274516771,1437.87692534,0.06125118911111111,3.888888888888889,2.888888888888889,0.6666666666666666,0.4444444444444444,Water Sports,Standard Class,USCA,Western Europe,Corporate,42.2792,77.9137,141.8553,1.6912,2.1778,3.89,0.667,1,528.32,0.8988,73.56,HIGH,2,2016,10,296
2016-10-23,15,224.501199745875,1792.2177950320001,1574.080569649,0.078503380375,2.875,3.375,0.875,0.125,Cleats,Standard Class,Europe,West of USA ,Consumer,25.4356,42.8998,131.5228,1.6957,2.2103,2.88,0.875,1,525.27,1.6739,80.94,HIGH,2,2016,10,297
2016-10-24,20,128.62327115766666,1576.899518538,1473.028740713,0.036765963666666665,3.7777777777777777,2.6666666666666665,0.6666666666666666,-0.1111111111111111,Fishing,First Class,LATAM,Central America,Corporate,35.7033,74.6064,223.005,1.7852,2.1674,3.78,0.667,1,545.01,0.959,73.35,HIGH,2,2016,10,298
2016-10-25,14,161.4873085298,2528.189433873,2278.897685889,0.0452010754,2.7,3.1,0.8,0.6,Cleats,Standard Class,Europe,Caribbean,Home Office,23.7481,60.8699,273.3608,1.6963,2.1523,2.7,0.8,1,555.74,1.204,75.09,HIGH,2,2016,10,299
2016-10-26,21,146.16741931363637,1956.733243061,1769.686684301,0.04505283381818182,3.1818181818181817,3.5454545454545454,0.2727272727272727,-0.5454545454545454,Cardio Equipment,Standard Class,Europe,Central America,Consumer,35.0237,47.1879,104.3479,1.6678,2.319,3.18,0.273,0,517.48,1.0898,47.28,MEDIUM,1,2016,10,300
2016-10-27,21,179.5245834737,2784.465288315,2475.897779676,0.06338825379999999,3.9,2.5,0.6,0.4,Fishing,Standard Class,Europe,Western Europe,Consumer,38.0139,76.2566,226.5973,1.8102,2.3356,3.9,0.6,1,545.95,1.3385,80.1,HIGH,2,2016,10,301
2016-10-28,19,78.654337637,1029.392907681,940.2965423379999,0.033321493,4.285714285714286,2.5714285714285716,0.5714285714285714,0.7142857142857143,Men's Footwear,Standard Class,Europe,Central America,Consumer,33.1727,62.982,153.2718,1.7459,2.3668,4.29,0.571,1,532.43,0.5864,77.34,HIGH,2,2016,10,302
2016-10-29,26,147.94627320742856,2949.651122995,2633.424778874,0.05225919128571428,3.7142857142857144,3.2142857142857144,0.5714285714285714,0.8571428571428571,Men's Footwear,Standard Class,Europe,Western Europe,Consumer,54.1243,121.3523,449.1215,2.0817,2.3496,3.71,0.571,1,588.75,1.1031,78.02,HIGH,2,2016,10,303
2016-10-30,30,141.46312745999998,2928.560791651,2720.786995331,0.03865999335714286,4.428571428571429,2.9285714285714284,0.42857142857142855,0.7142857142857143,Cleats,Second Class,LATAM,Central America,Corporate,41.2185,84.3246,154.1803,1.3739,2.3607,4.43,0.429,0,532.94,1.0547,47.76,MEDIUM,1,2016,10,304
2016-10-31,19,195.525775017875,2410.325972812,2223.946741463,0.037972760625,4.625,3.625,0.5,-0.125,Indoor/Outdoor Games,Standard Class,Europe,Central America,Consumer,37.9541,64.0158,195.3753,1.9976,2.3331,4.62,0.5,1,544.42,1.4578,81.24,HIGH,2,2016,10,305
2016-11-01,16,172.49173818575,3173.271033308,2950.667533473,0.06339268708333333,2.5833333333333335,3.0,0.6666666666666666,1.0,Cleats,Standard Class,Europe,West of USA ,Consumer,32.4592,59.6993,131.1336,2.0287,2.3767,2.58,0.667,1,526.06,1.2861,80.4,HIGH,2,2016,11,306
2016-11-02,29,99.07568565353846,2031.023451495,1767.3217578889999,0.053911539999999994,2.3846153846153846,2.8461538461538463,0.5384615384615384,0.3076923076923077,Men's Footwear,Standard Class,Pacific Asia,Western Europe,Consumer,42.2136,70.5757,162.2698,1.4556,2.3575,2.38,0.538,1,533.59,0.7387,77.15,HIGH,2,2016,11,307
2016-11-03,21,150.91698465741666,2435.338888837,2184.3285745050002,0.050955105,3.1666666666666665,2.0833333333333335,0.8333333333333334,1.3333333333333333,Cleats,Second Class,Europe,Northern Europe,Consumer,36.3444,88.3573,214.5501,1.7307,2.3568,3.17,0.833,1,541.36,1.1252,78.39,HIGH,2,2016,11,308
2016-11-04,12,125.36371813271428,1115.823536063,1014.700375233,0.048254410571428576,3.5714285714285716,2.857142857142857,0.2857142857142857,0.14285714285714285,Men's Footwear,Standard Class,Europe,Eastern Asia,Consumer,20.7086,40.7705,104.7193,1.7257,2.3151,3.57,0.286,0,521.16,0.9347,46.3,MEDIUM,1,2016,11,309
2016-11-05,20,119.4505236735,1134.6021255619999,961.528974503,0.13243621283333332,2.8333333333333335,3.1666666666666665,0.5,0.0,Cleats,Standard Class,LATAM,South America,Corporate,31.1174,89.2243,201.4444,1.5559,2.3251,2.83,0.5,1,541.21,0.8906,76.5,HIGH,2,2016,11,310
2016-11-06,18,97.76763721328572,1320.06445456,1158.334551163,0.09523373385714286,3.857142857142857,2.857142857142857,0.42857142857142855,-0.5714285714285714,Cleats,Standard Class,USCA,Central Africa,Corporate,29.8259,57.7655,146.4351,1.657,1.8777,3.86,0.429,0,529.64,0.729,37.55,MEDIUM,1,2016,11,311
2016-11-07,14,99.15550732128573,1321.064282121,1237.7466370910001,0.03965891628571429,3.4285714285714284,3.142857142857143,0.14285714285714285,-0.7142857142857143,Camping & Hiking,Standard Class,Pacific Asia,Central America,Consumer,22.4387,38.1777,155.9654,1.6028,1.7956,3.43,0.143,0,529.77,0.7393,35.91,MEDIUM,1,2016,11,312
2016-11-08,31,140.3900397084,2378.353745561,2204.323647588,0.06069148473333333,3.6,2.6666666666666665,0.4666666666666667,0.8,Cardio Equipment,Standard Class,LATAM,Western Europe,Consumer,66.155,95.8137,318.096,2.134,1.8834,3.6,0.467,0,564.26,1.0467,38.14,MEDIUM,1,2016,11,313
2016-11-09,28,178.3090519455714,2750.633607665,2508.848641914,0.061766845,2.5714285714285716,2.5,0.6428571428571429,-0.8571428571428571,Fishing,Standard Class,Pacific Asia,Central Africa,Consumer,55.0675,75.2697,239.9242,1.9667,1.83,2.57,0.643,1,552.08,1.3295,69.89,HIGH,2,2016,11,314
2016-11-10,14,163.5446026762222,1934.292072158,1761.392842324,0.060916737444444445,3.0,3.0,0.4444444444444444,0.3333333333333333,Cleats,Standard Class,Europe,East of USA,Corporate,28.4742,40.663,81.526,2.0339,1.8132,3.0,0.444,0,516.93,1.2194,38.46,MEDIUM,1,2016,11,315
2016-11-11,8,137.89215034783334,1435.744644758,1268.254435326,0.053447834,2.8333333333333335,2.5,0.5,-1.0,Books ,Standard Class,Europe,South America,Consumer,15.4004,31.8478,54.8594,1.9251,1.7335,2.83,0.5,1,511.74,1.0281,64.95,HIGH,2,2016,11,316
2016-11-12,13,166.0761775315,2197.211461816,2054.412952048,0.04517854475,1.875,3.375,0.875,1.375,Men's Footwear,Standard Class,Europe,Southern Europe,Consumer,20.7975,45.1379,148.2825,1.5998,1.7047,1.88,0.875,1,529.35,1.2383,66.48,HIGH,2,2016,11,317
2016-11-13,13,191.86775759374999,1731.72120213,1524.358298527,0.07102515100000001,3.125,4.0,0.125,-0.5,Water Sports,Standard Class,USCA,West Asia,Consumer,22.0935,31.5695,100.8718,1.6995,1.6456,3.12,0.125,0,521.15,1.4306,37.22,MEDIUM,1,2016,11,318
2016-11-14,22,94.389691377,1062.235219651,981.841847595,0.060220331875,3.75,2.5,0.5,0.375,Women's Apparel,Second Class,LATAM,Central America,Consumer,41.3787,97.0204,381.9909,1.8809,1.7514,3.75,0.5,1,577.01,0.7038,65.03,HIGH,2,2016,11,319
2016-11-15,21,194.62503829042856,3901.953230432,3590.7704224179997,0.05052908742857143,4.357142857142857,2.357142857142857,0.5,0.35714285714285715,Men's Footwear,Second Class,Pacific Asia,Southern Europe,Home Office,33.2846,59.242,112.7619,1.585,1.7869,4.36,0.5,1,520.56,1.4511,70.25,HIGH,2,2016,11,320
2016-11-16,22,172.56107669055555,1773.670063192,1569.467943377,0.037602765333333336,4.666666666666667,2.7777777777777777,0.5555555555555556,-0.5555555555555556,Fishing,Standard Class,Europe,Caribbean,Consumer,42.3145,85.4247,185.3662,1.9234,1.7606,4.67,0.556,1,537.77,1.2866,68.08,HIGH,2,2016,11,321
2016-11-17,24,140.84218989166666,1964.017523892,1764.9025747379999,0.09957600066666666,3.7777777777777777,2.5555555555555554,0.4444444444444444,1.0,Men's Footwear,Standard Class,LATAM,Western Europe,Consumer,41.9638,113.5677,150.4485,1.7485,1.7493,3.78,0.444,0,527.71,1.0501,35.49,MEDIUM,1,2016,11,322
2016-11-18,15,134.00964994075,1507.590406798,1409.743689184,0.021038776874999998,3.875,3.125,0.375,-0.125,Fishing,Standard Class,LATAM,Canada,Consumer,25.877,60.6955,124.4054,1.7251,1.6759,3.88,0.375,0,523.93,0.9992,33.52,MEDIUM,1,2016,11,323
2016-11-19,17,156.51655390230002,2606.973145743,2278.93013128,0.09397844749999999,4.1,3.4,0.5,0.5,Men's Footwear,Standard Class,Europe,Central America,Consumer,32.6909,60.736,202.4266,1.923,1.6402,4.1,0.5,1,540.81,1.167,64.47,HIGH,2,2016,11,324
2016-11-20,12,168.8759399882857,1434.394424372,1309.763616672,0.05990647328571429,2.857142857142857,3.7142857142857144,0.5714285714285714,-0.5714285714285714,Cardio Equipment,Standard Class,Pacific Asia,Central America,Corporate,22.4686,36.8564,73.6111,1.8724,1.6252,2.86,0.571,1,515.08,1.2591,65.1,HIGH,2,2016,11,325
2016-11-21,18,130.4014897275,2609.892528137,2286.854603881,0.05888148066666667,3.6666666666666665,3.3333333333333335,0.5833333333333334,0.75,Women's Apparel,Standard Class,Europe,Southeast Asia,Consumer,31.0955,39.6403,116.6356,1.7275,1.6485,3.67,0.583,1,521.19,0.9723,62.97,HIGH,2,2016,11,326
2016-11-22,6,143.429503796,924.382211,776.936101184,0.17853368125,3.5,4.0,0.0,-1.5,Fishing,Standard Class,Europe,Central America,Consumer,12.0671,20.4871,45.0675,2.0112,1.5838,3.5,0.0,0,509.65,1.0694,32.37,MEDIUM,1,2016,11,327
2016-11-23,19,101.82588383914286,1526.352920862,1355.099202144,0.09513713171428571,3.2857142857142856,3.0,0.5714285714285714,0.0,Shop By Sport,Second Class,LATAM,Caribbean,Corporate,30.5425,57.3998,151.1845,1.6075,1.5974,3.29,0.571,1,531.32,0.7592,61.95,HIGH,2,2016,11,328
2016-11-24,30,106.5904513733,1963.1159826399999,1790.096579809,0.0542711033,3.7,3.4,0.3,-0.5,Cleats,Standard Class,Europe,Northern Europe,Consumer,57.1442,91.954,144.6964,1.9048,1.5832,3.7,0.3,0,526.83,0.7947,31.66,MEDIUM,1,2016,11,329
2016-11-25,21,139.608292221375,3471.856916418,3170.530541161,0.0398403560625,3.3125,3.0,0.375,-0.5,Men's Footwear,Standard Class,Europe,Eastern Asia,Consumer,39.9097,76.2117,184.6347,1.9005,1.5449,3.31,0.375,0,533.7,1.0409,31.31,MEDIUM,1,2016,11,330
2016-11-26,13,100.24259710833333,682.383748042,576.869111953,0.07519105616666667,3.5,3.3333333333333335,0.5,0.6666666666666666,Women's Apparel,Second Class,Europe,Caribbean,Consumer,22.5736,44.9387,37.0935,1.7364,1.6058,3.5,0.5,1,507.23,0.7474,62.12,HIGH,2,2016,11,331
2016-11-27,7,86.99140450499999,497.18420943,453.961430985,0.047204044249999993,3.0,3.0,0.75,0.75,Cleats,Standard Class,Europe,Western Europe,Corporate,12.9528,24.2759,53.4696,1.8504,1.5586,3.0,0.75,1,510.38,0.6486,61.17,HIGH,2,2016,11,332
2016-11-28,11,225.18801730042858,1507.052695227,1347.78760913,0.057106326285714284,4.428571428571429,2.2857142857142856,0.42857142857142855,0.2857142857142857,Women's Apparel,Second Class,Europe,Central America,Corporate,17.3844,29.9257,39.7692,1.5804,1.3933,4.43,0.429,0,508.08,1.679,34.66,MEDIUM,1,2016,11,333
2016-11-29,25,80.1689830759,1301.516943379,1101.213450044,0.0683926207,2.9,3.6,0.5,0.1,Men's Footwear,Standard Class,LATAM,Central America,Consumer,49.1101,99.5782,357.1237,1.9644,1.5232,2.9,0.5,1,570.52,0.5977,60.46,HIGH,2,2016,11,334
2016-11-30,23,102.49248325525,1352.996724029,1237.965719893,0.06508385475,3.0,2.75,0.375,-0.25,Cleats,Standard Class,LATAM,Western Europe,Consumer,40.4388,86.6023,267.3234,1.7582,1.5342,3.0,0.375,0,548.85,0.7642,30.68,MEDIUM,1,2016,11,335
2016-12-01,17,131.13807627736364,1998.665833882,1820.2524150959998,0.06016038354545455,3.909090909090909,3.0,0.6363636363636364,-0.18181818181818182,Cleats,Standard Class,LATAM,Western Europe,Consumer,28.8967,45.5493,126.112,1.6998,1.5415,3.91,0.636,1,524.56,0.9778,60.83,HIGH,2,2016,12,336
2016-12-02,28,126.5715235904,2135.194388369,1889.1294106569999,0.06703956800000001,3.6,3.0,0.5,0.3,Camping & Hiking,Standard Class,Pacific Asia,Eastern Asia,Consumer,55.6951,144.7815,579.7626,1.9891,1.8848,3.6,0.5,1,615.1,0.9437,67.7,HIGH,2,2016,12,337
2016-12-03,24,99.11032582615385,2441.280104724,2203.103351763,0.050961994923076924,3.3846153846153846,3.076923076923077,0.6153846153846154,-0.15384615384615385,Indoor/Outdoor Games,Standard Class,Pacific Asia,Western Europe,Consumer,40.0611,77.0023,129.8988,1.6692,1.9066,3.38,0.615,1,527.5,0.739,68.13,HIGH,2,2016,12,338
2016-12-04,17,197.46971799316668,1035.264961725,1003.584792104,0.046583950000000006,4.0,2.8333333333333335,0.8333333333333334,0.6666666666666666,Women's Apparel,Standard Class,Europe,Western Europe,Home Office,26.4473,52.043,225.5832,1.5557,1.9041,4.0,0.833,1,543.93,1.4723,72.8,HIGH,2,2016,12,339
2016-12-05,19,150.29857738844444,1945.891574406,1819.408527913,0.042958981,3.111111111111111,3.2222222222222223,0.4444444444444444,-0.4444444444444444,Indoor/Outdoor Games,Standard Class,Europe,Eastern Asia,Consumer,29.124,65.7824,214.3608,1.5328,1.8998,3.11,0.444,0,546.06,1.1206,39.2,MEDIUM,1,2016,12,340
2016-12-06,21,174.13663166507692,2750.975500472,2449.3558778409997,0.040536654384615387,4.076923076923077,2.8461538461538463,0.5384615384615384,0.5384615384615384,Women's Apparel,Standard Class,Europe,Caribbean,Consumer,39.9612,82.0805,177.6734,1.9029,1.8922,4.08,0.538,1,531.52,1.2984,70.83,HIGH,2,2016,12,341
2016-12-07,13,117.532236836,1289.789637943,1126.278612011,0.11148226016666667,3.6666666666666665,2.6666666666666665,0.3333333333333333,-0.16666666666666666,Tennis & Racquet,Standard Class,Europe,Caribbean,Consumer,20.485,48.5924,170.0301,1.5758,1.8758,3.67,0.333,0,535.71,0.8763,37.52,MEDIUM,1,2016,12,342
2016-12-08,27,108.94838178059999,2117.758289949,1929.631394066,0.0470664618,4.1,2.7,0.3,0.5,Fishing,Standard Class,USCA,Western Europe,Consumer,57.6334,119.6625,191.0458,2.1346,1.9225,4.1,0.3,0,537.6,0.8123,38.45,MEDIUM,1,2016,12,343
2016-12-09,21,149.04926809275,1819.887615601,1659.5739294149998,0.051406557375,3.625,3.5,0.625,0.25,Indoor/Outdoor Games,Standard Class,USCA,Western Europe,Corporate,30.5424,52.9727,93.3389,1.4544,2.0305,3.62,0.625,1,520.47,1.1113,71.72,HIGH,2,2016,12,344
2016-12-10,23,131.1720019836,1955.7094110150001,1816.026279746,0.0355275467,3.6,3.1,0.6,0.2,Cleats,Standard Class,Europe,Western Europe,Consumer,48.8096,102.8606,195.4704,2.1222,1.9959,3.6,0.6,1,539.28,0.978,69.92,HIGH,2,2016,12,345
2016-12-11,10,122.7669915822,1226.793656676,972.545260241,0.1690451714,3.0,3.6,0.4,-0.6,Cardio Equipment,Standard Class,LATAM,Southern Europe,Consumer,18.2922,28.5277,55.7442,1.8292,2.0365,3.0,0.4,0,512.29,0.9154,40.73,MEDIUM,1,2016,12,346
2016-12-12,11,181.42495665283332,1558.159856206,1366.930261933,0.09535718383333332,3.0,3.3333333333333335,0.5,1.0,Cleats,Standard Class,Africa,Southern Europe,Corporate,19.5116,39.0901,63.5048,1.7738,2.0678,3.0,0.5,1,512.27,1.3527,74.88,HIGH,2,2016,12,347
2016-12-13,30,143.73109641127272,2203.194118622,2068.176750581,0.03428725690909091,4.0,2.8181818181818183,0.36363636363636365,-0.09090909090909091,Shop By Sport,Standard Class,Pacific Asia,Western Europe,Corporate,50.8811,99.0865,357.4921,1.696,2.0188,4.0,0.364,0,568.2,1.0717,41.09,MEDIUM,1,2016,12,348
2016-12-14,28,122.641710633,1315.203581796,1154.307164826,0.06191516699999999,3.4444444444444446,2.888888888888889,0.5555555555555556,0.2222222222222222,Water Sports,Standard Class,Europe,Western Europe,Home Office,52.1907,98.1433,210.7917,1.864,1.9407,3.44,0.556,1,546.14,0.9144,68.81,HIGH,2,2016,12,349
2016-12-15,24,112.7238284519091,1701.103668061,1551.081741372,0.045072139000000004,4.090909090909091,3.1818181818181817,0.45454545454545453,-0.18181818181818182,Men's Footwear,Standard Class,LATAM,Central America,Consumer,42.8231,81.8196,217.66,1.7843,1.8939,4.09,0.455,0,543.26,0.8405,37.88,MEDIUM,1,2016,12,350
2016-12-16,6,191.216308119,349.867117881,320.136947173,0.021993973333333333,4.666666666666667,1.3333333333333333,0.3333333333333333,0.6666666666666666,Computers,First Class,Africa,Central America,Consumer,11.9996,16.1457,31.0958,1.9999,1.8371,4.67,0.333,0,506.35,1.4257,41.0,MEDIUM,1,2016,12,351
2016-12-17,27,120.61366654363637,2538.0702318510002,2312.6219426469997,0.03484602081818182,3.727272727272727,3.272727272727273,0.36363636363636365,0.5454545454545454,Cardio Equipment,Standard Class,Pacific Asia,Caribbean,Consumer,48.9132,85.9227,106.8342,1.8116,1.8454,3.73,0.364,0,524.7,0.8993,36.91,MEDIUM,1,2016,12,352
2016-12-18,22,113.51090413954545,1826.9317473750002,1717.957909139,0.03353411290909091,3.909090909090909,2.090909090909091,0.6363636363636364,2.1818181818181817,Women's Apparel,Standard Class,LATAM,Southeast Asia,Corporate,39.9992,79.884,206.4661,1.8181,1.8409,3.91,0.636,1,539.02,0.8463,66.82,HIGH,2,2016,12,353
2016-12-19,33,138.03943329958335,1601.408368987,1444.490651438,0.044954235583333335,4.583333333333333,2.3333333333333335,0.6666666666666666,1.0,Cleats,Standard Class,Pacific Asia,Western Europe,Consumer,56.9933,115.3593,138.9068,1.7271,1.8078,4.58,0.667,1,529.75,1.0292,66.45,HIGH,2,2016,12,354
2016-12-20,30,106.0337668976923,1883.399455846,1673.369785446,0.04112501669230769,3.923076923076923,3.230769230769231,0.7692307692307693,-0.38461538461538464,Men's Footwear,Standard Class,Pacific Asia,Central America,Consumer,53.4256,85.2767,195.7661,1.7809,1.7779,3.92,0.769,1,537.38,0.7906,65.56,HIGH,2,2016,12,355
2016-12-21,25,132.78731462807693,2216.048597922,2003.067878391,0.036745348769230766,3.923076923076923,2.3076923076923075,0.46153846153846156,0.15384615384615385,Fishing,Standard Class,Europe,Central America,Consumer,46.1752,116.5979,169.8409,1.847,1.7643,3.92,0.462,0,533.64,0.9901,35.29,MEDIUM,1,2016,12,356
2016-12-22,26,84.28704109642857,1943.054852994,1762.0203962550002,0.06511875964285714,3.0714285714285716,3.0714285714285716,0.42857142857142855,-1.0,Shop By Sport,Standard Class,Europe,West of USA ,Consumer,39.2467,64.7011,305.0165,1.5095,1.8357,3.07,0.429,0,561.19,0.6284,36.71,MEDIUM,1,2016,12,357
2016-12-23,14,69.09359445425,603.548208238,523.76989683,0.046880037,2.5,3.5,0.5,-0.5,Accessories,Standard Class,Africa,Canada,Consumer,21.9118,52.1469,168.6932,1.5651,1.7881,2.5,0.5,1,531.64,0.5152,65.76,HIGH,2,2016,12,358
2016-12-24,16,96.9190284818,1636.035361914,1467.054794246,0.054573259299999996,3.5,2.9,0.6,-0.3,Cardio Equipment,Standard Class,Europe,Eastern Asia,Corporate,30.8674,65.9098,160.8291,1.9292,1.7782,3.5,0.6,1,530.92,0.7226,65.56,HIGH,2,2016,12,359
2016-12-25,18,146.90888042,1575.873874097,1336.904314469,0.103328976625,4.0,3.0,0.625,1.25,Women's Apparel,Standard Class,Europe,Central America,Consumer,32.794,56.4947,206.7447,1.8219,1.7608,4.0,0.625,1,543.78,1.0954,66.17,HIGH,2,2016,12,360
2016-12-26,17,132.0962087528,2367.1028774349998,2107.699194048,0.0681703409,3.5,2.4,0.6,0.4,Fishing,Standard Class,LATAM,Western Europe,Consumer,29.8923,83.5806,146.1511,1.7584,1.7155,3.5,0.6,1,530.74,0.9849,64.31,HIGH,2,2016,12,361
2016-12-27,22,190.47376414381816,2514.89849179,2255.992002218,0.025785807636363636,3.6363636363636362,2.8181818181818183,0.45454545454545453,0.6363636363636364,Men's Footwear,Standard Class,Europe,Northern Europe,Consumer,39.4752,60.9523,173.3566,1.7943,1.7928,3.64,0.455,0,534.53,1.4202,40.06,MEDIUM,1,2016,12,362
2016-12-28,32,217.26286188684614,3028.438973957,2703.087758418,0.08515659961538462,3.923076923076923,3.0,0.6153846153846154,1.5384615384615385,Men's Footwear,Standard Class,Europe,Central America,Consumer,59.3398,139.8064,352.5643,1.8544,1.7524,3.92,0.615,1,571.29,1.6199,71.25,HIGH,2,2016,12,363
2016-12-29,19,119.17159221816667,1636.326566275,1501.504775975,0.09236847183333334,4.0,3.6666666666666665,0.5,-0.5,Accessories,Standard Class,Europe,Southeast Asia,Consumer,32.2413,77.2088,199.1306,1.6969,1.7195,4.0,0.5,1,539.27,0.8885,64.39,HIGH,2,2016,12,364
2016-12-30,3,487.87307824033337,966.567268465,881.014778437,0.035496891333333336,3.6666666666666665,4.0,0.6666666666666666,0.6666666666666666,Camping & Hiking,Standard Class,Europe,Caribbean,Consumer,4.9707,8.5215,31.2793,1.6569,1.6013,3.67,0.667,1,506.66,3.6376,88.4,HIGH,2,2016,12,365
2016-12-31,24,146.80198850107143,2762.577963087,2505.551053154,0.07333247421428571,3.857142857142857,3.4285714285714284,0.35714285714285715,0.7142857142857143,Cardio Equipment,Standard Class,Europe,Western Europe,Consumer,43.8347,113.5298,344.9772,1.8264,1.606,3.86,0.357,0,568.51,1.0946,33.06,MEDIUM,1,2016,12,366
2017-01-01,30,127.15908601481819,2310.460951134,2170.92397083,0.034792480363636365,3.3636363636363638,2.272727272727273,0.8181818181818182,1.0909090909090908,Indoor/Outdoor Games,Standard Class,Europe,Central America,Consumer,48.7228,90.8568,236.3653,1.6241,1.2899,3.36,0.818,1,547.97,0.9481,55.8,MEDIUM,1,2017,1,1
2017-01-02,3,319.07318788466665,1067.035736937,979.1824594330001,0.05195838966666667,3.3333333333333335,3.3333333333333335,0.3333333333333333,-0.6666666666666666,Shop By Sport,Standard Class,Europe,South America,Consumer,5.597,11.6244,15.3166,1.8657,1.2392,3.33,0.333,0,503.41,2.379,38.57,MEDIUM,1,2017,1,2
2017-01-03,30,114.75567376028572,2852.144239741,2610.91784641,0.05232012178571428,3.7857142857142856,2.5,0.7857142857142857,1.3571428571428572,Women's Apparel,Standard Class,LATAM,Western Europe,Consumer,45.319,93.5913,157.2696,1.5106,1.2527,3.79,0.786,1,529.12,0.8556,55.05,MEDIUM,1,2017,1,3
2017-01-04,24,136.04617027383333,2605.227494103,2294.175252609,0.04961796116666667,3.25,2.8333333333333335,0.5833333333333334,-0.08333333333333333,Fishing,Standard Class,Pacific Asia,Western Europe,Consumer,47.644,90.9256,204.8205,1.9852,1.2613,3.25,0.583,1,544.71,1.0144,55.37,MEDIUM,1,2017,1,4
2017-01-05,13,163.6739713646,1286.940244288,1169.364304851,0.039103107799999995,2.8,4.0,0.6,-1.0,Cardio Equipment,Standard Class,Europe,Central America,Consumer,24.4101,56.2781,136.7324,1.8777,1.2406,2.8,0.6,1,525.36,1.2204,57.02,MEDIUM,1,2017,1,5
2017-01-06,24,89.188527241875,1887.519799936,1660.715555126,0.065549663875,4.0,2.75,0.5,0.5,Cleats,Standard Class,Europe,South America,Consumer,44.0993,101.3205,160.414,1.8375,1.2815,4.0,0.5,1,535.99,0.665,55.63,MEDIUM,1,2017,1,6
2017-01-07,25,151.89978432566667,2177.593825044,1909.446719391,0.05845899777777778,3.2222222222222223,3.0,0.4444444444444444,-0.6666666666666666,Indoor/Outdoor Games,Second Class,Europe,Oceania,Consumer,49.3991,68.2633,373.3439,1.976,1.3389,3.22,0.444,0,573.74,1.1326,28.1,LOW,0,2017,1,7
2017-01-08,12,188.83453592685714,1880.186797964,1738.6504076830001,0.026277737285714284,3.2857142857142856,2.4285714285714284,0.7142857142857143,0.14285714285714285,Cleats,Standard Class,Europe,Western Europe,Consumer,25.3871,64.6027,258.2775,2.1156,1.251,3.29,0.714,1,551.36,1.408,59.1,HIGH,2,2017,1,8
2017-01-09,18,201.69943334624998,1658.056765336,1421.093129165,0.077510425,3.125,3.75,0.5,0.125,Camping & Hiking,Standard Class,LATAM,Central America,Consumer,35.6802,50.1613,145.6238,1.9822,1.2552,3.12,0.5,1,525.72,1.5039,60.14,HIGH,2,2017,1,9
2017-01-10,9,170.3605785862,883.852967036,761.5696115979999,0.0763968598,2.6,2.4,0.8,1.2,Cardio Equipment,Second Class,Africa,Canada,Consumer,13.409,32.3166,77.9318,1.4899,1.2296,2.6,0.8,1,515.18,1.2702,57.29,HIGH,2,2017,1,10
2017-01-11,20,104.5867320829,1989.317558829,1842.943107172,0.0523212786,3.5,2.8,0.4,0.5,Fishing,Standard Class,Europe,Central America,Consumer,31.5181,77.4049,168.9862,1.5759,1.2158,3.5,0.4,0,531.72,0.7798,24.32,LOW,0,2017,1,11
2017-01-12,24,155.43011365727273,2425.066319813,2223.419577197,0.0709318370909091,3.272727272727273,2.727272727272727,0.6363636363636364,-0.18181818181818182,Shop By Sport,Standard Class,Europe,Northern Europe,Consumer,40.381,63.6445,107.2521,1.6825,1.2203,3.27,0.636,1,519.99,1.1589,55.99,MEDIUM,1,2017,1,12
2017-01-13,20,105.85930045979998,1876.01380653,1616.523042144,0.0932664881,3.4,2.1,0.5,0.2,Fishing,First Class,Europe,Western Europe,Consumer,35.914,64.8523,156.6903,1.7957,1.2332,3.4,0.5,1,531.06,0.7893,54.66,MEDIUM,1,2017,1,13
2017-01-14,17,62.003802918,773.623630559,681.10343976,0.05269591566666667,2.6666666666666665,3.3333333333333335,0.6666666666666666,1.3333333333333333,Cardio Equipment,Second Class,Pacific Asia,Caribbean,Corporate,32.065,50.389,129.6743,1.8862,1.2423,2.67,0.667,1,527.56,0.4623,54.85,MEDIUM,1,2017,1,14
2017-01-15,13,223.44786327616666,1122.657761166,1026.181019021,0.031461814,2.5,2.6666666666666665,0.6666666666666666,0.6666666666666666,Men's Footwear,Standard Class,LATAM,Caribbean,Consumer,21.6534,40.6632,61.9142,1.6656,1.2784,2.5,0.667,1,512.65,1.666,62.23,HIGH,2,2017,1,15
2017-01-16,24,181.08700946877778,1977.226996682,1854.5350872610002,0.015125140555555555,3.0,3.6666666666666665,0.3333333333333333,-0.4444444444444444,Cleats,Standard Class,Pacific Asia,Central Africa,Consumer,43.7949,80.7257,213.3769,1.8248,1.2469,3.0,0.333,0,543.41,1.3502,28.44,MEDIUM,1,2017,1,16
2017-01-17,14,105.93658649070001,2129.312902035,1926.715542432,0.043311874,4.2,3.1,0.5,0.3,Shop By Sport,Standard Class,Europe,Western Europe,Corporate,23.25,53.2706,118.639,1.6607,1.247,4.2,0.5,1,522.19,0.7899,54.94,MEDIUM,1,2017,1,17
2017-01-18,21,167.557712018125,1700.1881405880001,1575.224118047,0.034886111125,3.125,3.0,0.875,1.625,Shop By Sport,Second Class,Pacific Asia,Southern Europe,Consumer,35.3804,90.1402,108.709,1.6848,1.3041,3.12,0.875,1,519.89,1.2493,58.58,MEDIUM,1,2017,1,18
2017-01-19,17,121.74350128100001,1109.846499702,927.160084078,0.11592455228571429,2.7142857142857144,3.0,0.42857142857142855,0.2857142857142857,Water Sports,Standard Class,Europe,Western Europe,Consumer,26.4521,68.5537,119.286,1.556,1.3485,2.71,0.429,0,526.92,0.9077,26.97,LOW,0,2017,1,19
2017-01-20,22,93.88483582709999,1537.014724055,1383.242740653,0.058588550100000004,3.4,2.8,0.5,0.5,Men's Footwear,Standard Class,Europe,Central America,Consumer,35.9276,62.9424,128.0599,1.6331,1.3708,3.4,0.5,1,523.99,0.7,57.42,MEDIUM,1,2017,1,20
2017-01-21,24,112.71467558653846,2072.773355184,1849.858331111,0.037473627076923074,3.6923076923076925,3.0,0.6923076923076923,0.6153846153846154,Cleats,Standard Class,LATAM,South America,Consumer,37.5499,70.5961,321.4064,1.5646,1.3871,3.69,0.692,1,568.26,0.8404,57.74,MEDIUM,1,2017,1,21
2017-01-22,15,131.40555457671428,1490.900588329,1427.853037034,0.023185938999999996,2.7142857142857144,2.0,0.42857142857142855,-0.42857142857142855,Cleats,Second Class,USCA,East of USA,Consumer,24.3675,34.114,97.4699,1.6245,1.4303,2.71,0.429,0,519.13,0.9798,28.61,LOW,0,2017,1,22
2017-01-23,21,134.6101966521111,2130.82217149,1879.85968308,0.05301289822222222,3.3333333333333335,3.111111111111111,0.4444444444444444,0.7777777777777778,Cardio Equipment,Second Class,Europe,East of USA,Corporate,41.7907,69.7311,102.7469,1.99,1.4761,3.33,0.444,0,520.55,1.0037,29.56,LOW,0,2017,1,23
2017-01-24,2,248.105016302,578.4892449060001,519.814729559,0.095804458,5.0,2.5,0.5,1.5,Indoor/Outdoor Games,First Class,Europe,Oceania,Corporate,3.2576,7.7455,21.5907,1.6288,1.412,5.0,0.5,1,504.53,1.8499,66.74,HIGH,2,2017,1,24
2017-01-25,27,118.93226835484614,2514.562086746,2244.253993721,0.06124818769230769,3.230769230769231,2.230769230769231,0.6153846153846154,0.38461538461538464,Camping & Hiking,First Class,Europe,Oceania,Consumer,62.9199,170.3961,233.1332,2.3304,1.3983,3.23,0.615,1,550.06,0.8868,57.97,MEDIUM,1,2017,1,25
2017-01-26,13,128.6813638964,1793.16246776,1613.337149662,0.0499460126,4.3,2.7,0.6,0.2,Indoor/Outdoor Games,Standard Class,Pacific Asia,Eastern Europe,Consumer,24.4607,37.4627,128.6799,1.8816,1.3826,4.3,0.6,1,525.59,0.9594,57.65,MEDIUM,1,2017,1,26
2017-01-27,14,150.98876141342856,1329.6590067930001,1149.304324844,0.06135181,2.857142857142857,3.5714285714285716,0.7142857142857143,0.0,Camping & Hiking,Standard Class,LATAM,Eastern Asia,Consumer,25.5421,44.4774,88.6884,1.8244,1.3907,2.86,0.714,1,517.19,1.1258,59.07,MEDIUM,1,2017,1,27
2017-01-28,22,150.700562804,2262.278545541,2023.577771104,0.0849797096,3.3,2.6,0.5,0.7,Cleats,Standard Class,Pacific Asia,Central America,Consumer,36.1614,70.5174,160.4733,1.6437,1.3979,3.3,0.5,1,531.97,1.1236,59.19,MEDIUM,1,2017,1,28
2017-01-29,18,208.30919273,2305.284785933,2099.498201308,0.060709134727272726,4.2727272727272725,2.909090909090909,0.5454545454545454,-0.18181818181818182,Camping & Hiking,Standard Class,LATAM,South America,Consumer,34.577,71.6913,268.121,1.9209,1.4657,4.27,0.545,1,554.23,1.5532,64.85,HIGH,2,2017,1,29
2017-01-30,21,94.89240273055556,1780.017600357,1536.207966123,0.10410621322222222,3.0,3.111111111111111,0.3333333333333333,0.1111111111111111,Cleats,Standard Class,Pacific Asia,Oceania,Corporate,35.5075,59.203,88.7218,1.6908,1.4428,3.0,0.333,0,519.62,0.7075,28.86,LOW,0,2017,1,30
2017-01-31,19,137.89438509408333,2174.808473964,1913.92904907,0.0662626195,3.5,3.25,0.5,0.5833333333333334,Cardio Equipment,Standard Class,Europe,Central America,Consumer,34.4472,73.5074,105.9996,1.813,1.5116,3.5,0.5,1,521.21,1.0281,60.51,HIGH,2,2017,1,31
2017-02-01,26,190.82276313116665,2540.3001693759998,2406.598031087,0.0280120705,2.9166666666666665,3.3333333333333335,0.4166666666666667,-0.6666666666666666,Cleats,Standard Class,LATAM,Western Europe,Consumer,60.153,107.2616,205.6246,2.3136,1.5706,2.92,0.417,0,542.73,1.4228,35.64,MEDIUM,1,2017,2,32
2017-02-02,31,201.4549913000909,2877.771973286,2567.07020229,0.09678220254545455,3.909090909090909,3.0,0.5454545454545454,0.0,Cleats,Standard Class,LATAM,Oceania,Corporate,54.9909,107.4929,363.5431,1.7739,1.6618,3.91,0.545,1,577.79,1.502,68.26,HIGH,2,2017,2,33
2017-02-03,19,217.25617043875,3074.1432160570002,2640.599615801,0.08457827883333334,2.9166666666666665,3.0,0.5833333333333334,-0.3333333333333333,Fishing,Standard Class,Europe,Central America,Consumer,38.1739,83.4758,115.3333,2.0092,1.6989,2.92,0.583,1,523.79,1.6199,70.18,HIGH,2,2017,2,34
2017-02-04,25,140.053369428,2541.278210954,2272.099994701,0.047328098285714285,3.4285714285714284,2.5714285714285716,0.42857142857142855,-0.42857142857142855,Cleats,Standard Class,Pacific Asia,Eastern Europe,Corporate,41.7352,81.9227,71.4904,1.6694,1.7882,3.43,0.429,0,515.08,1.0442,36.21,MEDIUM,1,2017,2,35
2017-02-05,12,249.66527781757142,1572.355559109,1420.0326655029999,0.03135630185714285,3.5714285714285716,3.2857142857142856,0.8571428571428571,0.5714285714285714,Women's Apparel,Standard Class,Europe,Northern Europe,Consumer,21.4172,38.4771,77.2618,1.7848,1.7857,3.57,0.857,1,513.63,1.8615,74.33,HIGH,2,2017,2,36
2017-02-06,22,113.4087026748,1784.06659662,1627.169043268,0.059334454,3.7,3.1,0.5,0.8,Cleats,Standard Class,LATAM,Central America,Consumer,47.0358,90.2095,257.3107,2.138,1.6861,3.7,0.5,1,545.67,0.8456,63.72,HIGH,2,2017,2,37
2017-02-07,7,173.2257876114286,1466.106929804,1312.07752579,0.04826896642857143,2.5714285714285716,2.857142857142857,0.7142857142857143,0.2857142857142857,Camping & Hiking,Second Class,Europe,Northern Europe,Consumer,11.7753,22.6798,81.175,1.6822,1.6323,2.57,0.714,1,516.51,1.2916,65.56,HIGH,2,2017,2,38
2017-02-08,11,219.8001435779,2467.614467982,2255.051145091,0.0532194438,3.5,3.5,0.6,0.2,Cleats,Standard Class,Europe,Southeast Asia,Corporate,23.6161,42.9945,85.9707,2.1469,1.6101,3.5,0.6,1,517.09,1.6388,68.59,HIGH,2,2017,2,39
2017-02-09,8,166.5182253367143,1625.5641138619999,1480.192184795,0.032082273714285715,2.7142857142857144,2.7142857142857144,0.5714285714285714,0.42857142857142855,Cleats,Standard Class,Europe,Central America,Corporate,15.379,28.6282,58.2901,1.9224,1.6139,2.71,0.571,1,511.25,1.2416,64.69,HIGH,2,2017,2,40
2017-02-10,28,122.03937108254546,1887.766728883,1692.47266766,0.05018611718181818,3.1818181818181817,3.090909090909091,0.45454545454545453,0.2727272727272727,Camping & Hiking,Standard Class,Pacific Asia,East of USA,Consumer,47.4058,127.9476,450.5762,1.6931,1.8086,3.18,0.455,0,590.8,0.9099,36.17,MEDIUM,1,2017,2,41
2017-02-11,16,78.13891855760001,710.078823712,642.709431257,0.0461416368,2.8,2.6,0.4,2.4,Accessories,Standard Class,Europe,South America,Consumer,30.5271,66.9501,81.8246,1.9079,1.8194,2.8,0.4,0,516.27,0.5826,36.39,MEDIUM,1,2017,2,42
2017-02-12,15,121.2586663196,1150.913393736,1092.3569480390001,0.0476127986,3.6,2.0,0.8,1.8,Cardio Equipment,First Class,LATAM,Oceania,Home Office,29.6094,54.7153,112.3031,1.974,1.8199,3.6,0.8,1,524.15,0.9041,66.4,HIGH,2,2017,2,43
2017-02-13,18,186.77154566925,1782.2170799589999,1625.009855271,0.050519990375000004,3.25,2.375,0.75,0.0,Men's Footwear,Second Class,Pacific Asia,East of USA,Consumer,34.3067,77.3142,194.3317,1.9059,1.8031,3.25,0.75,1,539.02,1.3926,69.99,HIGH,2,2017,2,44
2017-02-14,15,160.37622203585715,1630.380662306,1424.127999374,0.07318247042857141,4.857142857142857,3.2857142857142856,0.42857142857142855,-0.2857142857142857,Books ,Standard Class,Europe,South America,Consumer,22.9614,42.1063,115.8695,1.5308,1.7789,4.86,0.429,0,522.05,1.1958,37.53,MEDIUM,1,2017,2,45
2017-02-15,19,119.8313403338889,1798.973102319,1648.891340838,0.04509180677777777,3.111111111111111,2.111111111111111,0.2222222222222222,0.2222222222222222,Boxing & MMA,First Class,Europe,Caribbean,Consumer,31.6428,78.4361,154.299,1.6654,1.7975,3.11,0.222,0,532.74,0.8935,35.95,MEDIUM,1,2017,2,46
2017-02-16,22,88.54824388257144,1067.3141090880001,915.8852667890001,0.06761349614285714,2.857142857142857,3.142857142857143,0.8571428571428571,0.42857142857142855,Cleats,Standard Class,LATAM,South America,Consumer,38.4392,81.1381,193.1077,1.7472,1.7987,2.86,0.857,1,538.14,0.6602,65.97,HIGH,2,2017,2,47
2017-02-17,18,84.61941746389999,1534.594955331,1396.270191777,0.0410627608,4.1,2.4,0.6,0.9,Fishing,Standard Class,Pacific Asia,Southern Europe,Corporate,31.9993,61.3995,60.4326,1.7777,1.8347,4.1,0.6,1,513.03,0.6309,66.69,HIGH,2,2017,2,48
2017-02-18,24,89.114990390625,1221.34240488,1132.645829568,0.057533456375,3.875,3.125,0.625,0.375,Fishing,Standard Class,Pacific Asia,East of USA,Corporate,45.737,98.0618,183.1402,1.9057,1.8096,3.88,0.625,1,535.48,0.6644,66.19,HIGH,2,2017,2,49
2017-02-19,5,189.28993463875,761.790734437,689.826803302,0.036924843,3.25,2.5,0.75,1.25,Crafts,Standard Class,Europe,Caribbean,Consumer,9.1157,13.0523,35.9718,1.8231,1.7236,3.25,0.75,1,506.87,1.4113,68.58,HIGH,2,2017,2,50
2017-02-20,18,172.20664371249998,1066.2319618669999,1000.72356813,0.03236943766666667,4.166666666666667,2.6666666666666665,0.5,-0.3333333333333333,Cleats,Standard Class,Africa,East of USA,Consumer,28.2085,44.1423,73.6008,1.5671,1.7482,4.17,0.5,1,514.87,1.284,67.8,HIGH,2,2017,2,51
2017-02-21,23,118.796267045875,1537.039011678,1393.524180179,0.05126242875,2.75,3.0,0.75,0.0,Baseball & Softball,Standard Class,Europe,West of USA ,Consumer,42.7898,66.0666,158.5941,1.8604,1.7317,2.75,0.75,1,531.75,0.8857,64.63,HIGH,2,2017,2,52
2017-02-22,17,101.43573818442857,1084.010501971,1040.68838457,0.031205352428571427,3.0,3.4285714285714284,0.5714285714285714,1.1428571428571428,Cleats,Standard Class,Pacific Asia,Oceania,Consumer,32.3644,65.2871,179.5117,1.9038,1.6921,3.0,0.571,1,536.72,0.7563,63.84,HIGH,2,2017,2,53
2017-02-23,39,90.19778023042856,2326.60087506,2055.910514881,0.05801935207142857,3.142857142857143,3.142857142857143,0.7142857142857143,0.35714285714285715,Women's Apparel,Standard Class,Pacific Asia,Southeast Asia,Consumer,73.8715,204.7885,427.1461,1.8941,1.7329,3.14,0.714,1,584.38,0.6725,64.66,HIGH,2,2017,2,54
2017-02-24,29,92.5409406156,1397.288525022,1304.428442868,0.0559720409,4.8,3.2,0.5,0.0,Fishing,Standard Class,USCA,Western Europe,Consumer,57.8678,177.2512,442.4249,1.9954,1.8226,4.8,0.5,1,583.16,0.69,66.45,HIGH,2,2017,2,55
2017-02-25,6,136.43803911700002,917.3208063019999,801.461732773,0.056437649599999994,4.0,3.6,0.4,0.2,Cleats,Standard Class,Africa,Caribbean,Corporate,11.6807,26.0156,43.6752,1.9468,1.7878,4.0,0.4,0,508.48,1.0173,35.93,MEDIUM,1,2017,2,56
2017-02-26,10,161.48652356066665,858.1160348359999,727.408020184,0.05892405033333333,4.5,3.3333333333333335,0.3333333333333333,-0.3333333333333333,Cardio Equipment,Standard Class,LATAM,US Center ,Consumer,18.7518,40.634,88.884,1.8752,1.7472,4.5,0.333,0,518.57,1.204,36.98,MEDIUM,1,2017,2,57
2017-02-27,42,139.67385329016668,3723.098495839,3303.379909956,0.06756622777777778,4.333333333333333,3.2222222222222223,0.6111111111111112,0.1111111111111111,Cleats,Standard Class,Pacific Asia,Central America,Consumer,74.697,102.1432,297.3743,1.7785,1.5791,4.33,0.611,1,558.23,1.0414,62.0,HIGH,2,2017,2,58
2017-02-28,12,197.161408018875,1777.8010501279998,1582.891975686,0.089157604,2.375,3.125,0.375,-0.125,Indoor/Outdoor Games,Standard Class,Europe,Southern Europe,Corporate,18.2032,32.0152,79.5345,1.5169,1.5993,2.38,0.375,0,515.61,1.47,36.69,MEDIUM,1,2017,2,59
2017-03-01,16,227.16341273029997,2874.2450001889997,2604.294688039,0.0600867938,3.4,3.2,0.4,0.3,Men's Footwear,Standard Class,Pacific Asia,Central America,Consumer,29.9143,50.0953,95.9361,1.8696,1.579,3.4,0.4,0,520.77,1.6937,38.52,MEDIUM,1,2017,3,60
2017-03-02,21,76.2566221316,1502.36725373,1364.220121482,0.0235124244,2.9,3.2,0.5,0.5,Fishing,Standard Class,Europe,South Asia,Corporate,38.4008,66.4903,169.1138,1.8286,1.5569,2.9,0.5,1,532.33,0.5686,61.14,HIGH,2,2017,3,61
2017-03-03,20,155.689272180125,1780.049005525,1585.3932357200001,0.0565232465,3.5,3.5,0.625,-0.5,Cleats,Standard Class,Europe,Caribbean,Consumer,36.8066,69.7694,210.6819,1.8403,1.5558,3.5,0.625,1,539.05,1.1608,62.73,HIGH,2,2017,3,62
2017-03-04,45,137.1273600911579,3811.455144073,3375.3267370900003,0.05334906726315789,3.526315789473684,2.736842105263158,0.7894736842105263,0.5263157894736842,Cleats,Standard Class,Europe,Western Europe,Consumer,70.9357,126.533,145.1931,1.5763,1.4291,3.53,0.789,1,528.32,1.0224,58.81,MEDIUM,1,2017,3,63
2017-03-05,16,179.57582461833331,2152.827254998,1944.141175081,0.08899858755555555,3.0,3.111111111111111,0.3333333333333333,1.0,Fishing,Standard Class,Pacific Asia,Caribbean,Consumer,25.72,33.9387,119.7341,1.6075,1.4169,3.0,0.333,0,523.17,1.3389,31.73,MEDIUM,1,2017,3,64
2017-03-06,28,184.32166030407143,3252.360440892,2981.463939053,0.04912086028571428,3.7857142857142856,3.0714285714285716,0.5,0.07142857142857142,Camping & Hiking,Standard Class,LATAM,Central America,Consumer,55.7182,126.8539,265.1743,1.9899,1.3629,3.79,0.5,1,550.33,1.3743,61.0,HIGH,2,2017,3,65
2017-03-07,26,121.52429116414285,3453.219456198,3129.296994283,0.07308183535714285,3.2857142857142856,3.5714285714285716,0.5714285714285714,-0.5,Indoor/Outdoor Games,Standard Class,Pacific Asia,Oceania,Consumer,46.3828,73.3708,200.2344,1.784,1.3537,3.29,0.571,1,539.59,0.9061,57.07,MEDIUM,1,2017,3,66
2017-03-08,29,137.95933965236364,1970.013024092,1869.284584394,0.02273372,3.727272727272727,2.909090909090909,0.7272727272727273,1.2727272727272727,Women's Apparel,Standard Class,Pacific Asia,Eastern Europe,Consumer,55.6027,114.346,408.8328,1.9173,1.395,3.73,0.727,1,583.19,1.0286,58.19,MEDIUM,1,2017,3,67
2017-03-09,29,154.71015337253846,2531.698458245,2164.47767291,0.07286802038461539,3.1538461538461537,2.769230769230769,0.46153846153846156,-0.15384615384615385,Cleats,Standard Class,LATAM,Central America,Consumer,52.0869,154.6057,224.9398,1.7961,1.4227,3.15,0.462,0,544.96,1.1535,29.99,LOW,0,2017,3,68
2017-03-10,10,147.9919082286667,1306.823172059,1127.063115612,0.0454280045,2.5,2.3333333333333335,1.0,0.3333333333333333,Cardio Equipment,Standard Class,Pacific Asia,Western Europe,Consumer,17.9636,29.3009,53.7506,1.7964,1.4356,2.5,1.0,1,511.06,1.1034,59.75,MEDIUM,1,2017,3,69
2017-03-11,20,109.42017671509092,1673.964720197,1522.072758058,0.07689079,3.3636363636363638,2.727272727272727,0.2727272727272727,-0.2727272727272727,Cleats,Standard Class,LATAM,Northern Europe,Consumer,39.3442,46.4993,98.8383,1.9672,1.4829,3.36,0.273,0,523.39,0.8158,29.66,LOW,0,2017,3,70
2017-03-12,13,149.38686099162499,1942.78283165,1716.036637415,0.054952599374999994,4.25,2.125,0.625,0.75,Cleats,First Class,LATAM,Western Europe,Home Office,22.1122,40.9388,73.1714,1.7009,1.4227,4.25,0.625,1,514.19,1.1138,59.59,MEDIUM,1,2017,3,71
2017-03-13,23,144.21783329444443,1948.1596029890002,1775.199125592,0.04088392366666667,2.7777777777777777,3.3333333333333335,0.3333333333333333,-1.2222222222222223,Cardio Equipment,Standard Class,LATAM,Central America,Consumer,41.5914,101.6192,438.5617,1.8083,1.4631,2.78,0.333,0,588.35,1.0753,30.01,LOW,0,2017,3,72
2017-03-14,15,91.027281148375,1460.015730266,1309.90291548,0.060982675624999996,2.75,3.75,0.625,-0.125,Cleats,Standard Class,Europe,Western Europe,Consumer,25.6517,74.3978,129.6186,1.7101,1.4548,2.75,0.625,1,525.16,0.6787,59.1,MEDIUM,1,2017,3,73
2017-03-15,14,103.21516648522223,2284.640738512,1970.40254882,0.07940505866666667,2.6666666666666665,3.6666666666666665,0.6666666666666666,0.2222222222222222,Water Sports,Standard Class,Pacific Asia,Oceania,Consumer,24.0082,36.8049,71.2526,1.7149,1.488,2.67,0.667,1,513.07,0.7696,59.76,MEDIUM,1,2017,3,74
2017-03-16,38,144.04575094586664,3136.619055824,2764.545759385,0.07451336266666668,3.1333333333333333,3.2,0.4666666666666667,0.13333333333333333,Cleats,Standard Class,Europe,Western Europe,Corporate,65.9869,142.8711,360.8706,1.7365,1.4596,3.13,0.467,0,569.95,1.074,29.93,LOW,0,2017,3,75
2017-03-17,20,81.3973538692,1695.630436852,1488.019292193,0.06006010900000001,3.3,2.3,0.6,1.1,Cleats,First Class,LATAM,Central America,Consumer,36.625,65.4193,100.9985,1.8313,1.4866,3.3,0.6,1,519.24,0.6069,59.73,MEDIUM,1,2017,3,76
2017-03-18,19,180.4328972312727,2483.661868683,2212.8313896279997,0.0685790039090909,2.5454545454545454,3.272727272727273,0.36363636363636365,-0.18181818181818182,Men's Footwear,Second Class,Europe,Central America,Consumer,32.4387,62.2593,127.4674,1.7073,1.5005,2.55,0.364,0,526.18,1.3453,33.46,MEDIUM,1,2017,3,77
2017-03-19,24,183.15982762079997,3029.006448065,2872.777578484,0.025981464500000002,4.0,2.6,0.6,0.8,Cardio Equipment,Standard Class,Europe,Caribbean,Consumer,48.7359,162.1354,426.0605,2.0307,1.484,4.0,0.6,1,590.85,1.3656,63.34,HIGH,2,2017,3,78
2017-03-20,23,151.35036317407693,2883.691877428,2600.339509034,0.04134541169230769,3.6153846153846154,2.3846153846153846,0.5384615384615384,0.6153846153846154,Cardio Equipment,Standard Class,Europe,West Africa,Consumer,37.6683,54.6732,114.4242,1.6378,1.509,3.62,0.538,1,521.24,1.1285,61.47,HIGH,2,2017,3,79
2017-03-21,16,161.813156690875,1721.9818842720001,1538.010201243,0.047294498125,4.125,3.0,0.5,0.25,Indoor/Outdoor Games,Standard Class,Europe,Northern Europe,Consumer,28.1258,58.0081,132.0181,1.7579,1.5454,4.12,0.5,1,525.74,1.2065,62.97,HIGH,2,2017,3,80
2017-03-22,24,181.75367324207693,2681.48677837,2467.065750566,0.04499659792307693,3.6153846153846154,3.3846153846153846,0.6923076923076923,-0.38461538461538464,Fishing,Standard Class,Europe,Southeast Asia,Consumer,41.1353,88.5487,173.0062,1.714,1.5147,3.62,0.692,1,534.45,1.3552,63.85,HIGH,2,2017,3,81
2017-03-23,25,144.35574392245454,2440.318140989,2242.241890523,0.09645494790909091,3.6363636363636362,3.0,0.8181818181818182,1.4545454545454546,Men's Footwear,Standard Class,Europe,Eastern Asia,Corporate,51.7467,126.0482,174.4505,2.0699,1.5117,3.64,0.818,1,535.88,1.0763,61.0,HIGH,2,2017,3,82
2017-03-24,11,203.3050107952,1424.195470593,1298.297930736,0.0783249608,2.8,2.8,0.6,0.2,Camping & Hiking,Standard Class,Pacific Asia,Caribbean,Corporate,20.0923,40.1684,105.7079,1.8266,1.5022,2.8,0.6,1,521.43,1.5158,65.2,HIGH,2,2017,3,83
2017-03-25,25,155.69404312466668,1403.698960351,1269.927016093,0.0588607915,3.6666666666666665,3.5,0.3333333333333333,-0.3333333333333333,Indoor/Outdoor Games,Standard Class,USCA,Central America,Consumer,49.6425,103.5034,449.8308,1.9857,1.5635,3.67,0.333,0,593.18,1.1609,32.88,MEDIUM,1,2017,3,84
2017-03-26,25,146.76467882527274,2185.693573351,1938.474820273,0.08598437727272727,3.272727272727273,2.272727272727273,0.8181818181818182,1.9090909090909092,Indoor/Outdoor Games,First Class,LATAM,Central America,Consumer,38.5944,69.96,165.5718,1.5438,1.5358,3.27,0.818,1,527.05,1.0943,61.66,HIGH,2,2017,3,85
2017-03-27,8,136.60797259880002,1020.276852136,911.158787659,0.101246232,3.2,3.0,0.6,-0.2,Cleats,Standard Class,LATAM,Western Europe,Consumer,14.716,30.4445,77.4621,1.8395,1.5344,3.2,0.6,1,513.58,1.0185,60.87,HIGH,2,2017,3,86
2017-03-28,16,117.013074724125,1834.165722509,1674.751362727,0.046679345250000004,3.75,3.25,0.625,-0.625,Cleats,Standard Class,Europe,Southern Europe,Consumer,31.3226,57.3313,171.8017,1.9577,1.5425,3.75,0.625,1,533.57,0.8724,60.85,HIGH,2,2017,3,87
2017-03-29,25,130.5377668783,1658.053505732,1501.002868061,0.0858687435,3.7,2.5,0.4,0.4,Cleats,Standard Class,LATAM,Central America,Consumer,45.1455,100.2185,151.1281,1.8058,1.6781,3.7,0.4,0,532.97,0.9733,33.56,MEDIUM,1,2017,3,88
2017-03-30,17,120.17997190700001,2383.006080839,2196.830289759,0.076298913,3.5555555555555554,2.6666666666666665,0.7777777777777778,0.4444444444444444,Men's Footwear,Standard Class,Europe,Eastern Asia,Consumer,33.8706,61.6685,263.1421,1.9924,1.6551,3.56,0.778,1,549.97,0.8961,63.1,HIGH,2,2017,3,89
2017-03-31,16,127.66290390766666,2342.623700838,2155.833113071,0.052018413166666666,3.5833333333333335,3.0833333333333335,0.75,0.75,Cleats,Standard Class,LATAM,Western Europe,Consumer,27.2117,57.5247,145.1938,1.7007,1.6264,3.58,0.75,1,524.23,0.9519,62.53,HIGH,2,2017,3,90
2017-04-01,25,112.27594093133332,2205.485125822,2030.537137827,0.047685499250000006,2.5,3.1666666666666665,0.5,-0.08333333333333333,Women's Apparel,Standard Class,Europe,Southeast Asia,Consumer,51.5523,100.4733,418.2513,2.0621,1.659,2.5,0.5,1,585.08,0.8371,63.18,HIGH,2,2017,4,91
2017-04-02,17,121.65353040533334,1636.291535298,1595.965577735,0.028014627666666667,4.444444444444445,3.3333333333333335,0.3333333333333333,0.1111111111111111,Men's Footwear,Standard Class,Europe,East of USA,Consumer,38.3169,94.0896,171.1818,2.2539,1.6555,4.44,0.333,0,534.65,0.907,33.11,MEDIUM,1,2017,4,92
2017-04-03,39,130.60788270292855,2716.796206224,2384.030014856,0.056482647571428575,3.142857142857143,3.4285714285714284,0.5,-0.2857142857142857,Indoor/Outdoor Games,Standard Class,Pacific Asia,Western Europe,Consumer,67.3609,130.7037,580.7354,1.7272,1.8834,3.14,0.5,1,611.9,0.9738,67.67,HIGH,2,2017,4,93
2017-04-04,22,157.943563375,2150.308343098,1901.20518184,0.031328377000000004,4.2,2.8,0.5,0.5,Cardio Equipment,Standard Class,Europe,Central America,Consumer,37.6856,51.8222,159.8386,1.713,1.896,4.2,0.5,1,529.8,1.1776,69.7,HIGH,2,2017,4,94
2017-04-05,15,94.24535785983333,1066.258750776,1007.345613524,0.058984176,3.0,4.0,0.5,0.5,Fishing,Standard Class,LATAM,South America,Home Office,31.0679,78.3908,223.7013,2.0712,1.8703,3.0,0.5,1,543.29,0.7027,67.41,HIGH,2,2017,4,95
2017-04-06,25,127.9876685878,2169.7893696290002,1923.2052330220001,0.0847249178,3.2,3.2,0.5,-0.5,Boxing & MMA,Standard Class,LATAM,Central America,Consumer,52.4374,85.7658,218.8901,2.0975,1.8671,3.2,0.5,1,544.05,0.9543,67.34,HIGH,2,2017,4,96
2017-04-07,13,150.37174500060001,1987.462184743,1764.995820306,0.0887004455,3.8,2.6,0.5,0.9,Water Sports,Second Class,Europe,Central America,Consumer,22.0972,38.0098,81.9328,1.6998,1.8821,3.8,0.5,1,515.57,1.1212,68.85,HIGH,2,2017,4,97
2017-04-08,10,135.933233829125,2108.280738084,1933.51545155,0.08137676825,4.25,3.0,0.375,0.125,Men's Footwear,Second Class,Europe,South of  USA ,Corporate,17.1733,29.8853,106.975,1.7173,1.8605,4.25,0.375,0,521.89,1.0135,37.35,MEDIUM,1,2017,4,98
2017-04-09,37,108.59488243353847,2443.2813905049998,2259.781648473,0.059401963076923074,3.769230769230769,2.769230769230769,0.6153846153846154,1.0769230769230769,Shop By Sport,Standard Class,Europe,Central America,Consumer,64.4266,166.2613,410.6444,1.7413,1.7702,3.77,0.615,1,571.57,0.8097,65.4,HIGH,2,2017,4,99
2017-04-10,13,101.90829186949999,1127.679752844,1003.564004089,0.059041174499999995,3.8333333333333335,3.1666666666666665,0.6666666666666666,-0.16666666666666666,Indoor/Outdoor Games,Standard Class,Pacific Asia,Caribbean,Consumer,20.3543,26.0314,30.7494,1.5657,1.7711,3.83,0.667,1,505.04,0.7598,65.42,HIGH,2,2017,4,100
2017-04-11,9,254.290227177,1111.9580715910001,959.7150663689999,0.09870579266666667,3.3333333333333335,3.0,0.6666666666666666,3.0,Shop By Sport,First Class,Europe,Central America,Consumer,14.7044,53.9924,85.8729,1.6338,1.7157,3.33,0.667,1,516.16,1.896,73.27,HIGH,2,2017,4,101
2017-04-12,11,142.630937174,1019.812734864,832.1309448249999,0.09120692779999999,3.2,3.2,0.6,-0.2,Camping & Hiking,Standard Class,Pacific Asia,East of USA,Consumer,17.819,43.1476,95.0707,1.6199,1.6785,3.2,0.6,1,518.73,1.0635,64.2,HIGH,2,2017,4,102
2017-04-13,7,183.4969184464,960.653436227,945.038276775,0.0309782012,3.4,2.8,0.6,0.8,Cleats,Standard Class,Africa,Central America,Consumer,11.6106,23.8006,62.3805,1.6587,1.6378,3.4,0.6,1,512.1,1.3682,66.44,HIGH,2,2017,4,103
2017-04-14,10,176.03958838483334,1308.8834564600002,1211.0202449530002,0.037847541166666665,3.5,3.0,0.5,-0.8333333333333334,Cleats,Standard Class,LATAM,Central America,Corporate,17.8482,34.6075,79.7827,1.7848,1.5983,3.5,0.5,1,516.75,1.3126,65.09,HIGH,2,2017,4,104
2017-04-15,15,228.95314346885715,1474.632033486,1341.7316158580002,0.03772877014285714,3.857142857142857,3.2857142857142856,0.7142857142857143,-0.2857142857142857,Water Sports,Standard Class,LATAM,Southeast Asia,Consumer,27.502,57.0836,205.6543,1.8335,1.6747,3.86,0.714,1,538.34,1.7071,70.56,HIGH,2,2017,4,105
2017-04-16,19,64.86229227633333,1444.82348909,1287.244992771,0.07510295744444445,2.7777777777777777,3.3333333333333335,0.4444444444444444,-0.1111111111111111,Men's Footwear,Standard Class,USCA,Eastern Asia,Corporate,39.7367,86.457,102.699,2.0914,1.6715,2.78,0.444,0,520.63,0.4836,33.43,MEDIUM,1,2017,4,106
2017-04-17,34,165.10909549254544,2016.554763856,1771.391178227,0.06815194172727272,3.8181818181818183,4.0,0.5454545454545454,-0.5454545454545454,Fishing,Standard Class,Pacific Asia,Western Europe,Consumer,55.1089,122.9161,303.9304,1.6209,1.581,3.82,0.545,1,562.68,1.2311,63.93,HIGH,2,2017,4,107
2017-04-18,20,114.67555658833334,1481.3426803749999,1311.203463838,0.0824509668888889,4.222222222222222,2.5555555555555554,0.4444444444444444,0.7777777777777778,Cleats,First Class,LATAM,Central America,Consumer,39.5257,86.593,107.7665,1.9763,1.5914,4.22,0.444,0,525.27,0.855,31.83,MEDIUM,1,2017,4,108
2017-04-19,7,121.7056114878,1076.842323584,975.352448862,0.07296727519999999,4.8,2.8,1.0,0.6,Accessories,Standard Class,Europe,Eastern Asia,Consumer,12.2717,24.4924,75.1361,1.7531,1.5239,4.8,1.0,1,514.69,0.9074,60.48,HIGH,2,2017,4,109
2017-04-20,6,239.4922906418,1361.850478307,1245.590858733,0.0876932978,4.0,2.6,0.8,0.2,Cleats,Second Class,Pacific Asia,Caribbean,Consumer,10.6931,20.1515,45.8447,1.7822,1.4943,4.0,0.8,1,509.36,1.7857,67.74,HIGH,2,2017,4,110
2017-04-21,13,108.97644083200002,1049.966543643,942.05347087,0.030209516000000002,3.1666666666666665,4.0,0.5,-1.1666666666666667,Cleats,Standard Class,LATAM,Northern Europe,Consumer,24.9087,47.3758,129.0261,1.9161,1.4834,3.17,0.5,1,523.46,0.8125,59.67,MEDIUM,1,2017,4,111
2017-04-22,12,119.07167407166668,1169.983263915,1080.288076901,0.03834778283333334,3.5,3.6666666666666665,0.6666666666666666,0.16666666666666666,Fishing,Standard Class,Pacific Asia,Western Europe,Consumer,19.2098,36.2191,62.9454,1.6008,1.5046,3.5,0.667,1,509.72,0.8878,60.09,HIGH,2,2017,4,112
2017-04-23,24,135.2764735848889,1739.095976976,1547.971714319,0.09726243677777778,3.5555555555555554,3.111111111111111,0.4444444444444444,0.6666666666666666,Cleats,Standard Class,Europe,South Asia,Consumer,44.6601,109.8354,404.1702,1.8608,1.521,3.56,0.444,0,582.86,1.0086,30.51,MEDIUM,1,2017,4,113
2017-04-24,39,132.79776872244443,3221.968595777,2909.23431835,0.04828374383333333,2.3333333333333335,3.0555555555555554,0.6111111111111112,0.4444444444444444,Fishing,Standard Class,USCA,East of USA,Consumer,71.0223,156.7813,530.859,1.8211,1.4802,2.33,0.611,1,606.15,0.9901,59.6,MEDIUM,1,2017,4,114
2017-04-25,9,110.63150398671428,738.9191173950001,656.514953045,0.06707254657142857,2.7142857142857144,2.2857142857142856,0.7142857142857143,0.0,Women's Apparel,Standard Class,USCA,North Africa,Consumer,16.9329,18.4364,53.176,1.8814,1.4776,2.71,0.714,1,511.7,0.8249,59.55,MEDIUM,1,2017,4,115
2017-04-26,10,154.50650785925,2257.9198624130004,1973.086402899,0.088633244375,3.625,3.25,0.5,1.375,Cleats,Standard Class,Europe,Eastern Asia,Consumer,18.4357,41.2073,92.6034,1.8436,1.4854,3.62,0.5,1,517.15,1.152,61.23,MEDIUM,1,2017,4,116
2017-04-27,14,147.2687673335,1491.8872526760001,1334.849135857,0.06332034166666667,3.6666666666666665,3.6666666666666665,0.3333333333333333,-1.0,Camping & Hiking,Standard Class,Europe,Central America,Consumer,32.0525,65.3311,188.1913,2.2895,1.4721,3.67,0.333,0,538.37,1.098,30.42,LOW,0,2017,4,117
2017-04-28,7,212.3372898562857,1628.856259087,1479.460641081,0.049401234428571424,3.0,2.7142857142857144,0.7142857142857143,0.42857142857142855,Cardio Equipment,Second Class,Pacific Asia,Oceania,Consumer,11.7626,22.9732,42.1804,1.6804,1.4581,3.0,0.714,1,509.74,1.5832,64.99,HIGH,2,2017,4,118
2017-04-29,27,146.21210508733333,2698.28707259,2425.791043969,0.0312347605,3.75,2.5,0.5,0.5,Camping & Hiking,Second Class,Europe,Oceania,Consumer,45.8568,83.1767,263.8689,1.6984,1.4612,3.75,0.5,1,553.91,1.0902,60.13,MEDIUM,1,2017,4,119
2017-04-30,22,151.0767796611,2232.539071418,1976.563084562,0.030885336799999996,4.1,3.5,0.8,-0.1,Cleats,Standard Class,USCA,Central Africa,Consumer,37.0221,90.875,380.6361,1.6828,1.4514,4.1,0.8,1,576.74,1.1264,60.29,MEDIUM,1,2017,4,120
2017-05-01,15,106.3642263227,1670.87755035,1495.646190552,0.0498094169,3.6,3.5,0.5,-0.5,Camping & Hiking,Standard Class,Pacific Asia,Southeast Asia,Consumer,25.4137,60.2162,205.9629,1.6942,1.4331,3.6,0.5,1,541.21,0.7931,58.66,MEDIUM,1,2017,5,121
2017-05-02,17,117.70498071216667,1476.034417554,1332.886405324,0.05206787866666667,4.166666666666667,3.3333333333333335,0.8333333333333334,0.16666666666666666,Cardio Equipment,Standard Class,Africa,Western Europe,Corporate,28.5673,47.9823,87.4015,1.6804,1.4654,4.17,0.833,1,514.81,0.8776,59.31,MEDIUM,1,2017,5,122
2017-05-03,11,126.29421449142856,1021.384668479,972.505534476,0.020621606285714283,3.2857142857142856,3.2857142857142856,0.8571428571428571,-0.5714285714285714,Water Sports,Standard Class,Europe,Western Europe,Consumer,22.1887,47.1881,125.9239,2.0172,1.4283,3.29,0.857,1,526.68,0.9416,58.57,MEDIUM,1,2017,5,123
2017-05-04,15,143.006179110625,1787.8071774539999,1660.377540645,0.065570283625,3.625,3.125,0.5,0.0,Indoor/Outdoor Games,Standard Class,Europe,Caribbean,Home Office,30.9659,49.984,74.7496,2.0644,1.4542,3.62,0.5,1,514.03,1.0663,59.75,MEDIUM,1,2017,5,124
2017-05-05,18,135.59752654566668,1169.971958969,1079.210559262,0.0422520475,3.0,2.3333333333333335,0.16666666666666666,-0.5,Cleats,Standard Class,Europe,West of USA ,Consumer,30.4499,45.3,130.1496,1.6917,1.4867,3.0,0.167,0,526.94,1.011,29.84,LOW,0,2017,5,125
2017-05-06,22,118.8155366944,1761.156251532,1571.755588867,0.08784687620000001,3.9,2.5,0.7,-0.1,Cleats,Standard Class,Europe,Caribbean,Corporate,36.2556,62.7022,172.6298,1.648,1.5011,3.9,0.7,1,531.09,0.8859,60.02,HIGH,2,2017,5,126
2017-05-07,12,102.36592347442857,1250.5363634310002,1102.618983051,0.04202107014285714,4.0,3.0,0.7142857142857143,0.42857142857142855,Men's Footwear,Standard Class,Europe,East of USA,Consumer,22.5297,52.4815,64.1398,1.8775,1.5059,4.0,0.714,1,511.41,0.7632,60.12,HIGH,2,2017,5,127
2017-05-08,16,139.21663039175002,1698.695653484,1509.427966278,0.041768687625,3.5,2.875,0.375,-0.125,Cardio Equipment,Standard Class,USCA,Southeast Asia,Corporate,27.1168,64.3235,100.7197,1.6948,1.5412,3.5,0.375,0,522.44,1.038,31.2,MEDIUM,1,2017,5,128
2017-05-09,32,163.5626335084375,2703.440509545,2443.2150429969997,0.0453829455625,3.25,2.875,0.4375,0.375,Women's Apparel,Standard Class,Europe,West of USA ,Consumer,61.0575,132.6322,282.4558,1.908,1.5517,3.25,0.438,0,555.38,1.2195,33.23,MEDIUM,1,2017,5,129
2017-05-10,25,107.49049408175,1396.087722814,1257.7788732929998,0.034663000624999996,3.625,3.625,0.125,-1.0,Fishing,Standard Class,USCA,Caribbean,Consumer,45.6934,103.5569,219.1729,1.8277,1.4837,3.62,0.125,0,547.47,0.8014,29.67,LOW,0,2017,5,130
2017-05-11,7,101.647993301,426.58724499,357.83263441400004,0.19063311466666666,3.0,3.0,1.0,1.0,Indoor/Outdoor Games,First Class,Europe,Central America,Corporate,10.7739,23.418,36.0616,1.5391,1.4981,3.0,1.0,1,507.16,0.7579,59.96,MEDIUM,1,2017,5,131
2017-05-12,15,146.56294112777778,1922.951520962,1795.149715842,0.03636619844444445,3.3333333333333335,1.6666666666666667,0.6666666666666666,-0.2222222222222222,Cardio Equipment,First Class,Europe,Southeast Asia,Consumer,31.3617,54.0786,145.7105,2.0908,1.4977,3.33,0.667,1,526.38,1.0928,60.88,MEDIUM,1,2017,5,132
2017-05-13,25,134.1745378347778,2291.699071666,2122.799105346,0.046510959666666664,3.0,2.2222222222222223,0.5555555555555556,0.8888888888888888,Camping & Hiking,Standard Class,Pacific Asia,Central America,Consumer,53.584,114.5237,294.0761,2.1434,1.5046,3.0,0.556,1,561.05,1.0004,60.1,HIGH,2,2017,5,133
2017-05-14,7,199.96565588800001,626.623362725,587.379653311,0.033994527999999996,3.5,2.5,0.25,2.5,Cleats,Standard Class,USCA,East of USA,Consumer,11.792,27.1302,59.6023,1.6846,1.4898,3.5,0.25,0,511.51,1.4909,34.71,MEDIUM,1,2017,5,134
2017-05-15,19,93.265216019375,1477.5601679580002,1310.411348149,0.042128606625,2.75,2.25,0.5,0.125,Indoor/Outdoor Games,Standard Class,LATAM,Western Europe,Consumer,32.7353,74.6239,134.6898,1.7229,1.5225,2.75,0.5,1,528.27,0.6954,60.45,HIGH,2,2017,5,135
2017-05-16,25,216.6257301340909,3120.174155786,2868.695485695,0.061406822636363635,3.090909090909091,3.3636363636363638,0.5454545454545454,0.8181818181818182,Cleats,Standard Class,Europe,Western Europe,Consumer,46.074,114.5692,388.8786,1.843,1.5075,3.09,0.545,1,577.84,1.6152,66.3,HIGH,2,2017,5,136
2017-05-17,27,90.29885836066667,1417.586554855,1275.805731254,0.04462065666666667,3.4444444444444446,3.3333333333333335,0.6666666666666666,-0.1111111111111111,Cleats,Standard Class,LATAM,Western Europe,Consumer,50.0023,112.9423,474.0489,1.8519,1.6154,3.44,0.667,1,590.64,0.6733,62.31,HIGH,2,2017,5,137
2017-05-18,13,217.33456920042858,1449.33786788,1316.773630768,0.06176874385714285,3.2857142857142856,2.857142857142857,0.5714285714285714,-1.2857142857142858,Men's Footwear,Standard Class,LATAM,Central America,Consumer,24.8682,52.3016,103.8369,1.9129,1.5919,3.29,0.571,1,520.98,1.6204,68.04,HIGH,2,2017,5,138
2017-05-19,14,197.64868985425,1694.229812573,1523.619179507,0.0512900025,2.75,3.75,0.25,-0.75,Fishing,Standard Class,LATAM,Northern Europe,Consumer,30.6571,74.4436,141.2913,2.1898,1.6188,2.75,0.25,0,531.33,1.4737,37.11,MEDIUM,1,2017,5,139
2017-05-20,16,162.1472781485,2233.012886396,2027.721380229,0.038095839625,3.75,3.0,0.625,-0.5,Camping & Hiking,Standard Class,USCA,Southeast Asia,Consumer,28.1538,54.9006,153.3138,1.7596,1.6484,3.75,0.625,1,531.45,1.209,65.06,HIGH,2,2017,5,140
2017-05-21,6,91.9185426454,717.853443305,577.586754356,0.10637024180000001,4.2,2.6,0.8,1.6,Cleats,Standard Class,Europe,East of USA,Consumer,9.9216,16.3053,33.8256,1.6536,1.634,4.2,0.8,1,506.73,0.6853,62.68,HIGH,2,2017,5,141
2017-05-22,20,142.52290775928572,2636.472895468,2417.197329208,0.04536987207142857,3.5714285714285716,3.142857142857143,0.42857142857142855,0.14285714285714285,Water Sports,Standard Class,Pacific Asia,Caribbean,Consumer,31.2053,59.2118,132.6047,1.5603,1.6308,3.57,0.429,0,528.67,1.0627,33.24,MEDIUM,1,2017,5,142
2017-05-23,20,149.689487332,1519.034456758,1332.375424758,0.043555498,3.625,3.5,0.625,0.0,Cleats,Standard Class,Europe,West Africa,Consumer,33.2956,56.238,171.3164,1.6648,1.6241,3.62,0.625,1,534.68,1.1161,63.64,HIGH,2,2017,5,143
2017-05-24,22,108.35834574288889,1527.18030148,1433.3053805089999,0.023418611888888892,4.0,3.111111111111111,0.7777777777777778,0.0,Fishing,Standard Class,Europe,Oceania,Corporate,39.2722,67.2642,81.0766,1.7851,1.7109,4.0,0.778,1,516.68,0.8079,64.22,HIGH,2,2017,5,144
2017-05-25,16,88.2517534348889,1546.873508122,1345.940300147,0.08006143444444444,3.2222222222222223,3.5555555555555554,0.5555555555555556,0.7777777777777778,Men's Footwear,Standard Class,LATAM,Caribbean,Consumer,34.2892,65.3054,243.5984,2.1431,1.6949,3.22,0.556,1,546.97,0.658,63.9,HIGH,2,2017,5,145
2017-05-26,24,135.6885569230909,2357.42985323,2221.6159032,0.03289719381818182,3.4545454545454546,2.1818181818181817,0.7272727272727273,1.4545454545454546,Cleats,Standard Class,Europe,Western Europe,Consumer,40.8162,68.2886,164.7158,1.7007,1.7097,3.45,0.727,1,533.5,1.0117,64.31,HIGH,2,2017,5,146
2017-05-27,12,179.99368682124998,1559.165416583,1427.548245336,0.02216348075,3.5,1.75,0.75,0.75,Cameras ,Standard Class,Europe,Eastern Europe,Consumer,21.9787,40.5132,82.4874,1.8316,1.7441,3.5,0.75,1,517.74,1.342,68.3,HIGH,2,2017,5,147
2017-05-28,37,182.92262833766665,3924.939521393,3532.055505899,0.07324964046666667,3.0,2.4,0.6,0.26666666666666666,Cardio Equipment,Standard Class,LATAM,Central Africa,Consumer,66.1591,88.8089,202.41,1.7881,1.6082,3.0,0.6,1,537.39,1.3639,65.8,HIGH,2,2017,5,148
2017-05-29,20,83.341322371,1399.46319111,1249.79105002,0.05187254322222222,3.2222222222222223,2.4444444444444446,0.3333333333333333,0.4444444444444444,Shop By Sport,Standard Class,Europe,Eastern Asia,Consumer,40.3406,82.5302,191.5321,2.017,1.6288,3.22,0.333,0,541.16,0.6214,32.58,MEDIUM,1,2017,5,149
2017-05-30,19,112.88492164742857,1112.597105344,1051.339589554,0.05619315742857143,4.142857142857143,2.7142857142857144,0.5714285714285714,0.5714285714285714,Cleats,Standard Class,LATAM,Caribbean,Corporate,43.8125,85.9106,110.2144,2.3059,1.6019,4.14,0.571,1,521.87,0.8417,62.04,HIGH,2,2017,5,150
2017-05-31,21,135.6354410788889,1924.920985783,1734.876240885,0.03333348788888889,4.0,3.5555555555555554,0.4444444444444444,0.7777777777777778,Cleats,Standard Class,LATAM,North Africa,Corporate,35.6669,59.3797,235.6201,1.6984,1.6217,4.0,0.444,0,545.26,1.0113,32.55,MEDIUM,1,2017,5,151
2017-06-01,48,161.94457271116664,4546.498668968,4099.570906697,0.06172740433333333,2.8333333333333335,2.7777777777777777,0.5,0.3333333333333333,Women's Apparel,Standard Class,Europe,Canada,Corporate,81.8627,183.1014,436.8303,1.7055,1.408,2.83,0.5,1,592.15,1.2075,60.24,MEDIUM,1,2017,6,152
2017-06-02,15,113.38515264611111,1682.469331391,1493.143342334,0.048120861555555554,4.222222222222222,3.0,0.7777777777777778,0.2222222222222222,Fishing,Standard Class,Pacific Asia,Western Europe,Consumer,29.8222,70.5213,193.6409,1.9881,1.4118,4.22,0.778,1,538.3,0.8454,58.24,MEDIUM,1,2017,6,153
2017-06-03,8,114.912833711,703.700862506,661.786997137,0.02693719575,4.25,3.25,0.75,0.5,Men's Footwear,First Class,Africa,Canada,Consumer,15.3393,21.8031,71.5313,1.9174,1.3635,4.25,0.75,1,514.91,0.8568,57.27,MEDIUM,1,2017,6,154
2017-06-04,14,165.884830964375,1848.142490801,1707.3216100280001,0.021791401374999998,3.125,3.25,0.375,-0.25,Cleats,Standard Class,Europe,Western Europe,Home Office,30.1599,50.7604,83.492,2.1543,1.3706,3.12,0.375,0,516.29,1.2368,29.78,LOW,0,2017,6,155
2017-06-05,30,94.25967129523077,1922.041465445,1650.4724866420001,0.07067969423076924,2.769230769230769,2.923076923076923,0.7692307692307693,0.0,Fishing,Standard Class,Pacific Asia,Western Europe,Corporate,56.9616,95.7457,265.7222,1.8987,1.3507,2.77,0.769,1,552.96,0.7028,57.01,MEDIUM,1,2017,6,156
2017-06-06,17,186.7722014155,1870.335279818,1727.000360939,0.0300401611,3.2,3.0,0.6,0.8,Cleats,Second Class,Pacific Asia,Caribbean,Home Office,29.3729,47.7146,102.1665,1.7278,1.3534,3.2,0.6,1,521.27,1.3926,60.99,HIGH,2,2017,6,157
2017-06-07,5,93.01995829333335,296.430174997,271.64263564600003,0.04156847366666667,4.333333333333333,4.0,1.0,0.3333333333333333,Indoor/Outdoor Games,Standard Class,Europe,Western Europe,Consumer,9.5,21.9844,69.5289,1.9,1.2948,4.33,1.0,1,514.05,0.6936,55.9,MEDIUM,1,2017,6,158
2017-06-08,13,155.4246743145,1512.748531551,1354.372231166,0.057319282625,4.25,2.625,0.625,0.375,Indoor/Outdoor Games,Standard Class,Pacific Asia,Western Europe,Home Office,26.0133,49.0573,54.7895,2.001,1.3467,4.25,0.625,1,508.36,1.1588,58.52,MEDIUM,1,2017,6,159
2017-06-09,21,76.104417250875,1039.906004108,934.181477612,0.06789472975,2.75,3.25,0.625,-0.625,Men's Footwear,Standard Class,Europe,Eastern Asia,Consumer,40.8276,75.914,172.4245,1.9442,1.3545,2.75,0.625,1,532.13,0.5674,57.09,MEDIUM,1,2017,6,160
2017-06-10,22,108.53793756327272,2355.3752766420002,2130.960831566,0.06661475836363637,4.0,2.090909090909091,0.7272727272727273,1.1818181818181819,Camping & Hiking,Standard Class,LATAM,Eastern Asia,Consumer,41.4528,54.4309,103.6464,1.8842,1.3842,4.0,0.727,1,522.77,0.8093,57.68,MEDIUM,1,2017,6,161
2017-06-11,16,150.34900579474998,1563.758095726,1473.727590259,0.04824887525,3.125,2.375,0.75,-0.125,Cleats,Standard Class,Europe,Central Africa,Consumer,31.882,70.9712,194.1452,1.9926,1.3755,3.12,0.75,1,538.62,1.121,58.72,MEDIUM,1,2017,6,162
2017-06-12,7,219.76671419516666,1140.361415216,959.685180262,0.11229180066666666,4.833333333333333,2.1666666666666665,0.8333333333333334,1.6666666666666667,Men's Footwear,First Class,Europe,East Africa,Corporate,14.0923,21.5618,59.7685,2.0132,1.3584,4.83,0.833,1,511.59,1.6386,63.55,HIGH,2,2017,6,163
2017-06-13,7,192.85581186866668,1314.8540595480001,1121.722304482,0.03728968466666666,3.3333333333333335,2.8333333333333335,0.3333333333333333,-1.0,Fishing,Standard Class,Europe,Caribbean,Consumer,14.3955,28.5611,52.4268,2.0565,1.3634,3.33,0.333,0,509.53,1.4379,31.65,MEDIUM,1,2017,6,164
2017-06-14,4,105.12099246833334,400.724861805,343.680907858,0.075413397,4.0,3.3333333333333335,0.6666666666666666,0.0,Cleats,Standard Class,Europe,South Asia,Corporate,7.6442,15.8406,29.0307,1.9111,1.3334,4.0,0.667,1,505.37,0.7838,56.67,MEDIUM,1,2017,6,165
2017-06-15,14,169.98426623742856,1095.645022676,926.153382001,0.06701254100000001,3.7142857142857144,2.857142857142857,0.7142857142857143,-0.2857142857142857,Indoor/Outdoor Games,Standard Class,Pacific Asia,Oceania,Consumer,24.6588,63.4601,143.5551,1.7613,1.2811,3.71,0.714,1,525.88,1.2674,58.3,HIGH,2,2017,6,166
2017-06-16,25,123.15958413266668,2422.541926901,2191.909709014,0.026906478888888887,3.6666666666666665,2.6666666666666665,0.4444444444444444,0.7777777777777778,Fishing,Standard Class,LATAM,Central America,Consumer,45.4373,68.5605,117.7935,1.8175,1.1337,3.67,0.444,0,523.31,0.9183,22.67,LOW,0,2017,6,167
2017-06-17,14,92.04584646175,1318.556013717,1186.359084861,0.049825129999999995,3.25,3.75,0.5,0.125,Children's Clothing,Standard Class,USCA,South Asia,Consumer,28.2896,30.3179,95.7245,2.0207,1.1416,3.25,0.5,1,518.31,0.6863,52.83,MEDIUM,1,2017,6,168
2017-06-18,6,161.2625470402,959.1456716570001,854.536182492,0.087923462,4.2,3.6,0.6,0.6,Cleats,First Class,Africa,Central Asia,Home Office,9.9031,20.1412,41.6203,1.6505,1.1503,4.2,0.6,1,507.74,1.2024,55.03,MEDIUM,1,2017,6,169
2017-06-19,5,213.00837755066667,802.229481479,709.135222487,0.033699267666666664,2.3333333333333335,2.3333333333333335,0.6666666666666666,0.3333333333333333,Camping & Hiking,First Class,USCA,East of USA,Consumer,9.2914,26.1106,22.1965,1.8583,1.1637,2.33,0.667,1,504.41,1.5882,59.16,HIGH,2,2017,6,170
2017-06-20,22,107.08833600088889,1539.460208463,1345.712431542,0.07937257933333333,4.111111111111111,3.0,0.4444444444444444,0.2222222222222222,Cleats,Standard Class,Pacific Asia,Western Europe,Consumer,37.8827,95.1478,196.2295,1.7219,1.1583,4.11,0.444,0,540.05,0.7985,23.17,LOW,0,2017,6,171
2017-06-21,20,160.350100617,2580.389072653,2250.439489985,0.07455664691666668,3.5,2.75,0.6666666666666666,-0.16666666666666666,Cardio Equipment,Standard Class,Europe,Central America,Consumer,35.9236,73.4403,120.0638,1.7962,1.1626,3.5,0.667,1,528.2,1.1956,55.21,MEDIUM,1,2017,6,172
2017-06-22,14,148.58742964636363,2283.06084066,1955.605913202,0.09233640681818182,3.6363636363636362,3.1818181818181817,0.8181818181818182,0.8181818181818182,Cleats,Second Class,Pacific Asia,South Asia,Consumer,28.4939,50.6282,67.2625,2.0353,1.1868,3.64,0.818,1,511.34,1.1079,54.82,MEDIUM,1,2017,6,173
2017-06-23,9,160.88881074757143,1368.081605954,1255.318198621,0.06839317657142857,3.2857142857142856,3.4285714285714284,0.5714285714285714,0.14285714285714285,Cardio Equipment,Standard Class,Europe,Central America,Consumer,16.4302,37.8523,57.7218,1.8256,1.1628,3.29,0.571,1,512.59,1.1996,55.25,MEDIUM,1,2017,6,174
2017-06-24,10,192.33903824150002,1424.482647389,1277.2154109800001,0.059776576,3.8333333333333335,3.0,0.0,0.3333333333333333,Men's Footwear,Second Class,Pacific Asia,Oceania,Consumer,17.9936,29.0336,70.9366,1.7994,1.1667,3.83,0.0,0,515.16,1.4341,27.68,MEDIUM,1,2017,6,175
2017-06-25,6,204.94627673566666,1043.400866379,923.794751843,0.07736560866666667,4.0,3.6666666666666665,0.5,0.0,Women's Apparel,Standard Class,Europe,East of USA,Consumer,9.3798,20.2262,75.7201,1.5633,1.1442,4.0,0.5,1,514.68,1.5281,58.17,HIGH,2,2017,6,176
2017-06-26,10,156.4875905636,1070.54478895,923.639859344,0.1044174698,4.0,2.6,0.4,0.6,Cleats,Standard Class,USCA,East Africa,Consumer,19.2979,41.8561,109.8256,1.9298,1.1233,4.0,0.4,0,522.17,1.1668,24.13,LOW,0,2017,6,177
2017-06-27,6,181.2139306482,1153.4963270810001,1015.218433428,0.0484275056,2.4,2.0,0.8,-0.4,Cardio Equipment,Second Class,Africa,Southeast Asia,Consumer,11.4627,27.7791,52.8284,1.9104,1.1697,2.4,0.8,1,510.29,1.3511,56.9,HIGH,2,2017,6,178
2017-06-28,29,199.0694382673077,2987.935090071,2683.764603173,0.048952856846153844,3.1538461538461537,3.076923076923077,0.5384615384615384,0.7692307692307693,Camping & Hiking,Standard Class,Europe,Southern Europe,Consumer,64.4834,219.5296,605.5241,2.2236,1.473,3.15,0.538,1,621.64,1.4843,64.3,HIGH,2,2017,6,179
2017-06-29,13,123.30313963399999,1729.316862379,1550.182703762,0.075063418875,2.75,3.125,0.375,0.125,Indoor/Outdoor Games,Standard Class,Europe,US Center ,Consumer,22.5776,47.8748,95.8656,1.7367,1.4631,2.75,0.375,0,521.13,0.9193,29.26,LOW,0,2017,6,180
2017-06-30,16,171.53125340811113,1853.405829865,1715.306562817,0.050770287444444444,3.2222222222222223,3.111111111111111,0.4444444444444444,0.5555555555555556,Women's Apparel,Standard Class,Europe,Central America,Consumer,29.2913,51.865,95.6385,1.8307,1.493,3.22,0.444,0,520.1,1.2789,32.65,MEDIUM,1,2017,6,181
2017-07-01,18,75.3995524325,1110.392105186,991.004609102,0.104345924,4.25,3.0,0.75,0.0,Cardio Equipment,Standard Class,USCA,Canada,Consumer,33.0525,64.4654,101.2045,1.8362,1.7752,4.25,0.75,1,521.16,0.5622,65.5,HIGH,2,2017,7,182
2017-07-02,10,166.03897364,1573.657300097,1393.933140441,0.07069121466666667,3.5,2.8333333333333335,0.5,-0.6666666666666666,Cleats,Standard Class,LATAM,Central America,Corporate,20.9705,28.8598,36.7578,2.0971,1.8275,3.5,0.5,1,506.92,1.238,68.93,HIGH,2,2017,7,183
2017-07-03,7,261.92871449625,796.085163101,748.5619247269999,0.015700404,2.75,4.0,0.5,-0.5,Camping & Hiking,Standard Class,Europe,Northern Europe,Consumer,12.4183,21.1867,43.4643,1.774,1.8391,2.75,0.5,1,507.65,1.9529,76.31,HIGH,2,2017,7,184
2017-07-04,13,122.0947185222,957.766161083,874.2806715099999,0.036184312399999995,3.8,1.8,0.6,-0.2,Cleats,Second Class,Pacific Asia,East of USA,Consumer,23.9421,43.247,107.4782,1.8417,1.8193,3.8,0.6,1,521.22,0.9103,66.39,HIGH,2,2017,7,185
2017-07-05,18,139.03687734633334,1028.009554627,953.773586987,0.06236457016666667,3.6666666666666665,3.6666666666666665,0.5,0.16666666666666666,Cleats,Standard Class,USCA,Caribbean,Corporate,34.259,60.4779,137.483,1.9033,1.9404,3.67,0.5,1,529.67,1.0367,69.18,HIGH,2,2017,7,186
2017-07-06,21,134.22977055455556,1401.033605913,1229.632178108,0.06424854444444444,3.3333333333333335,4.0,0.3333333333333333,-0.5555555555555556,Cleats,Standard Class,Pacific Asia,East of USA,Consumer,38.3199,77.4466,157.4394,1.8248,1.9002,3.33,0.333,0,528.28,1.0008,38.01,MEDIUM,1,2017,7,187
2017-07-07,11,154.6861274505,995.287578852,876.37912403,0.06571006525,3.25,4.0,0.5,-0.75,Indoor/Outdoor Games,Standard Class,USCA,Canada,Home Office,18.8411,31.3339,52.9174,1.7128,1.9938,3.25,0.5,1,509.42,1.1533,71.41,HIGH,2,2017,7,188
2017-07-08,15,191.08794577449999,1738.7663364139999,1585.467864043,0.046198351124999995,3.125,3.25,0.625,-0.125,Fishing,Standard Class,Pacific Asia,Western Europe,Consumer,27.3919,67.195,195.4933,1.8261,1.9313,3.12,0.625,1,539.29,1.4248,72.87,HIGH,2,2017,7,189
2017-07-09,12,61.432972688999996,540.3107878349999,497.931651647,0.027665076833333333,2.8333333333333335,2.8333333333333335,0.3333333333333333,0.5,Indoor/Outdoor Games,Standard Class,Europe,South America,Corporate,23.9282,46.9107,69.567,1.994,1.9856,2.83,0.333,0,512.73,0.458,39.71,MEDIUM,1,2017,7,190
2017-07-10,9,85.2634639385,860.982539542,752.963418645,0.07157332575,5.25,3.5,0.25,0.5,Cardio Equipment,Standard Class,Pacific Asia,East Africa,Consumer,14.5466,28.4642,87.8207,1.6163,1.9838,5.25,0.25,0,516.85,0.6357,40.93,MEDIUM,1,2017,7,191
2017-07-11,14,137.7900101045,1249.851491974,1102.830989795,0.046254739625,3.5,2.0,0.625,-0.375,Men's Footwear,Standard Class,Europe,Oceania,Consumer,25.41,46.6517,77.2444,1.815,2.0331,3.5,0.625,1,514.86,1.0274,70.93,HIGH,2,2017,7,192
2017-07-12,7,302.2902682642,1658.669359305,1567.400499699,0.042035832399999994,3.0,3.6,0.2,0.0,Indoor/Outdoor Games,Standard Class,USCA,Eastern Europe,Consumer,11.6894,23.6383,42.7154,1.6699,2.05,3.0,0.2,0,507.59,2.2539,53.54,MEDIUM,1,2017,7,193
2017-07-13,2,67.76387960299999,323.447938073,299.539168221,0.026051607499999997,5.5,3.0,1.0,2.0,Fishing,Standard Class,Pacific Asia,Southeast Asia,Consumer,4.0367,9.3335,13.1349,2.0184,1.9951,5.5,1.0,1,502.43,0.5052,72.4,HIGH,2,2017,7,194
2017-07-14,16,187.43242947214284,1696.574859944,1618.313615032,0.040224531142857144,4.0,2.4285714285714284,0.14285714285714285,-0.14285714285714285,Cameras ,Standard Class,Europe,Central America,Consumer,24.6076,40.5598,80.0241,1.538,2.0687,4.0,0.143,0,517.13,1.3975,45.35,MEDIUM,1,2017,7,195
2017-07-15,6,89.6105398985,682.799628063,557.626013786,0.13658380625,3.5,3.25,0.5,0.25,Fishing,Standard Class,Europe,Central America,Corporate,10.162,17.4646,57.7763,1.6937,2.0431,3.5,0.5,1,510.77,0.6681,70.86,HIGH,2,2017,7,196
2017-07-16,14,173.90633143285714,1166.838232763,1074.9433651,0.04664416442857143,3.2857142857142856,2.5714285714285716,0.42857142857142855,0.7142857142857143,Indoor/Outdoor Games,Standard Class,LATAM,South Asia,Consumer,26.0382,48.0368,135.2977,1.8599,2.1158,3.29,0.429,0,524.82,1.2966,45.28,MEDIUM,1,2017,7,197
2017-07-17,25,108.08908796477778,1482.877900159,1377.39034117,0.03293926511111111,2.888888888888889,3.0,0.7777777777777778,1.5555555555555556,Cleats,Standard Class,Europe,Central America,Consumer,52.3638,78.4285,259.7388,2.0946,2.0017,2.89,0.778,1,550.37,0.8059,70.03,HIGH,2,2017,7,198
2017-07-18,22,148.49878843063635,2293.264441695,1984.152729432,0.07160829327272727,4.454545454545454,2.4545454545454546,0.45454545454545453,-0.2727272727272727,Cardio Equipment,Standard Class,Europe,Oceania,Consumer,39.1443,65.1407,183.8905,1.7793,1.9746,4.45,0.455,0,538.39,1.1072,40.56,MEDIUM,1,2017,7,199
2017-07-19,20,135.1643318325,2329.875068266,2183.6401180519997,0.04023463025,4.0,2.875,0.875,1.125,Cleats,Standard Class,Pacific Asia,Caribbean,Consumer,33.8859,60.3947,96.5111,1.6943,2.0078,4.0,0.875,1,518.91,1.0078,70.23,HIGH,2,2017,7,200
2017-07-20,10,173.464014752625,1635.595870029,1442.6371137,0.06811426675,4.125,2.75,0.25,-0.625,Cleats,Standard Class,LATAM,Central America,Consumer,21.6172,50.4767,105.7182,2.1617,2.0314,4.12,0.25,0,520.68,1.2933,43.56,MEDIUM,1,2017,7,201
2017-07-21,7,303.9894455544,1229.169981373,1130.10928194,0.04574316120000001,3.6,4.0,0.4,-1.0,Cameras ,Standard Class,Europe,Caribbean,Home Office,10.8471,22.4111,40.106,1.5496,2.0354,3.6,0.4,0,508.05,2.2665,53.37,MEDIUM,1,2017,7,202
2017-07-22,26,63.42800567522223,1105.525962686,1016.844469457,0.030583629555555554,3.111111111111111,2.888888888888889,0.5555555555555556,0.1111111111111111,Cleats,Standard Class,Europe,Western Europe,Corporate,37.375,76.1624,285.3195,1.4375,1.912,3.11,0.556,1,552.53,0.4729,68.24,HIGH,2,2017,7,203
2017-07-23,15,172.92760390371427,1839.415239547,1697.250609867,0.034217859142857146,3.7142857142857144,3.4285714285714284,0.42857142857142855,0.14285714285714285,Camping & Hiking,Standard Class,LATAM,Oceania,Corporate,28.0738,65.246,100.9202,1.8716,1.9217,3.71,0.429,0,520.93,1.2893,41.33,MEDIUM,1,2017,7,204
2017-07-24,21,201.3695092515,2432.981065155,2250.016774713,0.0510122326,3.7,3.3,0.3,-0.1,Fishing,Standard Class,LATAM,Central America,Corporate,35.7698,68.2226,219.3375,1.7033,1.8852,3.7,0.3,0,544.67,1.5014,42.72,MEDIUM,1,2017,7,205
2017-07-25,8,214.13526840542858,2370.931301881,2255.925588407,0.036740428285714284,4.428571428571429,3.0,0.42857142857142855,0.2857142857142857,Cleats,Standard Class,LATAM,Central America,Corporate,12.9372,27.422,88.1394,1.6171,1.9058,4.43,0.429,0,517.3,1.5966,44.08,MEDIUM,1,2017,7,206
2017-07-26,13,84.45718157283333,989.956683068,882.919006137,0.10872475799999999,4.5,3.6666666666666665,0.6666666666666666,-0.3333333333333333,Men's Footwear,Standard Class,Europe,Canada,Consumer,24.9924,47.9939,214.1084,1.9225,1.8979,4.5,0.667,1,544.13,0.6297,67.96,HIGH,2,2017,7,207
2017-07-27,11,117.91201197833334,681.676941477,635.085904315,0.03040623766666667,2.0,2.0,0.6666666666666666,0.0,Fishing,First Class,Europe,South America,Consumer,20.1875,41.7326,85.0239,1.8352,1.939,2.0,0.667,1,515.76,0.8792,68.78,HIGH,2,2017,7,208
2017-07-28,25,102.27197774275,2029.278389514,1820.549570335,0.05234732858333333,2.9166666666666665,2.9166666666666665,0.16666666666666666,0.9166666666666666,Cleats,Standard Class,Pacific Asia,East of USA,Consumer,42.3198,73.8363,222.7842,1.6928,1.397,2.92,0.167,0,547.38,0.7625,27.94,LOW,0,2017,7,209
2017-07-29,4,155.9939423795,494.394120356,477.186944128,0.08869404,3.5,4.0,0.5,1.5,Women's Apparel,Standard Class,LATAM,Southern Europe,Consumer,6.3032,7.587,39.6485,1.5758,1.3554,3.5,0.5,1,507.99,1.1631,58.74,MEDIUM,1,2017,7,210
2017-07-30,26,163.8139218171818,2495.805095426,2196.553294126,0.062297229272727274,4.2727272727272725,2.909090909090909,0.45454545454545453,0.9090909090909091,Fishing,Standard Class,Pacific Asia,Caribbean,Consumer,50.8118,96.9718,183.6968,1.9543,1.2986,4.27,0.455,0,535.86,1.2214,28.19,LOW,0,2017,7,211
2017-07-31,15,141.65446099333334,1625.497433206,1465.775622361,0.054288224999999996,2.6666666666666665,3.0,0.6666666666666666,1.3333333333333333,Indoor/Outdoor Games,Standard Class,Pacific Asia,Western Europe,Consumer,28.6702,74.7055,102.6505,1.9113,1.2956,2.67,0.667,1,520.5,1.0562,56.47,MEDIUM,1,2017,7,212
2017-08-01,17,83.26634332500001,1381.272638474,1285.488948403,0.015931427222222225,3.111111111111111,2.888888888888889,0.2222222222222222,-0.6666666666666666,Men's Footwear,First Class,Pacific Asia,Western Europe,Corporate,30.1469,71.1274,86.6182,1.7733,1.2795,3.11,0.222,0,517.14,0.6208,25.59,LOW,0,2017,8,213
2017-08-02,23,125.893952532875,1620.7343345,1423.217602138,0.044694550125,4.0,2.625,0.625,1.125,Accessories,Second Class,Europe,Central America,Consumer,49.5481,117.8216,355.5483,2.1543,1.3937,4.0,0.625,1,573.92,0.9387,57.87,MEDIUM,1,2017,8,214
2017-08-03,16,75.90468979183333,733.502798514,707.299569738,0.046975546,2.8333333333333335,2.1666666666666665,0.5,-0.8333333333333334,Fishing,Standard Class,Africa,Central America,Consumer,25.7483,64.634,78.6241,1.6093,1.4224,2.83,0.5,1,514.0,0.5659,58.45,MEDIUM,1,2017,8,215
2017-08-04,19,103.77100076342857,1410.189943061,1322.909309543,0.026095017,3.0,3.0,0.42857142857142855,-1.0,Cardio Equipment,Standard Class,LATAM,Central America,Consumer,29.2147,58.2971,120.3352,1.5376,1.428,3.0,0.429,0,522.62,0.7737,28.56,LOW,0,2017,8,216
2017-08-05,18,152.82802904985715,1084.148316476,921.00086745,0.11025307428571429,3.2857142857142856,2.4285714285714284,0.7142857142857143,0.42857142857142855,Men's Footwear,Standard Class,Europe,Central Africa,Consumer,30.0832,61.3489,168.12,1.6713,1.432,3.29,0.714,1,535.49,1.1395,60.03,MEDIUM,1,2017,8,217
2017-08-06,8,162.553232042,1078.445434972,989.437102118,0.0441259266,2.4,3.0,0.6,0.8,Indoor/Outdoor Games,Standard Class,USCA,Western Europe,Consumer,14.263,24.7119,62.0003,1.7829,1.3973,2.4,0.6,1,511.92,1.212,60.07,MEDIUM,1,2017,8,218
2017-08-07,13,222.92741997644444,2419.367614112,2171.202292904,0.08003781722222222,3.888888888888889,3.6666666666666665,0.4444444444444444,0.3333333333333333,Electronics,Standard Class,Pacific Asia,Western Europe,Home Office,23.8568,43.9039,119.815,1.8351,1.4006,3.89,0.444,0,525.13,1.6621,34.63,MEDIUM,1,2017,8,219
2017-08-08,12,169.407597526,1547.180866568,1384.211977959,0.04250721166666666,2.6666666666666665,4.0,0.3333333333333333,1.1666666666666667,Cleats,Standard Class,Pacific Asia,Central Africa,Consumer,20.98,46.5195,118.2396,1.7483,1.3712,2.67,0.333,0,525.69,1.2631,30.05,MEDIUM,1,2017,8,220
2017-08-09,11,109.67110820285714,1192.482003669,1092.133513113,0.051135342571428564,4.0,3.7142857142857144,0.42857142857142855,0.0,Women's Apparel,Standard Class,Pacific Asia,Caribbean,Consumer,20.4072,50.8974,187.252,1.8552,1.358,4.0,0.429,0,537.01,0.8177,27.16,LOW,0,2017,8,221
2017-08-10,19,137.0725562952,2466.57084691,2238.520458043,0.062007598799999994,2.6,3.2,0.5,-0.1,Cleats,Standard Class,Europe,East of USA,Consumer,30.0262,57.2444,96.4534,1.5803,1.3522,2.6,0.5,1,520.59,1.022,57.26,MEDIUM,1,2017,8,222
2017-08-11,12,100.3968163208,707.894251208,635.559981143,0.017608994,4.6,3.6,0.4,0.4,Accessories,Standard Class,Europe,Eastern Asia,Consumer,24.8304,44.4862,82.5391,2.0692,1.3622,4.6,0.4,0,515.12,0.7486,27.24,LOW,0,2017,8,223
2017-08-12,18,107.153933422,1747.774882582,1545.320020018,0.050820122555555555,3.4444444444444446,2.3333333333333335,0.7777777777777778,-0.3333333333333333,Fishing,Standard Class,Europe,Central America,Home Office,31.9746,62.6896,112.4834,1.7764,1.4207,3.44,0.778,1,523.86,0.7989,58.41,MEDIUM,1,2017,8,224
2017-08-13,14,181.98538303385712,1824.08745003,1631.687125162,0.050723687428571425,4.428571428571429,3.0,0.5714285714285714,1.2857142857142858,Children's Clothing,First Class,Pacific Asia,Central America,Consumer,28.0384,61.9893,194.9162,2.0027,1.3738,4.43,0.571,1,539.26,1.3569,61.04,HIGH,2,2017,8,225
2017-08-14,26,142.5395155990909,1965.608773068,1706.855926182,0.0662651339090909,3.727272727272727,3.0,0.36363636363636365,0.6363636363636364,Cardio Equipment,Standard Class,Europe,Southeast Asia,Consumer,48.1902,70.7768,228.0836,1.8535,1.375,3.73,0.364,0,546.85,1.0628,28.13,LOW,0,2017,8,226
2017-08-15,23,94.334750508,1200.648348444,1056.8225780359999,0.08370199988888889,3.6666666666666665,3.4444444444444446,0.4444444444444444,0.6666666666666666,Cardio Equipment,Standard Class,Pacific Asia,West of USA ,Home Office,43.1187,53.403,147.0594,1.8747,1.3732,3.67,0.444,0,527.93,0.7034,27.46,LOW,0,2017,8,227
2017-08-16,18,150.6023347495,1530.432478843,1370.950228404,0.098547386375,3.625,3.125,0.625,0.0,Fishing,Standard Class,Europe,Southern Europe,Consumer,34.1286,59.9299,213.2443,1.896,1.3766,3.62,0.625,1,539.66,1.1229,58.76,MEDIUM,1,2017,8,228
2017-08-17,5,141.029061852,509.347715974,474.056189627,0.028426091,2.0,2.0,1.0,-1.0,Golf Gloves,Second Class,Europe,Southern Europe,Consumer,9.3652,14.3823,22.3925,1.873,1.3788,2.0,1.0,1,504.73,1.0515,58.09,MEDIUM,1,2017,8,229
2017-08-18,19,278.2649827121111,2647.159723684,2412.852168259,0.03304704533333333,3.888888888888889,3.2222222222222223,0.4444444444444444,-0.4444444444444444,Cleats,Standard Class,Europe,Western Europe,Consumer,36.2884,64.2651,270.8557,1.9099,1.3794,3.89,0.444,0,550.25,2.0747,38.34,MEDIUM,1,2017,8,230
2017-08-19,15,150.27375681844444,1928.177934998,1728.4681244429999,0.08847892033333332,3.5555555555555554,1.7777777777777777,0.6666666666666666,-0.1111111111111111,Cleats,Standard Class,LATAM,Central America,Consumer,30.6843,58.4016,234.046,2.0456,1.3951,3.56,0.667,1,546.33,1.1204,59.11,MEDIUM,1,2017,8,231
2017-08-20,6,71.81337894075,565.97608069,466.819192321,0.07747834725,4.0,3.5,0.5,0.25,Cardio Equipment,Standard Class,Africa,Central America,Corporate,10.9594,19.6229,59.6924,1.8266,1.3607,4.0,0.5,1,512.5,0.5354,57.21,MEDIUM,1,2017,8,232
2017-08-21,26,134.17517953945455,2281.0441970800002,2049.854502688,0.04860276109090909,2.727272727272727,3.6363636363636362,0.5454545454545454,0.0,Cleats,Standard Class,Europe,Northern Europe,Home Office,49.988,131.0297,574.8417,1.9226,1.7353,2.73,0.545,1,615.47,1.0004,64.71,HIGH,2,2017,8,233
2017-08-22,16,139.4489327755,2212.031621528,2048.365615321,0.04259106825,3.125,3.0,0.375,0.0,Fishing,Standard Class,USCA,West of USA ,Consumer,28.4004,59.4359,78.2666,1.775,1.7557,3.12,0.375,0,518.77,1.0397,35.51,MEDIUM,1,2017,8,234
2017-08-23,15,94.964995175,1563.403119131,1444.521875657,0.062160996333333336,3.7777777777777777,2.888888888888889,0.6666666666666666,0.5555555555555556,Camping & Hiking,Standard Class,Europe,US Center ,Consumer,31.0267,64.592,126.4156,2.0684,1.7815,3.78,0.667,1,526.82,0.7081,65.63,HIGH,2,2017,8,235
2017-08-24,14,137.6948670575,1254.992987594,1122.871826626,0.072292029,3.0,4.0,0.6666666666666666,0.16666666666666666,Cleats,Standard Class,LATAM,Caribbean,Corporate,23.4344,52.0286,94.583,1.6739,1.8479,3.0,0.667,1,518.0,1.0267,67.22,HIGH,2,2017,8,236
2017-08-25,8,179.4972628764,1534.152117977,1434.56263004,0.0172269512,2.8,2.6,0.4,-1.2,Fishing,Standard Class,Pacific Asia,Western Europe,Consumer,17.1556,26.7813,81.0658,2.1444,1.8408,2.8,0.4,0,516.24,1.3383,40.2,MEDIUM,1,2017,8,237
2017-08-26,11,178.70372578500002,1382.9844602379999,1188.345334358,0.052008808375,3.625,2.875,0.5,-0.25,Cardio Equipment,Second Class,LATAM,Central America,Consumer,19.6223,47.3533,77.1018,1.7838,1.847,3.62,0.5,1,515.37,1.3324,70.26,HIGH,2,2017,8,238
2017-08-27,10,210.44894149383333,1403.562611976,1211.704185792,0.08854850133333332,4.0,3.3333333333333335,0.6666666666666666,1.5,Fishing,Standard Class,Europe,Oceania,Consumer,15.5226,29.9727,91.8772,1.5523,1.8878,4.0,0.667,1,516.79,1.5691,73.45,HIGH,2,2017,8,239
2017-08-28,15,197.13846873857142,1862.353769072,1658.201067714,0.07315558485714287,3.142857142857143,3.4285714285714284,0.8571428571428571,-0.2857142857142857,Cleats,Standard Class,Africa,East Africa,Corporate,27.2117,61.001,231.7407,1.8141,1.9632,3.14,0.857,1,544.94,1.4699,73.96,HIGH,2,2017,8,240
2017-08-29,18,158.727752693125,1856.707905683,1682.028776556,0.052015834000000004,2.125,3.375,0.625,0.375,Cleats,Standard Class,Europe,Central America,Consumer,30.1159,47.6474,142.9065,1.6731,2.0652,2.12,0.625,1,527.57,1.1835,73.14,HIGH,2,2017,8,241
2017-08-30,11,127.87810377583334,1154.122421792,1017.830004364,0.06664930916666666,2.8333333333333335,3.5,0.3333333333333333,-0.5,Cleats,First Class,USCA,West Asia,Consumer,21.429,30.7885,79.9575,1.9481,2.0431,2.83,0.333,0,513.75,0.9535,40.86,MEDIUM,1,2017,8,242
2017-08-31,20,124.34247833629999,2471.810092688,2146.560699137,0.0868991633,4.4,2.2,0.6,1.3,Cleats,Standard Class,LATAM,East of USA,Consumer,33.5574,77.477,128.9296,1.6779,2.0032,4.4,0.6,1,525.88,0.9271,70.06,HIGH,2,2017,8,243
2017-09-01,21,163.5947247607,2371.912929262,2123.0179228449997,0.040789483599999996,2.5,2.9,0.7,0.9,Cleats,Standard Class,Pacific Asia,East of USA,Consumer,35.9702,76.0294,132.922,1.7129,1.9934,2.5,0.7,1,526.06,1.2198,72.07,HIGH,2,2017,9,244
2017-09-02,15,143.6313186635,1125.347436617,983.238961531,0.07417797666666667,3.8333333333333335,3.3333333333333335,0.3333333333333333,-0.5,Cardio Equipment,Standard Class,Pacific Asia,South Asia,Consumer,22.2398,36.4019,132.5589,1.4827,1.951,3.83,0.333,0,524.0,1.0709,39.73,MEDIUM,1,2017,9,245
2017-09-03,12,146.405506132,1421.7526085260001,1338.272884038,0.055493883285714286,3.2857142857142856,3.0,0.5714285714285714,0.0,Camping & Hiking,Standard Class,Europe,East of USA,Consumer,20.5418,33.8411,104.5317,1.7118,1.9383,3.29,0.571,1,521.39,1.0916,69.68,HIGH,2,2017,9,246
2017-09-04,10,157.2073287418,1246.259020294,1135.952609196,0.078950049,3.6,3.2,0.4,0.4,Cleats,Standard Class,Africa,Eastern Europe,Consumer,14.0551,34.5089,80.046,1.4055,1.9391,3.6,0.4,0,516.73,1.1721,40.5,MEDIUM,1,2017,9,247
2017-09-05,6,147.843577632,1410.626490507,1340.664821874,0.029526098333333334,3.3333333333333335,3.6666666666666665,0.6666666666666666,0.16666666666666666,Boxing & MMA,Standard Class,Europe,US Center ,Consumer,9.172,14.1742,28.7947,1.5287,1.9311,3.33,0.667,1,505.9,1.1023,69.65,HIGH,2,2017,9,248
2017-09-06,20,128.240580588125,1298.091768308,1148.862397025,0.06318549675,2.625,3.125,0.5,-0.75,Camping & Hiking,Standard Class,Africa,Caribbean,Consumer,38.6505,105.2399,121.7841,1.9325,1.9336,2.62,0.5,1,523.71,0.9562,68.67,HIGH,2,2017,9,249
2017-09-07,12,101.09627079,1069.657234269,968.4422364669999,0.07908692219999999,2.2,3.6,0.8,0.0,Fishing,Standard Class,LATAM,South America,Consumer,23.2493,38.065,61.5309,1.9374,1.9783,2.2,0.8,1,513.02,0.7538,69.57,HIGH,2,2017,9,250
2017-09-08,12,130.05469626857143,1386.585586955,1178.762336752,0.07204958385714286,3.0,2.2857142857142856,0.7142857142857143,-0.2857142857142857,Cardio Equipment,Standard Class,LATAM,Western Europe,Consumer,22.4264,49.9521,229.3162,1.8689,1.9884,3.0,0.714,1,546.68,0.9697,69.77,HIGH,2,2017,9,251
2017-09-09,8,187.2920957202,974.200822075,873.2894453480001,0.0587176758,3.0,3.6,0.6,-0.2,Cleats,Standard Class,Africa,Western Europe,Corporate,13.0076,23.8779,35.8676,1.6259,1.9658,3.0,0.6,1,507.42,1.3964,73.28,HIGH,2,2017,9,252
2017-09-10,7,148.93243525125,925.280475783,830.766873144,0.0872333205,3.5,2.0,0.5,0.75,Cardio Equipment,Standard Class,LATAM,Central America,Consumer,12.4775,27.5971,69.3433,1.7825,1.9033,3.5,0.5,1,513.29,1.1104,69.17,HIGH,2,2017,9,253
2017-09-11,9,161.71418802099998,1412.363755294,1280.833829075,0.046695981,4.0,3.5,0.5,0.0,Cardio Equipment,Standard Class,Europe,Oceania,Consumer,16.1134,28.3315,94.786,1.7904,1.8625,4.0,0.5,1,519.21,1.2057,69.31,HIGH,2,2017,9,254
2017-09-12,16,140.83828181733335,761.41837606,681.747622686,0.029435534833333332,3.5,2.3333333333333335,0.6666666666666666,0.3333333333333333,Indoor/Outdoor Games,Second Class,USCA,East of USA,Consumer,25.522,48.4304,73.4016,1.5951,1.926,3.5,0.667,1,516.59,1.0501,69.02,HIGH,2,2017,9,255
2017-09-13,8,162.11841865149998,1288.859999674,1201.041261781,0.04338896750000001,1.6666666666666667,2.3333333333333335,0.6666666666666666,0.5,Cleats,Standard Class,Africa,Eastern Asia,Consumer,16.6526,32.914,82.5652,2.0816,2.015,1.67,0.667,1,516.04,1.2088,72.39,HIGH,2,2017,9,256
2017-09-14,18,156.19397256942855,1437.017279187,1285.113665478,0.07072462071428572,4.142857142857143,2.857142857142857,1.0,0.5714285714285714,Cleats,Standard Class,Pacific Asia,Caribbean,Consumer,35.1947,56.4641,184.3646,1.9553,2.0656,4.14,1.0,1,540.65,1.1646,72.96,HIGH,2,2017,9,257
2017-09-15,9,201.642795837,1508.3170691609998,1382.878305532,0.0565418772,3.8,3.4,0.6,-1.0,Fishing,Standard Class,USCA,Central Africa,Consumer,15.7669,35.8458,84.6599,1.7519,2.0778,3.8,0.6,1,516.46,1.5034,76.59,HIGH,2,2017,9,258
2017-09-16,14,120.17978092116668,1058.588688419,964.792447072,0.070226104,3.8333333333333335,3.1666666666666665,0.16666666666666666,-0.6666666666666666,Cleats,Standard Class,Pacific Asia,Oceania,Consumer,25.1418,44.4799,285.4363,1.7958,2.1167,3.83,0.167,0,557.13,0.8961,42.33,MEDIUM,1,2017,9,259
2017-09-17,13,116.77411445179999,681.889112765,604.33802053,0.0458359596,2.6,2.8,0.8,0.8,Shop By Sport,Standard Class,LATAM,Canada,Corporate,23.7736,44.5228,58.3835,1.8287,2.2047,2.6,0.8,1,510.8,0.8707,74.09,HIGH,2,2017,9,260
2017-09-18,15,139.46606696371427,1436.440448195,1363.403833648,0.03690833657142857,3.5714285714285716,3.142857142857143,0.42857142857142855,0.5714285714285714,Cardio Equipment,Standard Class,Pacific Asia,Canada,Consumer,21.9039,35.1963,119.8854,1.4603,2.2307,3.57,0.429,0,524.31,1.0399,45.01,MEDIUM,1,2017,9,261
2017-09-19,19,254.08956721527272,2697.482035872,2460.711350741,0.047166594636363635,3.8181818181818183,3.3636363636363638,0.45454545454545453,-0.45454545454545453,Women's Apparel,Standard Class,Europe,East of USA,Corporate,33.1986,38.9854,86.293,1.7473,2.3165,3.82,0.455,0,513.95,1.8945,55.28,MEDIUM,1,2017,9,262
2017-09-20,10,217.07526934716668,1568.485515022,1351.117322809,0.089919072,2.6666666666666665,1.5,1.0,1.5,Men's Footwear,Standard Class,LATAM,Central America,Corporate,16.7295,31.5671,97.2542,1.6729,1.6263,2.67,1.0,1,518.9,1.6185,68.71,HIGH,2,2017,9,263
2017-09-21,10,105.28327848166667,1390.867594553,1310.635546477,0.03449811816666667,3.0,2.0,0.6666666666666666,0.5,Cardio Equipment,First Class,LATAM,Central America,Corporate,16.2032,51.4639,141.2284,1.6203,1.5708,3.0,0.667,1,527.15,0.785,61.42,HIGH,2,2017,9,264
2017-09-22,18,120.31840502927274,1763.959214978,1569.19815686,0.07146076581818182,2.909090909090909,2.3636363636363638,0.5454545454545454,0.18181818181818182,Cardio Equipment,Standard Class,Europe,Caribbean,Consumer,31.3448,71.8885,130.7847,1.7414,1.55,2.91,0.545,1,526.4,0.8971,61.0,HIGH,2,2017,9,265
2017-09-23,19,175.75201613877778,1685.030007146,1558.240203645,0.04455302033333333,2.6666666666666665,3.4444444444444446,0.6666666666666666,-0.1111111111111111,Cleats,Standard Class,Europe,Southern Europe,Consumer,40.7312,79.5423,202.6497,2.1437,1.5307,2.67,0.667,1,542.42,1.3104,63.72,HIGH,2,2017,9,266
2017-09-24,7,136.9792364555,722.781144112,629.980585851,0.0343440325,3.5,2.5,0.25,-0.5,Cardio Equipment,Standard Class,Pacific Asia,Central America,Consumer,13.3669,24.8622,30.5122,1.9096,1.5779,3.5,0.25,0,506.55,1.0213,31.77,MEDIUM,1,2017,9,267
2017-09-25,11,138.8621998875,956.8739014529999,844.33909767,0.06796290675,3.25,3.25,0.75,-0.25,Fishing,Standard Class,USCA,Central Africa,Consumer,18.6075,36.6423,106.4187,1.6916,1.5549,3.25,0.75,1,518.67,1.0354,61.45,HIGH,2,2017,9,268
2017-09-26,15,189.42615706844447,1892.4981763810001,1679.042339171,0.05881299633333333,4.0,3.6666666666666665,0.5555555555555556,0.7777777777777778,Cardio Equipment,Standard Class,Pacific Asia,Central America,Consumer,28.4485,62.2194,162.4,1.8966,1.5634,4.0,0.556,1,535.54,1.4124,65.39,HIGH,2,2017,9,269
2017-09-27,9,102.44510040050001,603.556562124,531.973376174,0.11510092775,3.5,3.0,0.5,2.0,Cleats,First Class,Pacific Asia,Western Europe,Consumer,18.5403,28.701,84.3946,2.06,1.493,3.5,0.5,1,517.14,0.7638,59.86,MEDIUM,1,2017,9,270
2017-09-28,13,113.75385420788888,1166.64795141,1078.768539342,0.03808520622222222,3.4444444444444446,3.3333333333333335,0.3333333333333333,0.2222222222222222,Cleats,Standard Class,Europe,Central America,Corporate,25.5388,62.5653,213.0641,1.9645,1.543,3.44,0.333,0,541.6,0.8481,30.86,MEDIUM,1,2017,9,271
2017-09-29,17,108.84173401681818,1983.8677319399999,1791.780553745,0.042633287909090906,3.3636363636363638,3.3636363636363638,0.5454545454545454,-0.45454545454545453,Fishing,Standard Class,Europe,East of USA,Consumer,30.6295,69.2821,185.2848,1.8017,1.5283,3.36,0.545,1,537.32,0.8115,60.57,HIGH,2,2017,9,272
2017-09-30,22,99.94668615430001,1796.461443162,1601.278919111,0.06854428729999999,3.4,3.2,0.6,0.6,Fishing,Standard Class,Africa,Western Europe,Corporate,36.9341,83.5897,207.0151,1.6788,1.5131,3.4,0.6,1,541.79,0.7452,60.26,HIGH,2,2017,9,273
2017-10-01,18,108.278267698875,1369.581963439,1325.659305616,0.050628927500000004,3.875,2.875,0.625,-0.375,Cleats,Standard Class,LATAM,Central America,Corporate,34.5698,73.9821,127.803,1.9205,1.5529,3.88,0.625,1,524.36,0.8073,61.06,HIGH,2,2017,10,274
2017-10-02,12,122.93791159199999,1199.193517134,1080.807418591,0.05282439757142857,3.4285714285714284,2.5714285714285716,0.5714285714285714,-0.42857142857142855,Water Sports,Standard Class,Europe,Oceania,Home Office,22.3548,43.9966,80.6304,1.8629,1.5767,3.43,0.571,1,516.36,0.9166,61.53,HIGH,2,2017,10,275
2017-10-03,9,134.48724436783334,1512.416864806,1453.255092293,0.019419017,3.3333333333333335,3.5,0.3333333333333333,-0.16666666666666666,Women's Apparel,Standard Class,Europe,Western Europe,Consumer,17.6287,39.5375,140.8433,1.9587,1.5307,3.33,0.333,0,527.62,1.0027,30.64,MEDIUM,1,2017,10,276
2017-10-04,16,179.06062412822223,2086.788446938,1856.712710129,0.10391783333333332,2.7777777777777777,3.111111111111111,0.7777777777777778,0.8888888888888888,Cleats,Standard Class,Europe,Central America,Consumer,30.5356,67.3837,261.9518,1.9085,1.5841,2.78,0.778,1,551.74,1.3351,65.03,HIGH,2,2017,10,277
2017-10-05,9,172.92433414166666,926.979456384,856.647380499,0.060513029333333336,4.0,1.0,0.3333333333333333,0.0,Crafts,First Class,Europe,Southeast Asia,Consumer,17.903,32.6977,70.7397,1.9892,1.5874,4.0,0.333,0,513.53,1.2893,34.64,MEDIUM,1,2017,10,278
2017-10-06,11,92.0460100085,1305.190503361,1094.631440677,0.08006409216666667,3.6666666666666665,2.8333333333333335,0.5,0.5,Cleats,Second Class,Pacific Asia,South Asia,Consumer,18.6745,32.6415,78.0014,1.6977,1.6526,3.67,0.5,1,514.02,0.6863,63.05,HIGH,2,2017,10,279
2017-10-07,15,119.22788315114285,1758.178243159,1556.882029191,0.07151682042857142,3.4285714285714284,3.2857142857142856,0.2857142857142857,-0.14285714285714285,Cleats,Standard Class,LATAM,Central America,Consumer,30.6483,61.3193,105.0588,2.0432,1.6169,3.43,0.286,0,521.23,0.889,32.34,MEDIUM,1,2017,10,280
2017-10-08,27,109.33251575718182,1977.00990403,1721.258572387,0.08354358209090909,3.3636363636363638,2.090909090909091,0.6363636363636364,0.0,Cardio Equipment,First Class,Pacific Asia,South America,Consumer,49.3227,131.8065,467.2387,1.8268,1.8128,3.36,0.636,1,595.03,0.8152,66.26,HIGH,2,2017,10,281
2017-10-09,6,323.25557046316663,1571.41203756,1401.7843792439999,0.054528417833333336,3.3333333333333335,2.8333333333333335,0.8333333333333334,-0.3333333333333333,Camping & Hiking,Standard Class,Europe,Central America,Consumer,13.2245,20.2347,60.0594,2.2041,1.7445,3.33,0.833,1,512.32,2.4102,78.99,HIGH,2,2017,10,282
2017-10-10,13,138.57728500066665,982.3213898260001,853.7434645,0.08658543383333334,3.8333333333333335,3.3333333333333335,0.5,0.0,Indoor/Outdoor Games,Standard Class,Europe,Central America,Consumer,21.7327,31.768,147.367,1.6717,1.7723,3.83,0.5,1,530.54,1.0332,65.78,HIGH,2,2017,10,283
2017-10-11,19,157.38903807614287,1762.5815953000001,1575.239579149,0.101844494,2.2857142857142856,3.142857142857143,0.42857142857142855,0.2857142857142857,Cleats,Standard Class,Europe,West Africa,Consumer,40.4806,82.0166,141.8186,2.1306,1.7812,2.29,0.429,0,528.98,1.1735,37.36,MEDIUM,1,2017,10,284
2017-10-12,22,137.0733124629091,2708.227568149,2439.734625683,0.06513441663636364,3.6363636363636362,2.8181818181818183,0.7272727272727273,0.7272727272727273,Cleats,Standard Class,LATAM,Central America,Consumer,40.1901,79.5945,163.9699,1.8268,1.6798,3.64,0.727,1,531.62,1.022,63.82,HIGH,2,2017,10,285
2017-10-13,14,205.13443749,2009.663084026,1895.320316907,0.05600585266666666,3.7777777777777777,3.0,0.7777777777777778,1.7777777777777777,Cardio Equipment,Standard Class,USCA,East Africa,Consumer,23.493,47.6803,121.579,1.6781,1.721,3.78,0.778,1,525.49,1.5295,69.71,HIGH,2,2017,10,286
2017-10-14,2,104.85989278150001,320.340905222,290.655853744,0.022036523500000002,3.0,4.0,0.0,1.0,Men's Footwear,Second Class,Europe,Central America,Consumer,3.4128,7.0251,20.7137,1.7064,1.629,3.0,0.0,0,503.87,0.7818,32.58,MEDIUM,1,2017,10,287
2017-10-15,13,93.5876181002,792.834298331,682.9585427310001,0.06811924659999999,3.4,2.8,0.6,0.2,Fishing,Standard Class,USCA,West Asia,Corporate,22.5492,42.2755,92.182,1.7346,1.6621,3.4,0.6,1,517.27,0.6978,63.24,HIGH,2,2017,10,288
2017-10-16,18,168.569413495875,1882.941775167,1560.696046271,0.1285276205,4.0,1.875,0.5,0.25,Cardio Equipment,Standard Class,Pacific Asia,East of USA,Consumer,33.6353,88.8274,153.884,1.8686,1.631,4.0,0.5,1,529.04,1.2569,65.19,HIGH,2,2017,10,289
2017-10-17,11,122.060043099,1101.217854018,1005.975597399,0.0287202118,3.4,2.8,0.4,0.6,Indoor/Outdoor Games,Standard Class,Pacific Asia,Oceania,Consumer,20.7587,29.5455,94.5818,1.8872,1.584,3.4,0.4,0,520.1,0.9101,31.68,MEDIUM,1,2017,10,290
2017-10-18,13,185.84305682975003,1098.080507233,1021.265582064,0.017288063,2.75,3.25,0.5,1.0,DVDs,Second Class,Europe,Western Europe,Consumer,21.9851,36.5183,110.5261,1.6912,1.5818,2.75,0.5,1,523.33,1.3856,65.49,HIGH,2,2017,10,291
2017-10-19,16,115.442768653375,1454.123861185,1334.322428754,0.025210798125,3.125,3.125,0.375,-0.25,Golf Balls,Standard Class,Europe,Western Europe,Consumer,28.5867,54.8958,93.6703,1.7867,1.5857,3.12,0.375,0,519.51,0.8607,31.71,MEDIUM,1,2017,10,292
2017-10-20,8,229.01505419242858,1781.4584693040001,1605.99051917,0.08332957614285715,4.428571428571429,3.2857142857142856,0.5714285714285714,-1.0,Cleats,Standard Class,Pacific Asia,West Asia,Consumer,17.7512,25.0523,94.6713,2.2189,1.5615,4.43,0.571,1,519.79,1.7075,68.31,HIGH,2,2017,10,293
2017-10-21,11,247.37477253774998,1347.8007300069999,1217.957958939,0.06735092075,4.0,3.25,0.0,-0.25,Cardio Equipment,Standard Class,Europe,Western Europe,Consumer,23.4164,44.319,156.965,2.1288,1.567,4.0,0.0,0,530.43,1.8444,39.78,MEDIUM,1,2017,10,294
2017-10-22,17,253.45309984990908,3742.789455468,3400.490922617,0.04627855727272727,3.6363636363636362,2.3636363636363638,0.6363636363636364,0.9090909090909091,Cleats,Standard Class,Africa,Caribbean,Corporate,31.8053,86.9274,214.2445,1.8709,1.5609,3.64,0.636,1,543.44,1.8897,70.12,HIGH,2,2017,10,295
2017-10-23,10,128.13419112766667,675.779508978,638.580970264,0.028156379,2.6666666666666665,1.3333333333333333,0.6666666666666666,1.3333333333333333,CDs ,First Class,Africa,Central America,Consumer,17.9784,35.3924,85.5753,1.7978,1.5805,2.67,0.667,1,516.99,0.9554,61.61,HIGH,2,2017,10,296
2017-10-24,8,191.77217078666663,1214.919276193,1098.7091629,0.039312813333333335,3.3333333333333335,3.1666666666666665,0.5,0.5,Cleats,Standard Class,Africa,Central Africa,Consumer,14.5012,29.7705,84.9854,1.8126,1.5417,3.33,0.5,1,517.67,1.4299,65.13,HIGH,2,2017,10,297
2017-10-25,17,169.58453869949997,1270.312779019,1102.000920504,0.04135795083333333,4.166666666666667,2.1666666666666665,0.8333333333333334,0.6666666666666666,Cleats,First Class,Pacific Asia,West Asia,Consumer,32.3739,49.3267,85.7907,1.9043,1.5744,4.17,0.833,1,516.96,1.2644,64.13,HIGH,2,2017,10,298
2017-10-26,18,126.352365516,1274.633798556,1078.491762936,0.079692048,2.6666666666666665,2.1666666666666665,0.5,-0.5,Women's Apparel,Standard Class,Europe,Central America,Corporate,29.1041,50.4385,119.8578,1.6169,1.5844,2.67,0.5,1,523.28,0.9421,61.69,HIGH,2,2017,10,299
2017-10-27,10,206.08994789171427,1630.270273475,1529.5395459669999,0.021297190857142854,3.5714285714285716,2.857142857142857,0.8571428571428571,1.2857142857142858,Fishing,Standard Class,Africa,Central Africa,Consumer,17.4551,31.7452,35.1438,1.7455,1.6465,3.57,0.857,1,507.57,1.5366,68.3,HIGH,2,2017,10,300
2017-10-28,25,175.1942671651,2267.7449713399997,2104.619379607,0.0310115478,3.1,3.1,0.3,0.3,Camping & Hiking,Standard Class,Africa,Eastern Asia,Consumer,37.8944,69.7145,222.7853,1.5158,1.5832,3.1,0.3,0,546.75,1.3062,34.73,MEDIUM,1,2017,10,301
2017-10-29,21,179.27142193155555,2547.46327364,2324.201723323,0.041193619111111114,4.333333333333333,2.5555555555555554,0.5555555555555556,0.1111111111111111,Water Sports,Standard Class,Europe,Western Europe,Consumer,39.1434,99.1573,134.9933,1.864,1.5758,4.33,0.556,1,525.6,1.3366,64.88,HIGH,2,2017,10,302
2017-10-30,18,128.70458614633333,1036.221382796,927.4917962530001,0.028281736833333335,2.3333333333333335,4.0,0.5,-0.8333333333333334,Men's Footwear,Standard Class,Pacific Asia,East Africa,Corporate,34.3939,75.3816,300.0056,1.9108,1.6466,2.33,0.5,1,559.89,0.9596,62.93,HIGH,2,2017,10,303
2017-10-31,12,140.4280605168333,1212.518407818,1095.138545641,0.06210984766666666,4.333333333333333,2.8333333333333335,0.5,1.3333333333333333,Cleats,Same Day,Europe,Central America,Consumer,20.4785,32.1441,67.3383,1.7065,1.6738,4.33,0.5,1,512.2,1.047,63.95,HIGH,2,2017,10,304
2017-11-01,12,133.19502713475,693.719972178,612.022630505,0.08799858675,2.5,2.75,0.5,0.25,Cleats,First Class,Europe,East Africa,Consumer,25.1559,51.8078,113.1255,2.0963,1.6516,2.5,0.5,1,519.63,0.9931,63.03,HIGH,2,2017,11,305
2017-11-02,18,114.55418050600001,754.464992501,625.831059878,0.0718189515,3.5,2.6666666666666665,0.8333333333333334,0.16666666666666666,Books ,Second Class,Pacific Asia,Oceania,Consumer,28.5193,61.7673,116.5951,1.5844,1.7098,3.5,0.833,1,523.68,0.8541,64.2,HIGH,2,2017,11,306
2017-11-03,24,188.843147132,2864.161381015,2543.2274141929997,0.0511814605,4.0,2.8,0.8,0.4,Cardio Equipment,Standard Class,Europe,Western Europe,Consumer,37.1292,91.4306,194.3785,1.547,1.6407,4.0,0.8,1,540.34,1.408,66.89,HIGH,2,2017,11,307
2017-11-04,24,116.84339611623076,2307.141019304,2065.111461326,0.07724969146153846,3.230769230769231,3.1538461538461537,0.5384615384615384,-0.38461538461538464,Men's Footwear,Standard Class,Pacific Asia,East Africa,Consumer,43.9602,118.2193,456.7187,1.8317,1.818,3.23,0.538,1,591.97,0.8712,66.36,HIGH,2,2017,11,308
2017-11-05,4,182.812057397,608.632725945,623.2373769389999,0.01022507175,3.75,1.0,0.75,1.25,Fishing,Second Class,LATAM,Central America,Consumer,7.9549,12.7295,12.5313,1.9887,1.7667,3.75,0.75,1,501.73,1.363,68.96,HIGH,2,2017,11,309
2017-11-06,24,130.02248778430769,2062.751684629,1790.109751195,0.04092631161538462,3.6153846153846154,2.3846153846153846,0.6153846153846154,0.46153846153846156,Cleats,Standard Class,Europe,North Africa,Consumer,50.868,84.7927,311.7456,2.1195,1.7261,3.62,0.615,1,561.51,0.9694,64.52,HIGH,2,2017,11,310
2017-11-07,27,98.10002615675,1675.755152679,1468.065045698,0.05812339175,3.75,2.75,0.375,1.0,Accessories,Second Class,Pacific Asia,Western Europe,Consumer,46.1887,70.4122,186.3666,1.7107,1.5489,3.75,0.375,0,531.28,0.7314,30.98,MEDIUM,1,2017,11,311
2017-11-08,10,168.723413997125,1629.02086674,1437.7514105789999,0.055802432125,3.125,3.0,0.875,0.125,Cardio Equipment,Standard Class,Europe,Oceania,Consumer,19.9502,37.322,57.5219,1.995,1.6035,3.12,0.875,1,512.87,1.258,64.65,HIGH,2,2017,11,312
2017-11-09,19,220.97507082855554,2629.779410379,2345.481395722,0.11724686233333334,3.111111111111111,2.2222222222222223,0.6666666666666666,0.5555555555555556,Cardio Equipment,Standard Class,Pacific Asia,Western Europe,Consumer,33.8986,72.9514,117.7396,1.7841,1.6322,3.11,0.667,1,521.48,1.6476,69.12,HIGH,2,2017,11,313
2017-11-10,10,145.3041173475,1669.517184868,1484.028803931,0.0753233075,4.166666666666667,2.3333333333333335,0.8333333333333334,0.6666666666666666,Cleats,Standard Class,Europe,South America,Consumer,17.6037,42.0443,177.7719,1.7604,1.5813,4.17,0.833,1,536.81,1.0834,62.46,HIGH,2,2017,11,314
2017-11-11,10,213.0777860886,1548.620681136,1362.526934222,0.03963829519999999,3.6,2.0,0.8,1.4,Indoor/Outdoor Games,First Class,LATAM,Central America,Consumer,19.5649,37.7768,63.8035,1.9565,1.6091,3.6,0.8,1,513.71,1.5887,68.07,HIGH,2,2017,11,315
2017-11-12,13,74.3239779848,780.26945588,717.327343279,0.0283070932,3.6,3.2,0.4,1.0,Camping & Hiking,Standard Class,Pacific Asia,Central Africa,Consumer,24.8527,45.7022,71.7734,1.9117,1.6358,3.6,0.4,0,513.18,0.5542,32.72,MEDIUM,1,2017,11,316
2017-11-13,17,105.81886744571429,989.773870339,828.5859136930001,0.09520203028571429,3.7142857142857144,3.0,0.5714285714285714,0.5714285714285714,Cleats,Standard Class,Pacific Asia,Eastern Asia,Consumer,26.0069,52.555,184.0045,1.5298,1.7164,3.71,0.571,1,534.88,0.789,64.33,HIGH,2,2017,11,317
2017-11-14,5,339.0651344254,1514.78077319,1294.206917817,0.08108062299999999,2.8,3.2,1.0,-1.0,Cardio Equipment,Standard Class,Pacific Asia,East Africa,Corporate,10.38,17.2187,45.5828,2.076,1.6483,2.8,1.0,1,509.29,2.5281,78.25,HIGH,2,2017,11,318
2017-11-15,15,146.1382729909091,2429.335620499,2248.9774676790003,0.04655615790909091,3.5454545454545454,2.8181818181818183,0.6363636363636364,0.2727272727272727,Men's Footwear,Standard Class,Europe,West Asia,Consumer,30.841,91.8265,155.5034,2.0561,1.6438,3.55,0.636,1,529.83,1.0896,63.77,HIGH,2,2017,11,319
2017-11-16,9,129.92680292733334,1069.1113345859999,943.520067478,0.048141917166666666,5.0,2.8333333333333335,0.6666666666666666,1.1666666666666667,Cleats,Standard Class,Europe,Caribbean,Consumer,15.1417,21.5219,54.5943,1.6824,1.654,5.0,0.667,1,511.01,0.9687,63.08,HIGH,2,2017,11,320
2017-11-17,7,120.82934099250001,1223.0005362,1056.717508419,0.05985594116666667,3.8333333333333335,3.6666666666666665,0.6666666666666666,-0.5,Cardio Equipment,Standard Class,Europe,West of USA ,Corporate,13.0433,26.5326,43.5713,1.8633,1.642,3.83,0.667,1,508.38,0.9009,62.84,HIGH,2,2017,11,321
2017-11-18,25,127.7696352383,2068.130812027,1922.091244832,0.0690163295,3.9,2.2,0.5,1.0,Cardio Equipment,First Class,Europe,West of USA ,Consumer,47.0432,138.2321,477.8334,1.8817,1.745,3.9,0.5,1,591.11,0.9527,64.9,HIGH,2,2017,11,322
2017-11-19,13,112.76746905533332,1171.881373061,978.97817802,0.12354596216666668,3.5,2.6666666666666665,0.6666666666666666,1.3333333333333333,Children's Clothing,Standard Class,LATAM,Central America,Corporate,23.8982,46.9137,159.9452,1.8383,1.7642,3.5,0.667,1,529.09,0.8408,65.28,HIGH,2,2017,11,323
2017-11-20,8,123.543013359,819.155632868,746.973720756,0.051145155399999996,4.2,2.4,0.8,0.2,Indoor/Outdoor Games,Standard Class,Europe,Caribbean,Consumer,13.561,25.5935,72.4995,1.6951,1.7755,4.2,0.8,1,514.68,0.9211,65.51,HIGH,2,2017,11,324
2017-11-21,15,155.797907528125,1610.246166524,1372.609112381,0.096018967375,3.0,2.125,0.625,0.625,Cardio Equipment,Standard Class,LATAM,West Asia,Corporate,25.1203,45.848,122.3584,1.6747,1.7983,3.0,0.625,1,523.63,1.1616,67.58,HIGH,2,2017,11,325
2017-11-22,13,210.49106025644446,2413.146538431,2263.062375517,0.05683016188888888,3.6666666666666665,3.4444444444444446,0.4444444444444444,0.7777777777777778,Fishing,Standard Class,Europe,Canada,Consumer,23.2239,43.9147,191.2738,1.7865,1.7784,3.67,0.444,0,537.54,1.5694,41.26,MEDIUM,1,2017,11,326
2017-11-23,12,124.23874497659999,815.302991791,712.697607045,0.06414376520000001,2.6,3.0,0.4,-0.2,Men's Footwear,Standard Class,Europe,Eastern Europe,Consumer,24.1665,62.345,146.5863,2.0139,1.79,2.6,0.4,0,530.15,0.9263,35.8,MEDIUM,1,2017,11,327
2017-11-24,17,97.80139967811111,1596.332030013,1481.339620631,0.034495509111111114,3.2222222222222223,2.4444444444444446,0.5555555555555556,0.8888888888888888,Cardio Equipment,Second Class,Pacific Asia,Canada,Consumer,32.1483,40.4932,62.9613,1.8911,1.8075,3.22,0.556,1,514.59,0.7292,66.15,HIGH,2,2017,11,328
2017-11-25,6,224.691120103,948.4671624350001,806.659236066,0.06421882375,3.0,1.75,0.75,-0.5,Cardio Equipment,First Class,USCA,Central America,Home Office,10.3552,27.5863,75.9196,1.7259,1.7363,3.0,0.75,1,515.02,1.6753,71.48,HIGH,2,2017,11,329
2017-11-26,11,164.85083940166666,1294.279377945,1142.645494935,0.05024053850000001,3.1666666666666665,1.5,0.3333333333333333,-0.6666666666666666,Cleats,Second Class,LATAM,Caribbean,Corporate,21.2818,31.3812,153.1419,1.9347,1.6712,3.17,0.333,0,530.25,1.2291,35.71,MEDIUM,1,2017,11,330
2017-11-27,7,71.3677750005,404.244851541,384.672023422,0.061833239000000005,3.75,1.5,0.75,1.25,Fishing,Second Class,Europe,Central America,Consumer,9.4295,17.5255,28.8911,1.3471,1.7328,3.75,0.75,1,506.13,0.5321,64.66,HIGH,2,2017,11,331
2017-11-28,11,129.39079056875,1574.274287661,1390.0527671529999,0.072604775,3.875,2.0,0.75,0.375,Boxing & MMA,First Class,Europe,Western Europe,Consumer,22.0996,39.7598,82.3835,2.0091,1.7505,3.88,0.75,1,514.98,0.9647,65.01,HIGH,2,2017,11,332
2017-11-29,12,113.990378414625,1148.943961173,985.0433582759999,0.066425066625,3.625,2.875,0.25,-0.75,Cleats,First Class,Europe,Southeast Asia,Consumer,18.0604,39.8284,108.3511,1.505,1.7575,3.62,0.25,0,521.94,0.8499,35.15,MEDIUM,1,2017,11,333
2017-11-30,12,236.3538705416,1807.637660919,1758.889857664,0.018246938,4.4,4.0,0.6,-0.4,Cardio Equipment,Standard Class,Pacific Asia,Central America,Consumer,20.7272,29.5172,68.1115,1.7273,1.7569,4.4,0.6,1,514.28,1.7623,72.76,HIGH,2,2017,11,334
2017-12-01,8,89.93119913966666,715.269395537,697.2506527200001,0.02354256266666667,3.3333333333333335,2.6666666666666665,0.6666666666666666,-0.3333333333333333,Shop By Sport,Standard Class,Africa,Caribbean,Consumer,12.8104,27.5456,45.9281,1.6013,1.7653,3.33,0.667,1,509.73,0.6705,65.31,HIGH,2,2017,12,335
2017-12-02,10,228.55671951814287,1471.663120195,1411.984754436,0.026958306714285712,4.142857142857143,3.2857142857142856,0.42857142857142855,-1.1428571428571428,Indoor/Outdoor Games,Standard Class,Europe,West Asia,Home Office,15.7353,46.2431,161.0321,1.5735,1.7195,4.14,0.429,0,530.27,1.7041,41.43,MEDIUM,1,2017,12,336
2017-12-03,5,197.46781653966664,872.827691512,791.787158349,0.018620831333333334,2.3333333333333335,2.3333333333333335,1.0,0.3333333333333333,Cleats,First Class,Europe,Central America,Consumer,10.0574,15.0115,79.5093,2.0115,1.728,2.33,1.0,1,515.52,1.4723,69.28,HIGH,2,2017,12,337
2017-12-04,4,151.58842545000002,600.1858740069999,544.733062012,0.014907362333333334,4.0,4.0,0.6666666666666666,-0.3333333333333333,Camping & Hiking,Standard Class,Pacific Asia,Central America,Home Office,6.8367,13.921,35.0609,1.7092,1.6023,4.0,0.667,1,506.66,1.1302,63.35,HIGH,2,2017,12,338
2017-12-05,7,115.35013871375,512.612695777,443.990303159,0.038502081,3.25,2.75,0.75,-1.0,Children's Clothing,Standard Class,Pacific Asia,South Asia,Consumer,12.9792,22.2891,38.1954,1.8542,1.6203,3.25,0.75,1,507.71,0.8601,62.41,HIGH,2,2017,12,339
2017-12-06,7,160.6103394905,1184.269982893,1062.359897154,0.03568096975,2.5,2.75,0.75,2.0,CDs ,Standard Class,Pacific Asia,South Asia,Corporate,12.4785,26.6377,36.4242,1.7826,1.6719,2.5,0.75,1,507.62,1.1975,65.41,HIGH,2,2017,12,340
2017-12-07,21,144.5409384086,1884.6839983300001,1735.111891436,0.038334438900000004,2.8,3.2,0.7,0.9,Cleats,Standard Class,Europe,Central America,Consumer,39.4492,77.6328,199.8011,1.8785,1.8105,2.8,0.7,1,543.1,1.0777,66.99,HIGH,2,2017,12,341
2017-12-08,11,124.1954083092,1041.069628,993.4351654669999,0.026787617599999997,3.2,2.0,1.0,0.8,Baby ,Standard Class,Pacific Asia,Canada,Consumer,19.8532,34.2338,118.4643,1.8048,1.7736,3.2,1.0,1,523.15,0.926,65.47,HIGH,2,2017,12,342
2017-12-09,9,136.4775797752,772.718203093,668.08015731,0.0737460854,3.4,4.0,0.4,0.0,Cardio Equipment,Standard Class,USCA,East of USA,Corporate,14.1783,30.6439,85.0963,1.5754,1.8149,3.4,0.4,0,516.57,1.0176,36.47,MEDIUM,1,2017,12,343
2017-12-10,17,166.91390675728573,1111.633409758,965.947049313,0.07873262742857143,3.4285714285714284,2.4285714285714284,0.8571428571428571,0.8571428571428571,Cleats,First Class,Africa,East of USA,Consumer,33.637,94.5987,222.2589,1.9786,1.8153,3.43,0.857,1,546.41,1.2445,68.75,HIGH,2,2017,12,344
2017-12-11,21,114.77825392422223,1566.674462944,1408.845390739,0.051703605888888886,2.111111111111111,3.5555555555555554,0.6666666666666666,-0.1111111111111111,Fishing,Standard Class,Pacific Asia,South Asia,Consumer,35.7995,67.5521,129.2432,1.7047,1.7208,2.11,0.667,1,526.47,0.8558,64.42,HIGH,2,2017,12,345
2017-12-12,7,172.36182472457145,1106.450547472,965.807938192,0.06088246371428572,3.0,2.142857142857143,0.2857142857142857,-0.42857142857142855,Cleats,Standard Class,Pacific Asia,Eastern Europe,Consumer,10.7299,24.2918,38.975,1.5328,1.7023,3.0,0.286,0,508.68,1.2851,36.9,MEDIUM,1,2017,12,346
2017-12-13,5,128.02332242225,558.782431748,497.90049889100004,0.026406461500000002,3.5,2.25,0.5,0.0,Boxing & MMA,Standard Class,Pacific Asia,East of USA,Consumer,8.5798,12.9864,40.8992,1.716,1.7083,3.5,0.5,1,508.32,0.9545,64.17,HIGH,2,2017,12,347
2017-12-14,15,113.02842347757142,1436.625535745,1303.401883638,0.034863098,3.857142857142857,3.142857142857143,0.5714285714285714,0.42857142857142855,Fishing,Standard Class,Europe,Southeast Asia,Corporate,31.2154,50.5404,163.6342,2.081,1.7183,3.86,0.571,1,530.99,0.8427,64.37,HIGH,2,2017,12,348
2017-12-15,8,197.6840811465,908.4975136779999,838.9344075910001,0.04347779525,3.75,4.0,0.5,0.0,Cameras ,Standard Class,Africa,East Africa,Consumer,15.5997,33.6119,46.0125,1.95,1.7523,3.75,0.5,1,508.14,1.4739,69.79,HIGH,2,2017,12,349
2017-12-16,13,177.23275453685713,1353.802068874,1217.377786722,0.06653438285714286,3.857142857142857,3.0,0.42857142857142855,0.5714285714285714,Shop By Sport,Standard Class,Pacific Asia,Eastern Europe,Consumer,22.4855,59.3138,243.3074,1.7297,1.7274,3.86,0.429,0,546.64,1.3214,37.76,MEDIUM,1,2017,12,350
2017-12-17,15,115.28257385900001,931.666994527,888.910992875,0.0473991798,3.8,3.2,0.2,-0.2,Shop By Sport,Standard Class,Europe,Eastern Asia,Corporate,25.9432,54.608,156.9844,1.7295,1.7051,3.8,0.2,0,532.39,0.8595,34.1,MEDIUM,1,2017,12,351
2017-12-18,10,143.33739314775,1431.82419933,1294.089447094,0.03534227625,3.25,2.125,0.5,-0.625,Shop By Sport,Standard Class,Europe,South Asia,Consumer,17.3433,31.9363,122.5651,1.7343,1.3984,3.25,0.5,1,525.7,1.0687,58.66,MEDIUM,1,2017,12,352
2017-12-19,8,150.810283003,1687.963842112,1481.090386264,0.0447646285,3.0,2.75,0.875,0.25,Cleats,Standard Class,Pacific Asia,Eastern Asia,Consumer,17.6353,34.5673,50.8157,2.2044,1.4211,3.0,0.875,1,511.64,1.1244,59.67,MEDIUM,1,2017,12,353
2017-12-20,15,59.326593076200005,831.189278049,781.117190444,0.018056013000000003,3.0,2.8,0.2,0.2,Fishing,Standard Class,LATAM,Central America,Consumer,27.9113,42.6103,62.1219,1.8608,1.4521,3.0,0.2,0,513.69,0.4423,29.04,LOW,0,2017,12,354
2017-12-21,12,205.04297288939998,1188.373805312,1164.020447197,0.0313831464,3.4,2.6,0.8,2.2,Fishing,Standard Class,Europe,US Center ,Consumer,22.4367,49.6376,110.7914,1.8697,1.4609,3.4,0.8,1,523.55,1.5288,64.51,HIGH,2,2017,12,355
2017-12-22,9,194.0878277938,1034.639096035,956.3090026250001,0.019634298799999998,3.6,2.4,0.8,-0.2,Women's Apparel,Standard Class,Europe,Southeast Asia,Consumer,17.8685,41.7898,117.175,1.9854,1.4264,3.6,0.8,1,522.91,1.4471,63.0,HIGH,2,2017,12,356
2017-12-23,9,99.1204455175,810.391888207,766.576287977,0.0330168755,3.75,2.75,1.0,1.75,Fishing,First Class,Europe,Central America,Consumer,16.5087,29.5658,130.3713,1.8343,1.4101,3.75,1.0,1,525.03,0.739,58.2,MEDIUM,1,2017,12,357
2017-12-24,11,48.092526828000004,613.279708744,506.921261983,0.10363851475,3.25,2.0,0.5,0.75,Accessories,Standard Class,USCA,Central America,Consumer,19.1975,34.2579,103.1397,1.7452,1.406,3.25,0.5,1,521.56,0.3586,58.12,MEDIUM,1,2017,12,358
2017-12-25,17,166.99164186422223,2011.088118735,1837.717249657,0.051833539888888884,3.2222222222222223,2.6666666666666665,0.5555555555555556,0.6666666666666666,Indoor/Outdoor Games,First Class,Europe,US Center ,Consumer,29.8554,61.7249,133.3251,1.7562,1.4071,3.22,0.556,1,527.38,1.2451,60.59,MEDIUM,1,2017,12,359
2017-12-26,1,170.952422377,229.026018632,189.227396174,0.082736575,4.0,1.0,1.0,4.0,Baby ,First Class,Pacific Asia,West of USA ,Corporate,1.7782,3.1945,5.2448,1.7782,1.3662,4.0,1.0,1,501.06,1.2746,60.07,HIGH,2,2017,12,360
2017-12-27,8,87.68827073633334,463.14882194300003,385.74472071699995,0.10231957333333334,3.0,3.3333333333333335,1.0,2.3333333333333335,Fishing,First Class,Africa,Central Africa,Consumer,14.2749,27.6169,99.8798,1.7844,1.3123,3.0,1.0,1,520.29,0.6538,56.25,MEDIUM,1,2017,12,361
2017-12-28,12,100.12869452375,1040.6032258300002,925.593295466,0.09442846425,3.25,2.5,0.625,-0.375,Fishing,Standard Class,USCA,Eastern Asia,Consumer,23.1144,68.9615,115.6932,1.9262,1.2992,3.25,0.625,1,523.53,0.7466,55.98,MEDIUM,1,2017,12,362
2017-12-29,11,159.69384866433333,1589.010268386,1430.173548897,0.051380134833333334,3.0,3.3333333333333335,0.6666666666666666,0.5,Fishing,Standard Class,Pacific Asia,US Center ,Consumer,19.8039,36.952,153.6417,1.8004,1.2941,3.0,0.667,1,532.14,1.1907,57.79,MEDIUM,1,2017,12,363
2017-12-30,14,213.20004226657142,1333.7732510609999,1220.882631401,0.06614776442857143,3.0,2.857142857142857,0.42857142857142855,-1.1428571428571428,Fishing,Second Class,USCA,West Asia,Consumer,26.9803,49.2341,104.8041,1.9272,1.2694,3.0,0.429,0,522.77,1.5896,31.28,MEDIUM,1,2017,12,364
2017-12-31,11,140.64572262216666,1221.187354855,1112.682729358,0.04192730416666667,3.1666666666666665,2.6666666666666665,1.0,2.5,Fishing,First Class,Europe,Caribbean,Consumer,19.5429,33.6579,138.1021,1.7766,1.2353,3.17,1.0,1,528.22,1.0487,55.19,MEDIUM,1,2017,12,365
2018-01-01,17,175.462775624,1185.103941786,1062.280048185,0.04391248183333333,3.0,2.1666666666666665,0.6666666666666666,0.5,Camping & Hiking,First Class,Europe,Eastern Europe,Consumer,30.6877,69.815,208.2035,1.8052,1.253,3.0,0.667,1,543.08,1.3083,58.14,HIGH,2,2018,1,1
2018-01-02,15,116.58932084842857,1450.575840767,1352.385595022,0.024336404714285716,3.142857142857143,2.2857142857142856,0.7142857142857143,0.14285714285714285,Fishing,Standard Class,LATAM,Western Europe,Consumer,21.9994,41.5925,93.2246,1.4666,1.3042,3.14,0.714,1,519.42,0.8693,56.08,MEDIUM,1,2018,1,2
2018-01-03,4,303.438959408,523.815720023,474.415782926,0.01097741,3.0,4.0,1.0,1.0,Baseball & Softball,Second Class,USCA,West Asia,Corporate,7.8516,13.5175,26.5025,1.9629,1.316,3.0,1.0,1,505.12,2.2624,68.94,HIGH,2,2018,1,3
2018-01-04,13,113.38144762880002,664.868748461,569.291757447,0.128224341,3.4,2.8,0.2,-0.6,Books ,First Class,Pacific Asia,West Africa,Home Office,24.1042,61.5465,128.4469,1.8542,1.2893,3.4,0.2,0,526.67,0.8454,25.79,LOW,0,2018,1,4
2018-01-05,14,183.7053991852,1100.803085024,955.335538848,0.079321695,3.4,3.2,0.4,-0.2,Electronics,Standard Class,Europe,East Africa,Consumer,27.7059,72.1475,197.0908,1.979,1.2744,3.4,0.4,0,537.47,1.3697,29.18,MEDIUM,1,2018,1,5
2018-01-06,8,200.52383277975002,1219.192683107,1145.645361548,0.026475317249999998,3.25,3.25,0.5,0.25,Cardio Equipment,Standard Class,Africa,Southeast Asia,Consumer,10.7253,18.6466,45.0472,1.3407,1.3563,3.25,0.5,1,509.85,1.4951,62.08,HIGH,2,2018,1,6
2018-01-07,21,156.2704235052857,1178.687293953,1094.972052931,0.04218864971428571,3.5714285714285716,3.142857142857143,0.42857142857142855,0.42857142857142855,Women's Apparel,Standard Class,Europe,Canada,Consumer,46.3465,62.5512,119.4852,2.207,1.2935,3.57,0.429,0,521.39,1.1652,27.52,LOW,0,2018,1,7
2018-01-08,1,156.244840245,82.224919202,80.268771131,0.010159674,4.0,0.0,1.0,4.0,Cleats,Second Class,LATAM,Central America,Consumer,1.7662,4.2354,9.3985,1.7662,1.2553,4.0,1.0,1,501.91,1.165,56.76,MEDIUM,1,2018,1,8
2018-01-09,8,148.58503211566668,833.346821063,818.040851406,0.017873611,4.333333333333333,1.6666666666666667,0.3333333333333333,1.3333333333333333,Cardio Equipment,Standard Class,Africa,Caribbean,Home Office,16.0073,27.3651,66.1424,2.0009,1.2336,4.33,0.333,0,512.55,1.1078,25.75,LOW,0,2018,1,9
2018-01-10,2,269.1829453545,649.045509447,582.91204513,0.0173727845,2.5,3.0,1.0,3.0,Camping & Hiking,First Class,Africa,Central Asia,Consumer,3.2283,7.4129,8.2747,1.6141,1.2844,2.5,1.0,1,501.77,2.007,65.76,HIGH,2,2018,1,10
2018-01-11,6,132.782999057,468.45427192499994,412.20331457099996,0.012668219,4.0,3.0,0.5,-0.5,Fishing,Second Class,LATAM,South of  USA ,Home Office,11.4252,15.1039,41.6937,1.9042,1.2699,4.0,0.5,1,508.32,0.99,55.4,MEDIUM,1,2018,1,11
2018-01-12,18,145.6690024078,965.8869898329999,803.727601737,0.0832075134,1.6,3.6,0.2,0.6,Cameras ,Standard Class,LATAM,Caribbean,Consumer,29.0151,67.9984,113.4795,1.612,1.2497,1.6,0.2,0,519.83,1.0861,25.85,LOW,0,2018,1,12
2018-01-13,21,209.63491702277778,2790.1182195789997,2523.876222075,0.04438688955555556,3.2222222222222223,2.888888888888889,0.5555555555555556,-0.7777777777777778,Fishing,Standard Class,Europe,East Africa,Corporate,35.3371,54.3718,85.3892,1.6827,1.2144,3.22,0.556,1,517.96,1.563,59.92,HIGH,2,2018,1,13
2018-01-14,3,259.84333590933335,647.110734645,590.463956965,0.036792547333333335,3.6666666666666665,4.0,0.6666666666666666,1.0,Cardio Equipment,Standard Class,Africa,East of USA,Home Office,6.5065,14.7627,19.2319,2.1688,1.1889,3.67,0.667,1,503.67,1.9374,63.15,HIGH,2,2018,1,14
2018-01-15,3,184.19784176999997,784.996536582,680.486636846,0.08645710966666666,3.3333333333333335,1.6666666666666667,0.3333333333333333,0.0,Indoor/Outdoor Games,Second Class,LATAM,Western Europe,Consumer,5.2716,10.3639,13.0073,1.7572,1.1213,3.33,0.333,0,502.87,1.3734,26.16,MEDIUM,1,2018,1,15
2018-01-16,6,114.0778767625,348.74222991700003,316.358948994,0.053478200499999996,3.5,2.0,0.5,0.0,Cleats,Standard Class,LATAM,Caribbean,Consumer,10.9823,17.7902,26.0309,1.8304,1.1425,3.5,0.5,1,505.21,0.8506,52.85,MEDIUM,1,2018,1,16
2018-01-17,6,216.14099886416668,1397.454813538,1305.492279996,0.053626254166666665,3.3333333333333335,3.0,0.3333333333333333,-0.3333333333333333,Indoor/Outdoor Games,Standard Class,LATAM,Western Europe,Consumer,11.723,21.185,38.8682,1.9538,1.1601,3.33,0.333,0,508.01,1.6115,29.32,MEDIUM,1,2018,1,17
2018-01-18,6,141.401697032,668.465543169,599.546264042,0.025521020999999998,4.0,2.0,0.0,1.0,Men's Footwear,First Class,Europe,Oceania,Home Office,11.2922,25.3943,118.298,1.882,1.1138,4.0,0.0,0,523.09,1.0543,22.82,LOW,0,2018,1,18
2018-01-19,3,98.82205732800001,508.935543289,414.151626115,0.08324037333333333,3.0,2.0,0.3333333333333333,-0.6666666666666666,Cleats,Standard Class,LATAM,Central America,Consumer,5.4545,10.9219,21.3649,1.8182,1.0967,3.0,0.333,0,504.1,0.7368,21.93,LOW,0,2018,1,19
2018-01-20,13,180.83072741466665,1836.0459842770001,1603.68313682,0.06538877066666667,3.6666666666666665,2.5,0.6666666666666666,0.3333333333333333,Cleats,Same Day,USCA,Eastern Europe,Consumer,24.1487,53.2108,133.1552,1.8576,1.0971,3.67,0.667,1,526.03,1.3483,55.42,HIGH,2,2018,1,20
2018-01-21,1,374.741959224,299.692552174,259.734862305,0.022263165,6.0,4.0,0.0,-1.0,Indoor/Outdoor Games,Standard Class,Europe,Oceania,Consumer,2.2776,6.6297,17.9353,2.2776,1.0895,6.0,0.0,0,503.67,2.7941,44.73,MEDIUM,1,2018,1,21
2018-01-22,3,170.183564102,615.539351768,541.065134406,0.0871748555,4.5,3.0,1.0,1.0,Cleats,First Class,USCA,Eastern Europe,Consumer,5.3422,7.6594,18.8563,1.7807,1.1042,4.5,1.0,1,504.27,1.2689,54.77,HIGH,2,2018,1,22
2018-01-23,8,53.624448500999996,332.660538379,275.637302674,0.09969197833333333,3.0,3.0,0.6666666666666666,0.0,Cleats,First Class,Pacific Asia,South Asia,Consumer,14.6192,39.6039,90.6371,1.8274,1.0966,3.0,0.667,1,517.48,0.3998,51.93,MEDIUM,1,2018,1,23
2018-01-24,7,109.49935591,467.959729069,448.68891915300003,0.012717167666666668,2.6666666666666665,2.0,1.0,4.0,Baby ,Second Class,LATAM,Central America,Corporate,13.9261,27.8764,43.1408,1.9894,1.1197,2.67,1.0,1,509.38,0.8164,52.39,MEDIUM,1,2018,1,24
2018-01-25,7,118.54584369025,950.289242891,836.338963468,0.07183654475,3.25,3.5,0.5,0.25,Boxing & MMA,Standard Class,Africa,East Africa,Consumer,14.0027,22.9344,89.6134,2.0004,1.1072,3.25,0.5,1,516.4,0.8839,52.14,MEDIUM,1,2018,1,25
2018-01-26,14,124.1063439,487.67495422400003,436.85702197200004,0.0487675168,3.8,3.2,0.6,0.2,Cardio Equipment,Standard Class,USCA,Eastern Asia,Consumer,28.2346,42.4205,187.765,2.0168,1.1419,3.8,0.6,1,535.88,0.9253,52.84,MEDIUM,1,2018,1,26
2018-01-27,5,161.32164788133332,954.243662989,904.329989529,0.035780385666666664,3.3333333333333335,3.3333333333333335,0.3333333333333333,-0.3333333333333333,Indoor/Outdoor Games,Standard Class,Africa,Caribbean,Consumer,9.5458,18.0189,23.5125,1.9092,1.1628,3.33,0.333,0,504.22,1.2028,25.28,LOW,0,2018,1,27
2018-01-28,1,75.542916777,222.101263825,190.940597642,0.085016756,4.0,4.0,0.0,-1.0,Children's Clothing,First Class,Africa,Canada,Consumer,1.5976,3.7658,6.1879,1.5976,1.1563,4.0,0.0,0,501.1,0.5632,23.13,LOW,0,2018,1,28
2018-01-29,1,265.22649361,330.773983478,302.507372323,0.012492671,4.0,0.0,0.0,2.0,Shop By Sport,First Class,Europe,South America,Corporate,2.1088,4.03,8.5924,2.1088,1.1516,4.0,0.0,0,501.56,1.9775,32.81,MEDIUM,1,2018,1,29
2018-01-30,1,293.144330424,115.598397673,111.456292506,0.013163422,4.0,1.0,1.0,0.0,Children's Clothing,Second Class,Europe,Western Europe,Corporate,1.597,4.2356,7.1063,1.597,1.1502,4.0,1.0,1,501.46,2.1857,64.86,HIGH,2,2018,1,30
