Date,Year,Month,Day_of_Year,Product,Consumer_Demand,Retailer_Order,Wholesaler_Order,Manufacturer_Order,Inventory_Level,Lead_Time_Days,Supply_Disruption,Temperature_C,Wind_Speed_kmh,Rainfall_mm,Commodity_Price_INR,News_Sentiment,Demand_Amplification,Bullwhip_Ratio,Risk_Score,Risk_Label,Risk_Level_Num
2020-01-01,2020,1,1,Rice,769.89,1377.29,2843.78,7629.19,3563.0,5,1,23.6,9.3,0.0,4466.0,-0.17,1.789,1.0,55.51,MEDIUM,1
2020-01-02,2020,1,2,Wheat,753.71,1444.86,3112.05,6869.25,3222.0,7,0,24.9,9.2,0.5,4028.0,-0.363,1.917,1.0,32.1,LOW,0
2020-01-03,2020,1,3,Tomato,720.64,1351.77,2742.87,6647.99,3090.0,7,0,22.5,9.5,0.3,4023.0,-0.283,1.876,1.0,31.64,LOW,0
2020-01-04,2020,1,4,Onion,735.9,1297.45,2603.56,6453.82,3066.0,5,0,25.8,12.1,0.6,4029.0,-0.435,1.763,1.0,22.46,LOW,0
2020-01-05,2020,1,5,Sugar,682.61,1189.39,2324.0,6104.8,2974.0,7,1,24.5,4.7,0.1,3989.0,-0.216,1.742,1.8501,73.83,HIGH,2
2020-01-06,2020,1,6,Milk,714.26,1312.86,2796.88,7063.2,3340.0,4,0,24.9,7.3,0.2,4035.0,-0.15,1.838,1.8316,28.57,MEDIUM,1
2020-01-07,2020,1,7,Rice,710.82,1275.17,2674.42,6941.38,3274.0,4,0,26.2,11.0,0.3,4013.0,-0.418,1.794,1.7765,28.87,MEDIUM,1
2020-01-08,2020,1,8,Wheat,813.97,1581.99,3255.83,8255.88,3819.0,6,0,22.5,5.7,1.4,4061.0,-0.125,1.944,1.7489,37.47,MEDIUM,1
2020-01-09,2020,1,9,Tomato,742.69,1367.33,2747.94,7189.26,3310.0,6,0,22.9,9.0,0.1,4070.0,-0.322,1.841,1.7522,38.59,MEDIUM,1
2020-01-10,2020,1,10,Onion,919.69,1574.79,3293.65,7970.87,3605.0,5,0,23.2,10.9,0.3,3931.0,-0.406,1.712,1.0555,22.86,LOW,0
2020-01-11,2020,1,11,Sugar,722.28,1242.75,2498.23,6115.87,3054.0,7,0,23.0,10.0,0.2,3802.0,-0.526,1.721,1.162,35.06,LOW,0
2020-01-12,2020,1,12,Milk,840.96,1499.32,2895.3,7491.12,3468.0,7,0,23.1,11.1,0.3,4047.0,-0.697,1.783,1.1022,35.49,LOW,0
2020-01-13,2020,1,13,Rice,787.89,1386.47,2557.94,6415.89,3015.0,6,0,22.4,11.4,0.6,3987.0,-0.497,1.76,1.1457,29.67,LOW,0
2020-01-14,2020,1,14,Wheat,823.57,1369.72,2755.73,7220.18,3449.0,7,0,24.2,8.2,0.6,3983.0,-0.215,1.663,1.1163,32.82,LOW,0
2020-01-15,2020,1,15,Tomato,801.48,1496.99,3020.16,7109.38,3387.0,7,0,25.6,14.0,0.1,3991.0,-0.739,1.868,1.1081,35.32,LOW,0
2020-01-16,2020,1,16,Onion,841.8,1543.41,2795.65,7751.77,3673.0,7,0,24.2,11.6,1.9,3932.0,-0.396,1.833,1.1058,33.57,LOW,0
2020-01-17,2020,1,17,Sugar,784.43,1582.68,3264.39,7825.21,3660.0,4,0,22.4,11.4,1.4,4535.0,-0.186,2.018,1.1454,23.46,LOW,0
2020-01-18,2020,1,18,Milk,704.3,1286.69,2579.9,6382.42,3141.0,5,0,23.3,8.2,0.3,3989.0,-0.211,1.827,1.1461,23.25,LOW,0
2020-01-19,2020,1,19,Rice,816.96,1417.66,2985.22,7481.45,3456.0,6,0,25.3,13.2,0.6,4127.0,-0.581,1.735,1.1407,31.29,LOW,0
2020-01-20,2020,1,20,Wheat,819.14,1438.02,2857.66,6609.01,3198.0,5,0,27.0,6.4,0.1,4652.0,-0.542,1.756,1.1487,31.46,LOW,0
2020-01-21,2020,1,21,Tomato,816.6,1399.47,2698.84,6967.2,3282.0,7,0,22.9,10.6,0.0,4228.0,-0.21,1.714,1.1399,35.43,LOW,0
2020-01-22,2020,1,22,Onion,793.15,1528.74,2991.14,7214.87,3305.0,5,0,23.1,9.6,0.6,3994.0,-0.305,1.927,1.1394,23.62,LOW,0
2020-01-23,2020,1,23,Sugar,868.85,1651.96,3366.24,9082.67,4106.0,5,0,22.0,15.5,0.1,4039.0,0.162,1.901,1.3178,24.35,LOW,0
2020-01-24,2020,1,24,Milk,880.6,1733.94,3381.47,8322.04,3810.0,7,0,24.8,19.6,0.6,4066.0,-0.379,1.969,1.3119,37.23,LOW,0
2020-01-25,2020,1,25,Rice,835.67,1548.46,3342.52,7859.8,3722.0,4,0,27.2,4.1,1.4,4082.0,-0.587,1.853,1.3136,23.46,LOW,0
2020-01-26,2020,1,26,Wheat,785.21,1335.6,2561.05,7002.31,3265.0,4,0,23.9,11.6,0.0,4046.0,-0.234,1.701,1.3177,21.4,LOW,0
2020-01-27,2020,1,27,Tomato,749.21,1275.43,2465.51,6507.54,3074.0,7,0,26.3,8.7,0.7,4062.0,-0.121,1.702,1.3345,36.24,LOW,0
2020-01-28,2020,1,28,Onion,828.06,1463.26,3070.51,7714.45,3625.0,7,0,24.4,6.0,0.0,3793.0,-0.053,1.767,1.3338,35.27,LOW,0
2020-01-29,2020,1,29,Sugar,878.6,1625.65,3249.32,7773.44,3614.0,7,0,24.1,8.0,0.3,4297.0,-0.496,1.85,1.2955,39.88,LOW,0
2020-01-30,2020,1,30,Milk,856.0,1523.11,3226.48,7870.5,3716.0,5,0,22.0,5.3,0.4,4370.0,-0.599,1.779,1.287,31.0,LOW,0
2020-01-31,2020,1,31,Rice,754.53,1452.92,2861.91,7153.21,3334.0,4,0,23.0,9.9,0.1,4166.0,-0.169,1.926,1.2775,21.67,LOW,0
2020-02-01,2020,2,32,Wheat,737.98,1331.74,2551.08,6793.66,3179.0,4,0,25.6,10.1,0.2,4126.0,-0.371,1.805,1.271,22.18,LOW,0
2020-02-02,2020,2,33,Tomato,866.76,1594.69,3420.8,8945.78,4018.0,7,0,29.2,7.7,0.4,4071.0,-0.642,1.84,1.3668,39.42,LOW,0
2020-02-03,2020,2,34,Onion,949.62,1651.82,3159.1,7395.21,3532.0,4,0,24.8,8.5,0.2,4092.0,-0.177,1.739,1.2411,20.42,LOW,0
2020-02-04,2020,2,35,Sugar,909.85,1628.11,3244.23,8000.7,3711.0,5,1,26.4,6.7,0.2,4619.0,-0.316,1.789,1.2193,61.06,MEDIUM,1
2020-02-05,2020,2,36,Milk,855.33,1651.74,3340.69,8418.45,3893.0,4,1,27.2,12.8,0.2,4163.0,-0.364,1.931,1.2981,52.92,MEDIUM,1
2020-02-06,2020,2,37,Rice,919.88,1573.02,2904.73,7707.18,3555.0,5,0,26.5,7.8,0.4,4193.0,-0.38,1.71,1.3068,28.43,LOW,0
2020-02-07,2020,2,38,Wheat,1016.05,1942.42,3809.1,10048.23,4512.0,5,0,26.8,10.7,2.0,4164.0,-0.134,1.912,1.3337,27.32,LOW,0
2020-02-08,2020,2,39,Tomato,903.9,1470.05,2868.54,7630.71,3559.0,7,1,27.5,11.0,1.5,4099.0,-0.161,1.626,1.3503,67.05,MEDIUM,1
2020-02-09,2020,2,40,Onion,874.68,1494.08,2898.18,6612.74,3092.0,7,0,27.4,3.5,0.4,4264.0,-0.554,1.708,1.4052,41.49,LOW,0
2020-02-10,2020,2,41,Sugar,900.49,1689.68,3212.8,8226.34,3772.0,5,0,25.2,7.6,0.1,4094.0,-0.711,1.876,1.3976,30.46,LOW,0
2020-02-11,2020,2,42,Milk,867.59,1518.27,2994.99,8193.43,3806.0,7,0,25.7,6.3,0.2,4106.0,-0.621,1.75,1.4026,40.2,LOW,0
2020-02-12,2020,2,43,Rice,886.09,1507.91,3373.82,8308.75,3806.0,6,0,25.1,3.4,0.7,4172.0,-0.696,1.702,1.3663,35.69,LOW,0
2020-02-13,2020,2,44,Wheat,963.51,1667.15,3296.51,7936.24,3719.0,4,0,26.9,13.6,0.0,4122.0,0.106,1.73,1.2987,20.17,LOW,0
2020-02-14,2020,2,45,Tomato,923.0,1770.67,3555.04,8520.17,3908.0,5,0,28.3,11.6,0.3,4035.0,-0.815,1.918,1.2934,28.83,LOW,0
2020-02-15,2020,2,46,Onion,846.5,1557.33,3084.4,7634.66,3564.0,5,0,22.6,12.4,0.0,4618.0,-0.242,1.84,1.295,31.82,LOW,0
2020-02-16,2020,2,47,Sugar,1035.59,1998.24,4182.92,10074.95,4531.0,5,0,25.2,7.0,0.3,4070.0,-0.492,1.93,1.3396,28.25,LOW,0
2020-02-17,2020,2,48,Milk,894.68,1596.26,3268.64,7493.19,3441.0,7,0,27.9,16.2,0.4,3952.0,-0.149,1.784,1.3949,36.67,LOW,0
2020-02-18,2020,2,49,Rice,970.02,1857.91,3256.61,7830.1,3665.0,4,0,26.9,9.4,0.9,4638.0,-0.581,1.915,1.3637,29.74,LOW,0
2020-02-19,2020,2,50,Wheat,939.15,1734.0,3554.22,9210.92,4232.0,5,0,27.0,8.7,0.1,4146.0,-0.481,1.846,1.3513,29.13,LOW,0
2020-02-20,2020,2,51,Tomato,941.2,1792.13,3463.03,7730.73,3604.0,5,1,27.6,7.5,0.3,4091.0,-0.153,1.904,1.3255,56.56,MEDIUM,1
2020-02-21,2020,2,52,Onion,882.29,1456.32,2801.27,7311.14,3382.0,4,0,27.6,15.1,0.4,4609.0,-0.151,1.651,1.3614,27.27,LOW,0
2020-02-22,2020,2,53,Sugar,967.52,1704.56,3490.76,8866.67,3918.0,4,0,27.6,8.5,0.1,4090.0,-0.694,1.762,1.325,24.24,LOW,0
2020-02-23,2020,2,54,Milk,949.79,1810.72,3983.46,10301.9,4753.0,6,0,28.4,6.5,0.3,4058.0,-0.346,1.906,1.451,34.08,LOW,0
2020-02-24,2020,2,55,Rice,964.07,1738.94,3787.79,9737.78,4379.0,4,1,26.3,11.3,0.1,4006.0,0.166,1.804,1.5096,51.87,HIGH,2
2020-02-25,2020,2,56,Wheat,955.85,1689.75,3306.98,8079.58,3649.0,4,0,27.4,6.8,0.5,4056.0,-0.704,1.768,1.5244,26.95,MEDIUM,1
2020-02-26,2020,2,57,Tomato,1025.67,1852.23,3465.52,8125.23,3714.0,6,0,25.5,15.0,0.1,4096.0,-0.482,1.806,1.5013,35.89,MEDIUM,1
2020-02-27,2020,2,58,Onion,1034.97,1807.26,3496.13,8927.19,4078.0,7,0,26.0,16.8,1.0,3986.0,-0.603,1.746,1.4716,40.09,LOW,0
2020-02-28,2020,2,59,Sugar,955.71,1771.83,3523.31,8873.82,4129.0,7,0,29.9,6.7,0.0,4228.0,-1.0,1.854,1.4738,44.39,LOW,0
2020-02-29,2020,2,60,Milk,999.1,1774.52,3422.01,8600.09,4004.0,6,0,25.7,11.5,0.4,4094.0,-0.119,1.776,1.4655,33.52,LOW,0
2020-03-01,2020,3,61,Rice,1041.25,1780.2,3467.02,8871.14,3964.0,6,0,28.2,12.1,0.1,3986.0,-0.267,1.71,1.5315,34.31,MEDIUM,1
2020-03-02,2020,3,62,Wheat,965.3,1755.37,3385.07,8742.48,3909.0,6,0,30.7,14.1,1.2,4007.0,-0.005,1.818,1.7325,36.08,MEDIUM,1
2020-03-03,2020,3,63,Tomato,1053.3,1776.88,3775.28,8455.17,3996.0,7,0,27.4,8.4,1.5,4009.0,-0.409,1.687,1.6802,42.34,MEDIUM,1
2020-03-04,2020,3,64,Onion,881.44,1647.92,3470.05,8109.51,3695.0,5,0,29.3,7.0,0.1,3880.0,-0.341,1.87,1.603,30.75,MEDIUM,1
2020-03-05,2020,3,65,Sugar,1046.2,1740.66,3660.47,9358.77,4262.0,5,0,30.4,12.9,0.5,3785.0,-0.784,1.664,1.5624,32.36,MEDIUM,1
2020-03-06,2020,3,66,Milk,1025.01,1826.57,3873.71,9791.42,4341.0,5,0,30.6,11.6,0.3,4444.0,-0.218,1.782,1.6519,35.31,MEDIUM,1
2020-03-07,2020,3,67,Rice,1035.8,1809.84,3313.9,8677.31,4020.0,5,0,29.5,10.7,0.0,4092.0,-0.414,1.747,1.5927,31.88,MEDIUM,1
2020-03-08,2020,3,68,Wheat,1011.46,1838.23,4034.15,10420.2,4678.0,5,0,31.9,12.4,0.5,4509.0,-0.271,1.817,1.6371,36.0,MEDIUM,1
2020-03-09,2020,3,69,Tomato,1059.87,1799.51,3404.49,8941.48,4122.0,4,0,29.9,12.0,1.0,4011.0,-0.555,1.698,1.5658,26.37,MEDIUM,1
2020-03-10,2020,3,70,Onion,950.79,1788.93,3568.89,7838.98,3650.0,5,0,31.9,14.3,0.8,3784.0,-0.14,1.882,1.4933,28.1,LOW,0
2020-03-11,2020,3,71,Sugar,988.99,1826.52,3783.33,9479.68,4279.0,6,0,31.8,7.9,0.3,4011.0,-0.306,1.847,1.5365,34.69,MEDIUM,1
2020-03-12,2020,3,72,Milk,1028.3,1993.9,4021.4,10049.21,4531.0,7,1,29.8,12.4,0.6,3902.0,-0.41,1.939,1.6496,71.79,HIGH,2
2020-03-13,2020,3,73,Rice,1144.1,1968.01,4129.73,10218.27,4567.0,4,0,29.9,12.0,0.5,3952.0,-0.252,1.72,1.5777,24.93,MEDIUM,1
2020-03-14,2020,3,74,Wheat,1066.4,1963.48,4161.43,10451.79,4662.0,5,0,27.8,11.9,0.2,4136.0,-0.297,1.841,1.5832,31.59,MEDIUM,1
2020-03-15,2020,3,75,Tomato,1041.35,1815.8,4059.66,10606.04,4694.0,4,0,28.7,10.5,1.0,3984.0,-0.075,1.744,1.6671,25.38,MEDIUM,1
2020-03-16,2020,3,76,Onion,1038.92,1873.84,3629.44,9468.85,4343.0,4,0,30.1,15.6,0.4,4307.0,-0.223,1.804,1.7631,30.63,MEDIUM,1
2020-03-17,2020,3,77,Sugar,1127.57,2075.38,4372.14,11543.83,5196.0,6,0,32.1,11.9,0.1,4229.0,-0.356,1.841,1.7951,41.0,MEDIUM,1
2020-03-18,2020,3,78,Milk,1108.63,1926.17,3733.88,9223.47,4169.0,4,0,29.1,7.0,0.2,3956.0,-0.32,1.737,1.7267,27.5,MEDIUM,1
2020-03-19,2020,3,79,Rice,1123.28,2026.22,4297.4,10000.14,4471.0,5,0,30.3,11.2,0.0,3915.0,-0.348,1.804,1.6133,30.94,MEDIUM,1
2020-03-20,2020,3,80,Wheat,1196.8,2259.9,4909.74,11903.71,5152.0,6,0,29.7,8.7,0.9,4035.0,-0.834,1.888,1.6422,39.15,MEDIUM,1
2020-03-21,2020,3,81,Tomato,1128.1,1985.28,3767.81,9739.8,4304.0,7,0,30.4,8.3,0.5,3998.0,-0.43,1.76,1.5635,40.6,MEDIUM,1
2020-03-22,2020,3,82,Onion,1082.58,2049.42,3908.37,9404.97,4250.0,6,0,31.0,11.2,0.4,4002.0,-0.319,1.893,1.5493,34.85,MEDIUM,1
2020-03-23,2020,3,83,Sugar,1151.08,2138.49,4375.33,11257.3,5085.0,4,1,28.6,11.0,0.0,3847.0,-0.253,1.858,1.575,54.89,HIGH,2
2020-03-24,2020,3,84,Milk,1195.5,2186.85,4028.25,9793.2,4296.0,7,0,29.3,6.0,0.4,4041.0,-0.536,1.829,1.5058,40.68,MEDIUM,1
2020-03-25,2020,3,85,Rice,1045.96,1946.36,4045.67,10320.73,4687.0,5,0,28.5,9.9,0.1,4449.0,-0.748,1.861,1.5561,36.57,MEDIUM,1
2020-03-26,2020,3,86,Wheat,1096.8,2064.01,4146.92,9677.9,4389.0,7,0,28.3,12.8,0.0,3994.0,0.144,1.882,1.538,37.35,MEDIUM,1
2020-03-27,2020,3,87,Tomato,1154.13,2140.36,4156.69,10934.91,4906.0,5,0,30.2,12.9,0.8,3983.0,0.255,1.855,1.4767,25.88,LOW,0
2020-03-28,2020,3,88,Onion,1217.43,2162.33,4792.5,11085.49,4956.0,7,0,31.6,15.0,1.0,3935.0,0.118,1.776,1.4086,35.54,LOW,0
2020-03-29,2020,3,89,Sugar,1145.52,2072.94,4273.05,10158.17,4565.0,7,0,29.6,5.0,1.0,3914.0,0.072,1.81,1.4235,35.99,LOW,0
2020-03-30,2020,3,90,Milk,1227.14,2302.35,5283.02,12947.96,5688.0,6,0,30.1,14.7,0.5,3830.0,-0.16,1.876,1.522,33.63,MEDIUM,1
2020-03-31,2020,3,91,Rice,1179.24,2004.36,4284.67,11111.19,4934.0,4,0,30.6,7.9,1.2,3980.0,-0.487,1.7,1.4901,24.79,LOW,0
2020-04-01,2020,4,92,Wheat,1114.65,2143.89,4674.65,11301.96,5038.0,4,0,34.4,6.0,0.3,4330.0,-0.54,1.923,1.5374,29.06,MEDIUM,1
2020-04-02,2020,4,93,Tomato,1159.06,2130.53,4277.43,10035.03,4584.0,7,0,35.5,8.5,0.3,4065.0,-0.145,1.838,1.4654,38.36,LOW,0
2020-04-03,2020,4,94,Onion,1085.45,1997.57,3564.88,9214.73,4152.0,7,0,35.5,13.3,0.4,3933.0,-0.385,1.84,1.6062,41.02,MEDIUM,1
2020-04-04,2020,4,95,Sugar,1163.46,1997.91,3957.85,10107.59,4550.0,4,0,33.1,10.0,0.1,4458.0,-0.264,1.717,1.5863,29.69,MEDIUM,1
2020-04-05,2020,4,96,Milk,1090.53,2000.27,3582.91,8642.26,3982.0,6,0,34.8,11.8,0.1,3883.0,-0.139,1.834,1.6867,36.0,MEDIUM,1
2020-04-06,2020,4,97,Rice,1185.94,2169.32,4860.01,12116.42,5372.0,6,0,34.3,13.2,0.0,3837.0,-0.044,1.829,1.702,35.75,MEDIUM,1
2020-04-07,2020,4,98,Wheat,1232.06,2035.27,4262.56,10831.56,4850.0,4,0,32.3,12.4,2.5,3917.0,-0.231,1.652,1.6974,26.62,MEDIUM,1
2020-04-08,2020,4,99,Tomato,1102.37,1901.93,4002.98,10281.22,4679.0,4,0,35.1,11.9,0.3,3959.0,-0.709,1.725,1.6651,28.52,MEDIUM,1
2020-04-09,2020,4,100,Onion,1269.95,2080.73,4384.39,12124.86,5463.0,7,0,35.7,3.5,0.0,4092.0,-0.606,1.638,1.6188,43.23,MEDIUM,1
2020-04-10,2020,4,101,Sugar,1243.68,2206.3,3861.16,10714.37,4795.0,5,0,31.9,5.1,0.4,4062.0,-0.231,1.774,1.6555,31.61,MEDIUM,1
2020-04-11,2020,4,102,Milk,1289.53,2293.24,4875.84,12265.26,5357.0,5,0,34.6,6.3,0.3,3914.0,-0.661,1.778,1.6758,33.44,MEDIUM,1
2020-04-12,2020,4,103,Rice,1250.88,2189.79,3960.87,10090.8,4509.0,6,0,36.3,12.3,0.2,3942.0,-0.448,1.751,1.621,36.55,MEDIUM,1
2020-04-13,2020,4,104,Wheat,1231.79,2310.74,4468.48,10730.1,4794.0,4,0,33.8,8.6,0.4,4046.0,-0.385,1.876,1.6355,26.92,MEDIUM,1
2020-04-14,2020,4,105,Tomato,1174.74,2052.23,3816.61,10342.83,4609.0,5,0,32.1,7.9,0.8,3931.0,-0.026,1.747,1.7298,31.08,MEDIUM,1
2020-04-15,2020,4,106,Onion,1235.11,2110.34,4167.85,10671.11,4782.0,6,0,33.5,17.4,0.1,3804.0,-0.861,1.709,1.7727,40.9,MEDIUM,1
2020-04-16,2020,4,107,Sugar,1290.07,2148.19,4363.91,10908.69,4883.0,6,0,34.6,7.7,0.3,4035.0,-0.069,1.665,1.6714,35.77,MEDIUM,1
2020-04-17,2020,4,108,Milk,1280.83,2375.3,4685.65,11293.18,4979.0,5,0,35.3,13.4,0.3,4094.0,-0.39,1.855,1.583,31.64,MEDIUM,1
2020-04-18,2020,4,109,Rice,1235.78,2070.59,4209.68,10945.28,4837.0,5,0,31.0,11.1,0.2,4092.0,-0.274,1.676,1.5726,30.88,MEDIUM,1
2020-04-19,2020,4,110,Wheat,1235.56,2234.94,4554.34,11016.42,4836.0,7,0,34.8,5.3,0.9,3813.0,-0.56,1.809,1.5237,40.66,MEDIUM,1
2020-04-20,2020,4,111,Tomato,1234.47,2299.09,4615.47,12218.29,5373.0,5,1,32.9,10.7,0.7,4000.0,-0.225,1.862,1.5594,59.52,HIGH,2
2020-04-21,2020,4,112,Onion,1213.7,2072.34,3825.99,9004.69,4144.0,5,0,32.9,13.9,0.2,3764.0,-0.402,1.707,1.6687,32.04,MEDIUM,1
2020-04-22,2020,4,113,Sugar,1241.38,2224.65,4653.77,11472.33,5125.0,5,0,34.4,11.0,0.8,3947.0,-0.627,1.792,1.6753,33.26,MEDIUM,1
2020-04-23,2020,4,114,Milk,1246.42,2171.54,4914.03,12823.1,5632.0,4,0,31.6,8.5,1.5,4037.0,-0.248,1.742,1.7314,27.58,MEDIUM,1
2020-04-24,2020,4,115,Rice,1153.34,2016.36,3450.34,8747.28,3971.0,6,0,34.4,7.6,0.1,3886.0,-0.275,1.748,2.0244,41.74,MEDIUM,1
2020-04-25,2020,4,116,Wheat,1216.36,2348.99,4674.66,10847.52,4848.0,5,1,35.3,6.3,0.0,3943.0,-0.516,1.931,2.0935,68.98,HIGH,2
2020-04-26,2020,4,117,Tomato,1257.38,2263.59,4626.09,12226.18,5325.0,6,0,35.4,5.5,0.4,3855.0,-0.467,1.8,2.1455,44.52,MEDIUM,1
2020-04-27,2020,4,118,Onion,1248.44,2288.97,4554.63,11076.56,4929.0,7,0,33.4,14.1,0.4,3935.0,-0.698,1.833,2.13,50.44,MEDIUM,1
2020-04-28,2020,4,119,Sugar,1156.94,2273.2,4275.2,10667.43,4790.0,4,0,35.8,7.4,0.3,3896.0,-1.0,1.965,2.1273,36.91,MEDIUM,1
2020-04-29,2020,4,120,Milk,1265.96,2311.66,4584.79,11907.02,5225.0,4,0,32.9,9.9,0.2,4072.0,-0.39,1.826,2.0085,32.8,MEDIUM,1
2020-04-30,2020,4,121,Rice,1283.24,2240.25,4931.55,12409.67,5410.0,6,0,33.5,10.6,0.0,3860.0,-0.691,1.746,2.0336,43.96,MEDIUM,1
2020-05-01,2020,5,122,Wheat,1173.84,2230.78,4503.58,11190.9,4951.0,7,0,35.9,18.1,1.1,4072.0,-0.776,1.9,2.1203,51.4,MEDIUM,1
2020-05-02,2020,5,123,Tomato,1279.28,2207.97,4557.63,12063.84,5272.0,6,0,36.1,18.1,1.7,4257.0,0.14,1.726,2.1228,43.71,MEDIUM,1
2020-05-03,2020,5,124,Onion,1285.81,2229.18,4503.31,11723.14,5230.0,7,0,33.8,14.7,0.2,3912.0,-0.308,1.734,2.2097,49.69,MEDIUM,1
2020-05-04,2020,5,125,Sugar,1312.91,2302.0,4565.53,11568.64,5086.0,6,0,36.6,22.8,0.9,4195.0,-0.048,1.753,2.1469,44.39,MEDIUM,1
2020-05-05,2020,5,126,Milk,1317.57,2553.97,5184.6,13162.15,5769.0,4,0,36.0,14.4,0.2,4140.0,-0.97,1.938,2.2362,39.79,MEDIUM,1
2020-05-06,2020,5,127,Rice,1364.81,2524.73,5132.45,13385.56,5866.0,4,0,36.1,19.4,0.3,4210.0,-0.678,1.85,2.1966,38.44,MEDIUM,1
2020-05-07,2020,5,128,Wheat,1266.42,2148.5,4528.6,11734.09,5226.0,7,1,37.9,22.6,0.2,4220.0,-0.635,1.697,2.1874,83.19,HIGH,2
2020-05-08,2020,5,129,Tomato,1272.22,2332.69,4458.35,10911.83,4884.0,7,0,38.1,16.9,2.8,4283.0,-0.52,1.834,2.4884,57.76,MEDIUM,1
2020-05-09,2020,5,130,Onion,1236.4,2184.35,4110.78,10760.62,4852.0,7,0,36.6,23.4,0.1,4153.0,0.089,1.767,2.4868,53.39,MEDIUM,1
2020-05-10,2020,5,131,Sugar,1250.72,2334.12,4666.6,12401.45,5417.0,7,1,38.7,16.1,0.6,3925.0,-0.16,1.866,2.5059,83.39,HIGH,2
2020-05-11,2020,5,132,Milk,1322.8,2319.39,4599.06,11838.53,5187.0,7,0,38.0,15.3,0.1,4232.0,-0.468,1.753,2.4188,55.94,MEDIUM,1
2020-05-12,2020,5,133,Rice,1266.71,2390.4,5231.3,14047.02,6090.0,4,0,36.3,14.6,0.2,4160.0,-0.931,1.887,2.575,44.88,MEDIUM,1
2020-05-13,2020,5,134,Wheat,1221.83,2062.42,3546.08,9160.46,4203.0,6,0,36.8,20.7,0.0,4064.0,-0.13,1.688,2.7333,52.29,MEDIUM,1
2020-05-14,2020,5,135,Tomato,1306.08,2236.23,4560.86,11088.3,4882.0,6,0,37.5,18.4,0.0,4072.0,-0.668,1.712,2.7736,55.66,MEDIUM,1
2020-05-15,2020,5,136,Onion,1192.9,2101.39,4352.83,10972.92,4875.0,5,0,36.7,18.4,0.4,4112.0,-0.179,1.762,2.6842,47.28,MEDIUM,1
2020-05-16,2020,5,137,Sugar,1294.37,2383.29,4394.18,10706.47,4752.0,7,0,38.2,14.2,0.1,4189.0,-0.411,1.841,2.6882,59.27,MEDIUM,1
2020-05-17,2020,5,138,Milk,1373.7,2501.65,4855.59,12357.15,5401.0,4,0,37.1,16.5,0.4,4041.0,-0.425,1.821,2.4818,39.76,MEDIUM,1
2020-05-18,2020,5,139,Rice,1230.04,2208.36,4317.7,11835.7,5234.0,5,0,39.7,14.9,0.4,4265.0,-0.383,1.795,2.4652,46.54,MEDIUM,1
2020-05-19,2020,5,140,Wheat,1367.26,2553.22,5013.82,13486.85,5891.0,4,0,37.4,19.1,0.1,4087.0,-0.135,1.867,2.3996,37.54,MEDIUM,1
2020-05-20,2020,5,141,Tomato,1286.32,2643.96,5366.91,12933.1,5633.0,7,0,36.4,21.4,0.7,4664.0,-0.831,2.055,2.4376,62.36,MEDIUM,1
2020-05-21,2020,5,142,Onion,1342.92,2530.02,4710.77,10216.94,4561.0,6,0,38.6,14.3,0.5,4173.0,-0.564,1.884,2.2655,48.53,MEDIUM,1
2020-05-22,2020,5,143,Sugar,1311.88,2441.24,4833.77,11409.71,5082.0,6,0,35.9,18.6,1.1,4198.0,-0.398,1.861,2.2581,47.84,MEDIUM,1
2020-05-23,2020,5,144,Milk,1266.86,2319.85,4460.53,10882.57,4910.0,5,0,37.8,18.9,0.2,4152.0,-0.702,1.831,2.2541,43.84,MEDIUM,1
2020-05-24,2020,5,145,Rice,1364.12,2442.53,4366.8,10598.48,4782.0,5,0,38.9,17.9,0.2,4226.0,-0.236,1.791,2.1188,40.22,MEDIUM,1
2020-05-25,2020,5,146,Wheat,1290.33,2241.66,4619.76,10916.24,4827.0,6,0,40.0,22.7,0.8,4200.0,-0.288,1.737,2.1656,45.92,MEDIUM,1
2020-05-26,2020,5,147,Tomato,1358.93,2324.17,4554.88,11673.77,5144.0,6,1,36.2,20.3,0.5,4005.0,-0.362,1.71,2.0999,73.36,HIGH,2
2020-05-27,2020,5,148,Onion,1371.73,2506.71,5068.59,13087.15,5729.0,5,0,36.1,20.6,0.0,4189.0,-0.068,1.827,2.0792,38.42,MEDIUM,1
2020-05-28,2020,5,149,Sugar,1191.14,2224.81,4330.51,10779.24,4862.0,5,0,37.5,18.6,0.2,4503.0,-0.478,1.868,2.1626,44.86,MEDIUM,1
2020-05-29,2020,5,150,Milk,1402.77,2588.89,5756.25,13854.28,6027.0,4,1,40.1,16.9,0.0,4140.0,-0.966,1.846,2.1553,68.56,HIGH,2
2020-05-30,2020,5,151,Rice,1219.68,2271.45,4781.44,11457.88,5126.0,5,0,37.6,20.7,0.4,4522.0,-0.595,1.862,2.095,44.62,MEDIUM,1
2020-05-31,2020,5,152,Wheat,1265.75,2466.76,5145.49,12364.74,5496.0,6,0,35.9,23.2,0.4,4157.0,-0.343,1.949,2.2404,46.89,MEDIUM,1
2020-06-01,2020,6,153,Tomato,1164.7,2159.63,4178.0,9527.18,4381.0,7,0,31.8,22.1,33.5,4254.0,-0.006,1.854,2.2012,50.59,MEDIUM,1
2020-06-02,2020,6,154,Onion,1355.12,2399.89,4679.15,11194.78,4868.0,5,0,29.6,19.1,4.7,4124.0,-0.532,1.771,2.1753,41.53,MEDIUM,1
2020-06-03,2020,6,155,Sugar,1288.37,2105.93,4307.05,10126.7,4525.0,4,0,29.7,16.0,10.9,4213.0,-0.573,1.635,2.2442,38.66,MEDIUM,1
2020-06-04,2020,6,156,Milk,1293.24,2413.63,4686.83,12194.97,5302.0,7,0,30.1,21.1,12.8,4134.0,-0.613,1.866,2.2045,52.47,MEDIUM,1
2020-06-05,2020,6,157,Rice,1208.37,2021.94,4097.88,10494.87,4739.0,4,0,28.6,20.7,26.0,4590.0,-0.356,1.673,2.1498,39.93,MEDIUM,1
2020-06-06,2020,6,158,Wheat,1237.73,2286.12,4820.43,12162.94,5423.0,4,0,29.8,20.8,7.8,4138.0,-0.032,1.847,2.1371,33.6,MEDIUM,1
2020-06-07,2020,6,159,Tomato,1356.14,2252.93,4552.44,11795.71,5234.0,7,0,31.6,19.9,1.9,3935.0,-0.623,1.661,2.0866,49.41,MEDIUM,1
2020-06-08,2020,6,160,Onion,1391.65,2411.9,4798.99,12457.17,5572.0,5,0,30.7,16.3,9.4,4180.0,-0.594,1.733,2.0269,40.17,MEDIUM,1
2020-06-09,2020,6,161,Sugar,1236.1,2315.88,4863.48,11767.31,5203.0,7,0,33.1,17.2,25.9,4421.0,-0.157,1.874,2.0032,50.04,MEDIUM,1
2020-06-10,2020,6,162,Milk,1277.6,2442.47,5638.96,14401.09,6225.0,6,0,29.5,17.5,10.9,4167.0,-0.445,1.912,2.1695,46.44,MEDIUM,1
2020-06-11,2020,6,163,Rice,1349.4,2301.17,4227.5,11214.28,4980.0,6,1,33.8,16.6,2.3,4134.0,-0.543,1.705,2.0388,74.64,HIGH,2
2020-06-12,2020,6,164,Wheat,1284.94,2297.62,4764.44,10992.11,4880.0,4,0,29.7,17.9,2.1,4040.0,-0.191,1.788,1.935,30.38,MEDIUM,1
2020-06-13,2020,6,165,Tomato,1350.29,2470.46,4914.4,12550.04,5498.0,5,0,28.6,14.6,11.7,4273.0,0.269,1.83,1.92,35.18,MEDIUM,1
2020-06-14,2020,6,166,Onion,1341.38,2472.73,5155.34,12907.21,5607.0,4,0,29.0,14.7,26.6,4195.0,-0.452,1.843,2.0174,34.47,MEDIUM,1
2020-06-15,2020,6,167,Sugar,1278.78,2540.59,5155.33,13444.76,5891.0,7,0,33.9,21.4,3.4,4134.0,-0.57,1.987,2.0366,49.74,MEDIUM,1
2020-06-16,2020,6,168,Milk,1236.64,2058.9,4352.95,10597.46,4738.0,4,0,30.9,19.0,0.9,4268.0,-0.287,1.665,2.082,35.34,MEDIUM,1
2020-06-17,2020,6,169,Rice,1342.41,2410.81,4394.18,11650.87,5155.0,5,0,29.6,16.0,21.5,3967.0,0.541,1.796,2.116,34.04,MEDIUM,1
2020-06-18,2020,6,170,Wheat,1332.27,2623.0,4939.5,13107.89,5793.0,4,0,31.6,18.5,0.9,4138.0,-0.441,1.969,2.119,35.37,MEDIUM,1
2020-06-19,2020,6,171,Tomato,1399.49,2540.61,5578.44,13784.48,6086.0,7,0,32.4,21.3,2.2,4231.0,-0.559,1.815,2.1027,51.65,MEDIUM,1
2020-06-20,2020,6,172,Onion,1288.11,2443.21,4534.71,11435.05,5067.0,5,0,31.2,16.1,7.6,4166.0,-0.603,1.897,2.0458,40.36,MEDIUM,1
2020-06-21,2020,6,173,Sugar,1239.6,2200.73,3984.73,10063.82,4446.0,7,0,31.0,15.5,23.7,4013.0,-0.629,1.775,2.0892,49.61,MEDIUM,1
2020-06-22,2020,6,174,Milk,1239.41,2184.41,4216.4,10571.14,4745.0,6,0,30.5,18.5,3.7,4238.0,-0.656,1.762,2.0837,46.92,MEDIUM,1
2020-06-23,2020,6,175,Rice,1275.67,2398.64,5321.99,12480.9,5442.0,7,0,30.0,18.6,17.2,4210.0,-0.232,1.88,2.0787,49.44,MEDIUM,1
2020-06-24,2020,6,176,Wheat,1281.57,2330.02,4759.65,11257.67,5011.0,4,0,30.5,15.1,7.7,4219.0,-0.498,1.818,2.0624,35.62,MEDIUM,1
2020-06-25,2020,6,177,Tomato,1312.26,2271.04,4392.62,10821.44,4859.0,4,0,29.0,15.5,27.7,4166.0,-0.342,1.731,2.1229,35.21,MEDIUM,1
2020-06-26,2020,6,178,Onion,1260.27,2192.95,4460.84,11194.04,5031.0,4,0,30.2,15.5,4.4,4478.0,-0.717,1.74,2.1454,40.55,MEDIUM,1
2020-06-27,2020,6,179,Sugar,1276.58,2268.77,4438.15,11169.82,4979.0,5,0,31.6,17.6,10.4,4031.0,-0.463,1.777,2.2332,41.12,MEDIUM,1
2020-06-28,2020,6,180,Milk,1197.7,2311.23,4478.79,11698.85,5134.0,4,0,30.5,20.5,23.9,4252.0,-0.287,1.93,2.1592,36.34,MEDIUM,1
2020-06-29,2020,6,181,Rice,1218.03,2302.12,4330.42,11679.66,5126.0,5,0,29.6,19.9,33.1,4104.0,-0.449,1.89,2.1536,40.59,MEDIUM,1
2020-06-30,2020,6,182,Wheat,1264.01,2165.77,4502.32,11351.15,5051.0,4,0,31.1,20.0,4.7,4127.0,0.205,1.713,2.1488,32.48,MEDIUM,1
2020-07-01,2020,7,183,Tomato,1208.98,2106.19,4237.81,11381.52,5100.0,8,0,26.6,18.6,4.6,4188.0,-0.623,1.742,2.0994,56.49,MEDIUM,1
2020-07-02,2020,7,184,Onion,1249.52,2437.31,5066.27,13290.45,5775.0,10,0,27.2,19.6,26.6,4266.0,-0.88,1.951,2.1885,69.89,MEDIUM,1
2020-07-03,2020,7,185,Sugar,1145.61,1911.51,3789.41,10229.03,4535.0,10,0,27.0,18.7,49.4,4010.0,-0.585,1.669,1.9664,62.52,MEDIUM,1
2020-07-04,2020,7,186,Milk,1100.94,1983.57,4042.06,10649.79,4752.0,9,0,27.8,17.5,19.4,4145.0,-0.727,1.802,1.7556,56.42,MEDIUM,1
2020-07-05,2020,7,187,Rice,1146.85,2117.97,4236.75,9765.04,4460.0,7,0,26.2,18.7,4.8,4288.0,-0.968,1.847,1.7405,48.83,MEDIUM,1
2020-07-06,2020,7,188,Wheat,1151.04,2159.68,4309.7,10340.5,4659.0,7,1,27.6,18.0,7.5,4128.0,-0.879,1.876,1.7084,76.3,HIGH,2
2020-07-07,2020,7,189,Tomato,1240.07,2096.89,4233.56,10247.6,4673.0,9,0,27.6,18.1,21.2,4259.0,-0.457,1.691,1.7953,56.8,MEDIUM,1
2020-07-08,2020,7,190,Onion,1124.67,2051.93,4320.28,11040.95,4952.0,8,0,27.8,20.7,24.5,3946.0,-0.259,1.824,1.7762,47.94,MEDIUM,1
2020-07-09,2020,7,191,Sugar,1124.77,1946.05,3888.25,9493.58,4293.0,7,1,25.8,19.0,5.1,4009.0,-0.881,1.73,1.7778,76.16,HIGH,2
2020-07-10,2020,7,192,Milk,1095.55,2040.61,3787.41,8632.12,3982.0,10,0,29.4,15.6,47.0,4177.0,-0.368,1.863,1.6634,58.56,MEDIUM,1
2020-07-11,2020,7,193,Rice,1224.62,2051.07,4433.84,11140.14,4962.0,10,0,25.7,14.0,33.7,3903.0,-0.124,1.675,1.7085,56.25,MEDIUM,1
2020-07-12,2020,7,194,Wheat,1171.52,2047.23,3932.18,10182.51,4555.0,9,0,24.6,18.3,6.8,4093.0,-0.02,1.747,1.7177,51.8,MEDIUM,1
2020-07-13,2020,7,195,Tomato,1094.94,2054.78,4322.66,11190.8,5060.0,7,0,25.6,19.3,31.3,4074.0,-0.9,1.877,1.6558,45.08,MEDIUM,1
2020-07-14,2020,7,196,Onion,1237.02,2162.33,4353.64,11598.18,5082.0,10,1,25.7,16.3,0.2,4073.0,-0.196,1.748,1.6623,86.64,HIGH,2
2020-07-15,2020,7,197,Sugar,1144.99,2103.36,3843.71,9296.76,4254.0,8,0,28.8,15.1,25.5,4184.0,-0.475,1.837,1.6179,48.48,MEDIUM,1
2020-07-16,2020,7,198,Milk,1070.43,1826.44,3678.81,8627.55,3991.0,8,0,24.3,18.4,4.7,3982.0,-0.877,1.706,1.6376,48.95,MEDIUM,1
2020-07-17,2020,7,199,Rice,1152.75,2149.04,4305.24,10269.11,4587.0,9,0,23.5,18.5,40.5,4209.0,-0.101,1.864,1.6941,53.01,MEDIUM,1
2020-07-18,2020,7,200,Wheat,1147.53,2031.75,3970.1,9476.43,4271.0,10,0,27.7,18.9,16.7,4088.0,-0.728,1.771,1.7023,60.05,MEDIUM,1
2020-07-19,2020,7,201,Tomato,1131.32,2113.23,4164.34,10375.07,4641.0,9,0,24.7,16.9,18.3,4164.0,-0.385,1.868,1.6911,53.93,MEDIUM,1
2020-07-20,2020,7,202,Onion,995.2,1824.84,3594.4,9236.18,4291.0,10,0,28.5,13.5,25.4,4206.0,-0.067,1.834,1.5744,56.01,MEDIUM,1
2020-07-21,2020,7,203,Sugar,1092.12,1909.91,3628.36,8591.18,3924.0,9,0,28.9,13.5,6.1,4071.0,-0.445,1.749,1.6398,52.53,MEDIUM,1
2020-07-22,2020,7,204,Milk,1053.87,1853.95,3747.15,9141.66,4109.0,7,1,25.1,16.3,22.8,4154.0,-0.689,1.759,1.6306,74.44,HIGH,2
2020-07-23,2020,7,205,Rice,1097.68,1971.55,3949.56,9514.41,4325.0,10,1,26.7,15.2,20.1,3980.0,-0.679,1.796,1.5974,87.36,HIGH,2
2020-07-24,2020,7,206,Wheat,1199.03,2229.5,4763.29,12978.09,5651.0,10,0,27.7,18.9,2.8,3843.0,-0.341,1.859,1.7719,58.28,MEDIUM,1
2020-07-25,2020,7,207,Tomato,1147.06,2179.21,4617.73,12106.02,5317.0,8,0,24.6,20.8,4.7,4112.0,-0.317,1.9,1.9488,51.94,MEDIUM,1
2020-07-26,2020,7,208,Onion,1060.8,1792.11,3860.35,9683.1,4365.0,8,1,28.1,20.3,20.2,4247.0,-0.407,1.689,1.9657,83.99,HIGH,2
2020-07-27,2020,7,209,Sugar,1074.84,1902.93,3780.85,9826.9,4383.0,7,0,26.3,13.2,19.3,4271.0,0.014,1.77,2.0427,48.28,MEDIUM,1
2020-07-28,2020,7,210,Milk,1091.72,2057.62,4220.69,10514.19,4728.0,7,0,26.6,17.3,8.3,4188.0,-0.278,1.885,2.0071,48.38,MEDIUM,1
2020-07-29,2020,7,211,Rice,984.8,1788.93,3831.35,9891.62,4436.0,7,0,27.2,23.1,1.1,4145.0,-0.17,1.817,1.8474,45.01,MEDIUM,1
2020-07-30,2020,7,212,Wheat,1118.5,2042.85,4268.4,10669.89,4766.0,9,0,28.9,14.5,23.0,4143.0,-0.516,1.826,1.9438,58.17,MEDIUM,1
2020-07-31,2020,7,213,Tomato,1047.15,1724.06,3445.73,8329.13,3872.0,7,0,26.3,22.3,16.0,4112.0,-0.484,1.646,2.0179,48.81,MEDIUM,1
2020-08-01,2020,8,214,Onion,1068.67,2039.83,4030.88,10981.55,4824.0,7,0,24.0,20.6,1.2,4336.0,-0.744,1.909,1.8991,50.57,MEDIUM,1
2020-08-02,2020,8,215,Sugar,1072.15,1930.65,4066.89,9122.73,4033.0,9,0,24.9,18.0,29.4,4121.0,-0.351,1.801,1.9199,56.76,MEDIUM,1
2020-08-03,2020,8,216,Milk,978.87,1701.9,3655.29,7927.13,3608.0,8,1,26.4,19.9,11.4,4140.0,-0.613,1.739,1.899,82.95,HIGH,2
2020-08-04,2020,8,217,Rice,1016.65,1804.88,4047.75,10329.68,4651.0,9,0,24.9,16.3,3.7,4690.0,0.227,1.775,1.8393,58.35,MEDIUM,1
2020-08-05,2020,8,218,Wheat,1062.36,2038.86,3972.16,9635.87,4315.0,10,0,25.4,24.7,0.3,4020.0,-0.501,1.919,1.8409,60.32,MEDIUM,1
2020-08-06,2020,8,219,Tomato,1039.75,1804.5,3523.68,8266.09,3843.0,9,0,26.8,18.5,10.6,4106.0,-0.629,1.736,2.0281,59.63,MEDIUM,1
2020-08-07,2020,8,220,Onion,966.28,1766.35,3634.61,9544.97,4308.0,8,0,28.2,21.2,3.4,4103.0,-0.796,1.828,1.883,53.26,MEDIUM,1
2020-08-08,2020,8,221,Sugar,968.51,1738.4,3691.92,9027.19,4129.0,10,0,26.9,18.2,1.0,4479.0,-1.0,1.795,1.8045,66.86,MEDIUM,1
2020-08-09,2020,8,222,Milk,1005.39,1872.96,3200.21,7712.19,3633.0,10,0,26.9,20.1,18.4,4232.0,-0.013,1.863,1.835,59.91,MEDIUM,1
2020-08-10,2020,8,223,Rice,988.37,1945.92,3944.1,10576.35,4690.0,7,0,29.1,19.2,20.9,4022.0,-0.383,1.969,1.8772,45.29,MEDIUM,1
2020-08-11,2020,8,224,Wheat,1069.25,1819.32,3876.5,9179.92,4192.0,8,0,26.5,19.9,8.5,3997.0,-0.71,1.701,1.9478,52.77,MEDIUM,1
2020-08-12,2020,8,225,Tomato,1079.48,1924.23,3685.36,8925.02,4018.0,9,0,25.4,15.6,3.6,4116.0,-0.129,1.783,1.9328,55.8,MEDIUM,1
2020-08-13,2020,8,226,Onion,996.09,1648.07,2954.38,7356.99,3412.0,7,0,27.8,22.9,15.2,4309.0,-0.645,1.655,2.1772,53.97,MEDIUM,1
2020-08-14,2020,8,227,Sugar,928.43,1723.26,3183.57,8194.96,3693.0,10,0,28.6,19.6,22.6,4041.0,0.03,1.856,2.1197,62.06,MEDIUM,1
2020-08-15,2020,8,228,Milk,961.14,1801.97,3567.16,9108.62,4159.0,10,0,28.7,19.1,8.4,4155.0,-0.299,1.875,2.0232,63.39,MEDIUM,1
2020-08-16,2020,8,229,Rice,992.56,1664.67,3455.32,8892.24,4005.0,9,1,25.5,17.3,0.3,4145.0,0.029,1.677,2.0767,87.46,HIGH,2
2020-08-17,2020,8,230,Wheat,1019.72,1838.37,3472.86,7952.29,3653.0,8,0,24.7,16.0,15.3,4105.0,-0.806,1.803,2.2236,58.43,MEDIUM,1
2020-08-18,2020,8,231,Tomato,994.18,1802.19,3567.17,9157.84,4196.0,10,0,24.8,18.4,81.5,4709.0,-0.235,1.813,2.2632,72.21,MEDIUM,1
2020-08-19,2020,8,232,Onion,954.22,1684.19,3546.7,8952.74,4165.0,8,1,28.0,18.5,54.9,4082.0,-0.031,1.765,2.2138,84.18,HIGH,2
2020-08-20,2020,8,233,Sugar,976.99,1689.81,3715.4,9051.76,4150.0,10,0,26.5,19.0,0.3,4246.0,-0.144,1.73,2.1861,65.97,MEDIUM,1
2020-08-21,2020,8,234,Milk,957.09,1756.34,3536.3,8931.8,4065.0,10,0,28.5,19.3,1.2,4205.0,-0.642,1.835,2.1364,67.31,MEDIUM,1
2020-08-22,2020,8,235,Rice,985.2,1793.96,3647.46,9468.46,4257.0,9,1,27.6,17.0,32.6,4051.0,-0.101,1.821,2.1551,88.34,HIGH,2
2020-08-23,2020,8,236,Wheat,901.67,1685.5,3641.97,9359.34,4206.0,10,0,27.2,16.7,6.4,4150.0,-0.462,1.869,1.9681,63.33,MEDIUM,1
2020-08-24,2020,8,237,Tomato,919.52,1541.22,3006.74,7414.08,3493.0,10,1,26.6,17.3,54.2,4120.0,-0.256,1.676,1.9099,91.13,HIGH,2
2020-08-25,2020,8,238,Onion,862.32,1521.22,3208.32,7499.41,3492.0,10,1,25.5,18.6,1.2,4648.0,-0.975,1.764,1.8183,98.63,HIGH,2
2020-08-26,2020,8,239,Sugar,985.67,1796.45,3635.37,8624.69,4027.0,9,0,25.3,18.1,14.7,4059.0,-0.407,1.823,1.8522,55.41,MEDIUM,1
2020-08-27,2020,8,240,Milk,875.45,1515.3,2820.97,6869.62,3290.0,9,0,25.4,18.7,16.4,4129.0,-0.484,1.731,1.8773,56.87,MEDIUM,1
2020-08-28,2020,8,241,Rice,905.3,1527.77,3047.54,8242.04,3843.0,10,0,28.9,17.8,6.7,4292.0,-0.677,1.688,1.8029,63.35,MEDIUM,1
2020-08-29,2020,8,242,Wheat,904.17,1752.58,3518.18,9258.85,4218.0,9,1,27.1,19.2,40.4,4122.0,-0.787,1.938,1.7844,86.92,HIGH,2
2020-08-30,2020,8,243,Tomato,851.99,1484.84,3035.3,7431.49,3457.0,9,0,27.6,17.4,52.6,4102.0,-0.699,1.743,1.737,55.57,MEDIUM,1
2020-08-31,2020,8,244,Onion,929.2,1711.19,3701.01,10353.68,4664.0,7,0,30.4,22.5,14.7,4173.0,-0.591,1.842,1.7095,45.33,MEDIUM,1
2020-09-01,2020,9,245,Sugar,882.74,1547.65,3090.49,7388.87,3524.0,4,0,27.6,16.0,4.1,3741.0,-1.0,1.753,1.7906,31.86,MEDIUM,1
2020-09-02,2020,9,246,Milk,1012.3,1974.98,3973.56,9851.26,4452.0,7,0,29.9,17.4,16.8,4270.0,0.323,1.951,1.7839,42.84,MEDIUM,1
2020-09-03,2020,9,247,Rice,977.85,1829.49,3539.92,8850.58,4047.0,6,0,29.1,16.5,8.6,3998.0,-0.49,1.871,1.7275,38.36,MEDIUM,1
2020-09-04,2020,9,248,Wheat,975.96,1825.52,3935.09,10740.79,4861.0,7,0,30.3,18.8,29.1,4009.0,-0.371,1.87,1.9114,45.62,MEDIUM,1
2020-09-05,2020,9,249,Tomato,930.56,1730.47,3427.25,8541.73,3986.0,5,0,29.1,18.8,40.6,4250.0,-0.104,1.86,1.9523,37.3,MEDIUM,1
2020-09-06,2020,9,250,Onion,1044.38,1696.55,3408.85,8419.1,3804.0,7,0,30.0,23.8,11.7,4086.0,-0.726,1.624,1.8734,47.59,MEDIUM,1
2020-09-07,2020,9,251,Sugar,950.83,1650.69,3166.0,7439.57,3489.0,5,0,28.3,14.5,39.6,4038.0,-0.31,1.736,1.9312,35.9,MEDIUM,1
2020-09-08,2020,9,252,Milk,987.42,1714.47,3332.99,8072.88,3674.0,6,0,28.5,21.3,4.3,4117.0,-0.059,1.736,1.9218,40.29,MEDIUM,1
2020-09-09,2020,9,253,Rice,904.84,1584.67,3085.51,7322.56,3450.0,6,0,30.8,17.2,1.9,3981.0,-0.319,1.751,1.8464,39.29,MEDIUM,1
2020-09-10,2020,9,254,Wheat,908.8,1719.59,3752.52,8659.6,4007.0,7,0,27.2,18.1,1.7,4407.0,-0.465,1.892,1.9402,50.5,MEDIUM,1
2020-09-11,2020,9,255,Tomato,959.28,1765.56,3562.42,8516.14,3956.0,4,0,27.5,17.7,59.1,4141.0,-0.604,1.841,2.149,36.66,MEDIUM,1
2020-09-12,2020,9,256,Onion,946.81,1737.2,3418.33,8823.8,3987.0,6,0,30.2,13.3,8.3,4160.0,-0.972,1.835,2.1133,48.16,MEDIUM,1
2020-09-13,2020,9,257,Sugar,905.21,1766.08,3630.46,8494.34,3839.0,4,0,29.7,13.4,6.7,4123.0,-0.002,1.951,2.0822,32.47,MEDIUM,1
2020-09-14,2020,9,258,Milk,930.77,1642.57,3456.07,8695.31,3969.0,4,0,30.3,17.1,12.9,4110.0,-0.277,1.765,2.073,33.58,MEDIUM,1
2020-09-15,2020,9,259,Rice,932.73,1824.96,3645.03,8887.82,4059.0,4,0,27.3,17.1,16.0,4770.0,-0.25,1.957,2.1041,40.51,MEDIUM,1
2020-09-16,2020,9,260,Wheat,830.48,1563.42,3337.26,8638.39,3913.0,6,0,27.4,16.1,34.4,4484.0,0.12,1.883,1.9881,44.06,MEDIUM,1
2020-09-17,2020,9,261,Tomato,878.29,1595.28,2998.79,7354.59,3398.0,7,0,29.5,17.0,0.6,4013.0,-0.304,1.816,2.0472,47.36,MEDIUM,1
2020-09-18,2020,9,262,Onion,845.44,1369.2,2647.59,6253.72,3015.0,6,0,27.5,17.2,0.7,4087.0,-0.49,1.62,2.1519,45.6,MEDIUM,1
2020-09-19,2020,9,263,Sugar,903.91,1717.78,3395.68,8963.76,4102.0,4,0,30.1,17.4,4.3,4323.0,-1.0,1.9,2.1702,40.78,MEDIUM,1
2020-09-20,2020,9,264,Milk,878.97,1670.1,3377.99,8851.31,4070.0,7,0,30.6,14.6,3.6,4377.0,-0.439,1.9,2.147,53.17,MEDIUM,1
2020-09-21,2020,9,265,Rice,851.34,1590.69,3443.75,9051.82,4130.0,6,0,27.9,19.1,41.8,4034.0,-0.228,1.868,2.1038,43.04,MEDIUM,1
2020-09-22,2020,9,266,Wheat,829.17,1584.74,3126.67,8170.42,3743.0,7,1,30.7,21.2,0.8,4092.0,-0.512,1.911,1.9822,78.21,HIGH,2
2020-09-23,2020,9,267,Tomato,847.5,1518.29,3049.26,7432.9,3521.0,7,0,28.5,17.8,13.1,4084.0,-0.099,1.792,1.9243,45.2,MEDIUM,1
2020-09-24,2020,9,268,Onion,774.18,1543.97,3288.7,8000.85,3665.0,6,0,29.6,13.8,1.5,4144.0,-0.612,1.994,1.7376,40.56,MEDIUM,1
2020-09-25,2020,9,269,Sugar,862.31,1490.31,3106.09,7627.61,3577.0,5,0,24.6,16.9,6.1,4041.0,-0.367,1.728,1.7838,34.0,MEDIUM,1
2020-09-26,2020,9,270,Milk,850.15,1644.92,3346.06,7945.72,3621.0,6,0,26.4,17.8,26.3,4134.0,-0.242,1.935,1.6877,37.87,MEDIUM,1
2020-09-27,2020,9,271,Rice,884.82,1569.63,3090.21,7951.74,3687.0,7,1,28.3,13.7,4.1,4183.0,-0.108,1.774,1.6906,72.73,HIGH,2
2020-09-28,2020,9,272,Wheat,835.43,1447.95,2906.06,7245.99,3434.0,6,0,28.3,14.9,2.8,4144.0,-0.523,1.733,1.6772,39.21,MEDIUM,1
2020-09-29,2020,9,273,Tomato,963.71,1687.06,3115.15,7085.09,3345.0,4,1,30.1,12.4,28.5,4158.0,-0.272,1.751,1.7056,58.52,HIGH,2
2020-09-30,2020,9,274,Onion,802.99,1338.14,2697.68,6463.79,3130.0,5,0,24.1,19.7,22.8,4056.0,-0.536,1.666,1.6163,32.48,MEDIUM,1
2020-10-01,2020,10,275,Sugar,1035.86,2004.47,4334.32,11312.92,5087.0,9,0,29.4,15.5,1.3,4014.0,-0.711,1.935,1.7313,54.66,MEDIUM,1
2020-10-02,2020,10,276,Milk,1051.99,1957.65,3668.65,9012.95,4004.0,6,0,31.6,8.0,23.1,3984.0,-0.525,1.861,1.6342,37.14,MEDIUM,1
2020-10-03,2020,10,277,Rice,928.58,1813.44,3394.67,8563.87,3961.0,6,1,33.5,6.2,13.4,3972.0,-0.119,1.953,1.6521,65.38,HIGH,2
2020-10-04,2020,10,278,Wheat,872.53,1596.82,3243.34,8160.16,3707.0,7,0,31.8,5.2,7.3,4028.0,-0.204,1.83,1.5147,39.02,MEDIUM,1
2020-10-05,2020,10,279,Tomato,1034.29,2005.28,4244.18,9976.06,4440.0,9,0,29.0,12.1,0.6,3898.0,-0.314,1.939,1.5113,49.24,MEDIUM,1
2020-10-06,2020,10,280,Onion,916.37,1692.27,3062.26,8145.18,3744.0,9,1,32.3,14.7,18.0,3873.0,-0.588,1.847,1.608,82.06,HIGH,2
2020-10-07,2020,10,281,Sugar,1036.34,1659.16,3530.18,8968.65,4130.0,8,0,30.2,6.8,2.1,3869.0,-0.059,1.601,1.5157,43.03,MEDIUM,1
2020-10-08,2020,10,282,Milk,1021.7,1854.55,3524.98,9142.73,4175.0,9,0,31.1,10.4,4.5,3948.0,-0.086,1.815,1.495,47.85,MEDIUM,1
2020-10-09,2020,10,283,Rice,942.58,1678.54,3785.89,9172.97,4188.0,7,1,30.7,10.3,0.2,4057.0,0.284,1.781,1.4706,66.21,MEDIUM,1
2020-10-10,2020,10,284,Wheat,944.47,1567.34,3162.69,8503.73,3834.0,9,0,29.6,7.1,15.1,3997.0,0.02,1.659,1.4662,46.89,MEDIUM,1
2020-10-11,2020,10,285,Tomato,881.29,1575.82,3230.87,8773.62,4020.0,7,0,33.1,9.3,0.1,3882.0,-0.031,1.788,1.4723,37.24,LOW,0
2020-10-12,2020,10,286,Onion,970.61,1671.12,3099.74,8282.79,3814.0,6,0,32.4,12.3,1.7,3824.0,-0.775,1.722,1.4608,35.79,LOW,0
2020-10-13,2020,10,287,Sugar,838.77,1463.75,2791.7,6899.05,3339.0,7,0,31.7,12.9,2.0,4125.0,-0.634,1.745,1.4962,41.86,LOW,0
2020-10-14,2020,10,288,Milk,909.15,1614.88,3171.96,7713.07,3549.0,9,0,30.9,7.0,8.1,3972.0,-0.248,1.776,1.5084,48.87,MEDIUM,1
2020-10-15,2020,10,289,Rice,1042.95,1976.64,3995.31,10480.64,4700.0,7,0,33.7,8.3,3.1,4036.0,-0.358,1.895,1.5259,40.04,MEDIUM,1
2020-10-16,2020,10,290,Wheat,982.1,1742.3,3647.33,9332.13,4255.0,7,0,35.5,9.0,2.8,3810.0,-0.071,1.774,1.5555,38.69,MEDIUM,1
2020-10-17,2020,10,291,Tomato,892.3,1670.28,3434.03,8249.84,3826.0,6,0,31.8,8.5,2.9,3984.0,-0.258,1.872,1.5322,34.27,MEDIUM,1
2020-10-18,2020,10,292,Onion,988.27,1845.36,3625.09,8222.56,3762.0,8,0,33.3,9.1,0.5,3975.0,-0.788,1.867,1.4244,45.31,LOW,0
2020-10-19,2020,10,293,Sugar,890.47,1597.34,3262.7,8320.48,3823.0,6,0,29.3,13.2,6.4,4006.0,-0.07,1.794,1.4192,31.7,LOW,0
2020-10-20,2020,10,294,Milk,923.6,1645.23,3283.74,8048.15,3731.0,8,0,32.0,11.3,6.2,4006.0,-0.578,1.781,1.4314,44.42,LOW,0
2020-10-21,2020,10,295,Rice,853.49,1521.93,2965.15,7217.82,3376.0,8,0,31.2,9.6,2.0,3782.0,-0.502,1.783,1.4641,44.47,LOW,0
2020-10-22,2020,10,296,Wheat,910.54,1642.5,3214.43,8113.32,3678.0,8,1,32.0,8.1,0.5,3709.0,-0.347,1.804,1.5052,74.31,HIGH,2
2020-10-23,2020,10,297,Tomato,887.46,1606.8,3140.57,7769.02,3656.0,8,0,31.9,9.8,0.5,3917.0,-0.785,1.811,1.5133,46.62,MEDIUM,1
2020-10-24,2020,10,298,Onion,844.79,1598.18,3079.93,8358.26,3900.0,7,0,30.5,8.9,17.9,3980.0,-0.675,1.892,1.5925,42.26,MEDIUM,1
2020-10-25,2020,10,299,Sugar,832.4,1460.62,3011.92,7905.75,3722.0,8,0,29.9,17.9,10.2,3904.0,-0.794,1.755,1.556,47.31,MEDIUM,1
2020-10-26,2020,10,300,Milk,843.41,1673.8,3317.68,8563.6,3947.0,9,0,34.2,8.2,5.3,4043.0,-0.639,1.985,1.5423,51.76,MEDIUM,1
2020-10-27,2020,10,301,Rice,960.4,1558.4,3195.15,7031.9,3350.0,9,0,30.6,14.9,0.6,3931.0,-0.752,1.623,1.5967,52.71,MEDIUM,1
2020-10-28,2020,10,302,Wheat,976.63,1744.03,3578.72,9266.01,4175.0,8,1,30.2,8.2,1.0,3898.0,-0.039,1.786,1.6135,74.4,HIGH,2
2020-10-29,2020,10,303,Tomato,809.99,1486.08,3063.54,8312.73,3779.0,6,1,33.0,12.5,3.8,3947.0,-0.584,1.835,1.4836,65.17,MEDIUM,1
2020-10-30,2020,10,304,Onion,916.88,1590.92,2905.64,7193.74,3340.0,6,0,32.5,9.2,0.4,3931.0,-0.33,1.735,1.499,34.14,LOW,0
2020-10-31,2020,10,305,Sugar,776.5,1471.91,3084.88,7731.33,3551.0,9,0,32.3,13.2,8.9,3957.0,-0.006,1.896,1.2286,43.46,MEDIUM,1
2020-11-01,2020,11,306,Milk,825.03,1459.75,2860.62,6978.19,3296.0,6,1,29.9,16.0,3.6,3901.0,-0.847,1.769,1.3108,63.9,MEDIUM,1
2020-11-02,2020,11,307,Rice,845.3,1415.83,3020.95,7981.08,3673.0,7,0,27.8,13.0,3.3,4050.0,-0.34,1.675,1.2916,36.57,LOW,0
2020-11-03,2020,11,308,Wheat,863.2,1456.53,3070.63,7008.44,3323.0,9,0,26.4,16.0,10.7,4023.0,-0.454,1.687,1.342,47.63,MEDIUM,1
2020-11-04,2020,11,309,Tomato,911.46,1694.2,3221.38,7943.61,3729.0,7,0,29.8,12.7,3.4,3855.0,-0.386,1.859,1.3227,36.77,LOW,0
2020-11-05,2020,11,310,Onion,803.72,1499.5,3005.85,7682.28,3515.0,8,0,28.7,8.1,5.8,4098.0,-0.852,1.866,1.2805,44.45,LOW,0
2020-11-06,2020,11,311,Sugar,871.56,1518.0,2991.68,7316.2,3405.0,9,1,29.5,8.2,8.3,3970.0,-0.273,1.742,1.3642,76.83,HIGH,2
2020-11-07,2020,11,312,Milk,914.94,1658.08,3249.32,7829.78,3569.0,8,0,26.8,8.8,0.8,4002.0,-0.042,1.812,1.4158,41.47,LOW,0
2020-11-08,2020,11,313,Rice,905.5,1672.68,3321.58,8438.95,3903.0,9,0,29.5,12.6,4.5,4011.0,-0.378,1.847,1.3894,47.84,MEDIUM,1
2020-11-09,2020,11,314,Wheat,916.09,1559.32,3382.86,7751.07,3647.0,8,1,29.1,14.4,15.9,3808.0,-0.258,1.702,1.3999,72.29,MEDIUM,1
2020-11-10,2020,11,315,Tomato,816.58,1561.74,3179.91,8181.88,3821.0,9,0,27.7,7.2,8.7,4024.0,-0.344,1.913,1.3444,47.13,MEDIUM,1
2020-11-11,2020,11,316,Onion,936.42,1690.06,3438.87,8675.09,3965.0,9,0,25.5,8.9,2.5,3990.0,-0.454,1.805,1.3809,47.98,MEDIUM,1
2020-11-12,2020,11,317,Sugar,912.16,1766.18,3243.06,7412.44,3475.0,7,1,27.1,11.7,6.9,3924.0,-1.0,1.936,1.3595,70.39,MEDIUM,1
2020-11-13,2020,11,318,Milk,888.06,1538.86,3246.66,7932.19,3707.0,8,0,29.0,7.6,7.9,4232.0,-0.256,1.733,1.355,43.92,LOW,0
2020-11-14,2020,11,319,Rice,867.09,1540.76,3063.03,7929.73,3710.0,6,0,28.1,6.9,1.7,4138.0,-0.158,1.777,1.2113,30.34,LOW,0
2020-11-15,2020,11,320,Wheat,817.63,1523.26,2829.43,7041.78,3316.0,7,0,26.8,12.6,6.8,4411.0,-0.317,1.863,1.1787,38.38,LOW,0
2020-11-16,2020,11,321,Tomato,873.3,1571.17,3014.6,7834.31,3567.0,8,0,28.3,10.1,7.8,3945.0,-0.009,1.799,1.1715,37.62,LOW,0
2020-11-17,2020,11,322,Onion,864.1,1508.55,3000.36,7278.5,3358.0,7,1,26.1,11.2,6.6,4020.0,-0.717,1.746,1.2845,68.05,MEDIUM,1
2020-11-18,2020,11,323,Sugar,809.09,1424.49,2794.17,7082.19,3328.0,6,1,26.7,11.0,0.3,3863.0,-0.54,1.761,1.2709,61.76,MEDIUM,1
2020-11-19,2020,11,324,Milk,789.68,1381.18,2820.33,6782.13,3223.0,6,0,23.8,9.0,7.2,4006.0,-0.449,1.749,1.2992,31.79,LOW,0
2020-11-20,2020,11,325,Rice,803.73,1381.39,2570.97,5933.72,2961.0,7,0,26.2,10.5,4.7,4029.0,-0.991,1.719,1.4456,41.93,LOW,0
2020-11-21,2020,11,326,Wheat,805.17,1433.62,2731.92,6622.12,3142.0,9,0,29.0,8.0,14.0,3961.0,-0.233,1.781,1.4868,48.47,MEDIUM,1
2020-11-22,2020,11,327,Tomato,872.2,1531.62,3264.62,7940.0,3688.0,7,0,29.8,5.6,0.9,4050.0,-0.141,1.756,1.4931,38.6,LOW,0
2020-11-23,2020,11,328,Onion,915.63,1687.64,3411.89,8996.22,4030.0,8,0,28.6,11.5,1.1,4178.0,-0.106,1.843,1.5368,45.36,MEDIUM,1
2020-11-24,2020,11,329,Sugar,931.44,1738.31,3666.25,8961.95,4140.0,7,1,27.8,5.7,6.5,4133.0,-0.732,1.866,1.5816,73.71,HIGH,2
2020-11-25,2020,11,330,Milk,862.55,1494.67,3191.79,7432.2,3462.0,9,1,28.3,5.4,7.6,4051.0,-0.258,1.733,1.5642,80.26,HIGH,2
2020-11-26,2020,11,331,Rice,883.47,1533.2,3220.25,8097.69,3873.0,6,0,30.3,17.2,0.9,4012.0,-0.221,1.735,1.6204,35.53,MEDIUM,1
2020-11-27,2020,11,332,Wheat,853.37,1493.56,3003.6,7505.92,3529.0,7,0,25.0,11.2,0.4,4007.0,-0.419,1.75,1.6351,41.69,MEDIUM,1
2020-11-28,2020,11,333,Tomato,740.22,1322.79,2664.51,6932.93,3190.0,9,0,29.0,11.7,1.7,4001.0,-0.1,1.787,1.5082,48.13,MEDIUM,1
2020-11-29,2020,11,334,Onion,902.46,1583.52,3175.76,7802.9,3702.0,9,0,30.4,14.0,2.5,3889.0,-0.311,1.755,1.5092,49.19,MEDIUM,1
2020-11-30,2020,11,335,Sugar,817.35,1410.37,2804.32,7571.03,3391.0,7,0,26.7,2.2,9.1,3953.0,-0.146,1.726,1.5673,39.24,MEDIUM,1
2020-12-01,2020,12,336,Milk,721.41,1218.72,2293.53,5456.67,2702.0,7,0,24.5,12.0,1.4,4110.0,-0.382,1.689,1.608,42.13,MEDIUM,1
2020-12-02,2020,12,337,Rice,762.94,1291.95,2538.76,6111.54,2933.0,6,0,25.6,13.7,0.3,4043.0,-0.126,1.693,1.6225,35.4,MEDIUM,1
2020-12-03,2020,12,338,Wheat,667.0,1138.87,2382.94,6111.44,2851.0,5,1,26.1,9.0,0.1,4097.0,-0.211,1.707,1.4489,58.76,MEDIUM,1
2020-12-04,2020,12,339,Tomato,721.75,1349.98,2779.43,6920.57,3320.0,6,0,25.5,10.5,0.4,4048.0,-0.611,1.87,1.3911,34.4,LOW,0
2020-12-05,2020,12,340,Onion,752.33,1365.3,2851.99,6844.45,3134.0,5,0,25.9,9.5,0.0,3914.0,-0.327,1.815,1.3719,27.21,LOW,0
2020-12-06,2020,12,341,Sugar,729.99,1281.97,2810.52,6765.05,3185.0,5,0,22.5,8.6,0.4,3914.0,-0.391,1.756,1.3341,26.97,LOW,0
2020-12-07,2020,12,342,Milk,743.59,1346.69,2625.47,6506.07,3096.0,6,0,24.3,6.4,0.1,4181.0,-0.628,1.811,1.3458,35.14,LOW,0
2020-12-08,2020,12,343,Rice,668.04,1169.88,2524.06,6318.88,3107.0,5,1,25.2,8.0,0.1,4175.0,-0.464,1.751,1.2676,58.08,MEDIUM,1
2020-12-09,2020,12,344,Wheat,632.25,1118.51,2338.42,5485.99,2735.0,4,0,27.0,12.7,0.1,4104.0,0.08,1.769,1.2615,19.56,LOW,0
2020-12-10,2020,12,345,Tomato,748.72,1262.87,2380.36,5139.93,2503.0,4,0,23.8,12.9,0.2,3881.0,-0.607,1.687,1.3385,23.11,LOW,0
2020-12-11,2020,12,346,Onion,671.92,1158.12,2320.51,5901.85,2896.0,6,0,25.3,10.7,1.0,4217.0,-0.363,1.724,1.31,33.64,LOW,0
2020-12-12,2020,12,347,Sugar,718.81,1235.77,2409.59,6436.47,3026.0,5,0,25.5,12.5,1.1,4053.0,-0.63,1.719,1.3318,28.66,LOW,0
2020-12-13,2020,12,348,Milk,792.91,1484.95,2752.41,6754.6,3187.0,4,0,23.4,12.0,1.4,4506.0,-0.517,1.873,1.3433,27.79,LOW,0
2020-12-14,2020,12,349,Rice,741.96,1294.09,2805.41,6369.97,3036.0,5,0,27.0,9.3,1.1,4155.0,-0.376,1.744,1.3418,28.56,LOW,0
2020-12-15,2020,12,350,Wheat,645.35,1232.18,2457.97,6098.04,2980.0,6,0,23.7,6.3,0.5,3932.0,-0.205,1.909,1.2915,30.4,LOW,0
2020-12-16,2020,12,351,Tomato,705.05,1233.85,2346.73,5560.05,2668.0,4,0,26.8,8.5,0.3,4334.0,-0.728,1.75,1.3228,26.82,LOW,0
2020-12-17,2020,12,352,Onion,713.05,1237.43,2351.37,5629.42,2697.0,5,0,22.9,7.6,1.5,4416.0,-0.308,1.735,1.3658,31.19,LOW,0
2020-12-18,2020,12,353,Sugar,672.28,1306.85,2517.62,6794.42,3276.0,7,0,24.6,10.0,0.6,4080.0,-0.516,1.944,1.331,38.34,LOW,0
2020-12-19,2020,12,354,Milk,720.4,1171.6,2283.15,6197.18,2977.0,6,0,25.4,12.1,0.2,4083.0,-0.63,1.626,1.3327,33.97,LOW,0
2020-12-20,2020,12,355,Rice,609.91,1162.23,2295.44,5826.4,2890.0,5,0,25.3,13.8,0.0,4442.0,-0.366,1.906,1.2633,30.2,LOW,0
2020-12-21,2020,12,356,Wheat,800.01,1443.43,2697.27,6679.67,3146.0,5,0,24.0,4.1,0.0,4052.0,-0.316,1.804,1.2639,26.06,LOW,0
2020-12-22,2020,12,357,Tomato,681.39,1194.62,2332.04,5930.71,2917.0,4,0,28.5,7.9,0.3,4124.0,-0.321,1.753,1.2664,21.84,LOW,0
2020-12-23,2020,12,358,Onion,726.82,1304.44,2803.99,7337.3,3442.0,6,0,25.2,9.4,0.2,4457.0,-0.638,1.795,1.2203,36.06,LOW,0
2020-12-24,2020,12,359,Sugar,717.63,1224.39,2240.04,5619.97,2774.0,4,0,24.1,9.2,0.2,4581.0,-0.271,1.706,1.196,25.1,LOW,0
2020-12-25,2020,12,360,Milk,791.64,1436.26,2935.02,8025.85,3620.0,4,0,26.9,10.1,0.6,4061.0,-0.303,1.814,1.2956,21.56,LOW,0
2020-12-26,2020,12,361,Rice,612.81,1144.47,2288.3,6044.37,2933.0,7,0,22.9,11.6,0.4,4118.0,-0.397,1.868,1.2438,36.82,LOW,0
2020-12-27,2020,12,362,Wheat,752.04,1349.92,2675.86,7152.67,3391.0,5,0,25.1,13.8,0.1,4017.0,-1.0,1.795,1.2962,29.61,LOW,0
2020-12-28,2020,12,363,Tomato,740.83,1361.43,2866.76,7235.29,3407.0,6,0,27.4,11.9,0.2,3917.0,-0.671,1.838,1.3112,33.02,LOW,0
2020-12-29,2020,12,364,Onion,691.23,1288.6,2950.44,7687.85,3549.0,6,0,25.7,12.2,0.1,4072.0,-0.44,1.864,1.5227,35.76,MEDIUM,1
2020-12-30,2020,12,365,Sugar,674.44,1155.74,2077.81,5169.27,2550.0,5,0,24.1,7.1,1.8,4267.0,-0.854,1.714,1.629,36.38,MEDIUM,1
2020-12-31,2020,12,366,Milk,797.08,1418.8,2837.32,7205.74,3365.0,4,0,25.0,7.8,0.6,3978.0,-0.533,1.78,1.5394,25.76,MEDIUM,1
2021-01-01,2021,1,1,Rice,716.73,1225.88,2551.61,7048.26,3308.0,6,0,23.4,8.0,0.1,4473.0,-0.316,1.71,1.5695,39.85,MEDIUM,1
2021-01-02,2021,1,2,Wheat,798.87,1321.64,2575.28,6163.99,3022.0,4,0,26.0,8.6,0.0,4211.0,-0.438,1.654,1.5287,27.23,MEDIUM,1
2021-01-03,2021,1,3,Tomato,758.37,1344.65,2686.64,6682.01,3230.0,5,0,25.8,6.8,0.7,4295.0,0.17,1.773,1.5088,29.73,MEDIUM,1
2021-01-04,2021,1,4,Onion,878.5,1421.81,2712.2,7370.9,3444.0,7,0,21.3,15.4,0.1,4355.0,-0.69,1.618,1.364,42.46,LOW,0
2021-01-05,2021,1,5,Sugar,757.41,1281.9,2415.9,5794.73,2831.0,5,0,22.4,9.7,1.3,4596.0,-0.005,1.692,1.3769,31.64,LOW,0
2021-01-06,2021,1,6,Milk,799.38,1404.89,2799.85,7535.4,3487.0,5,1,24.0,12.4,0.1,4296.0,-0.623,1.757,1.3906,61.93,MEDIUM,1
2021-01-07,2021,1,7,Rice,708.11,1282.27,2692.04,6938.8,3325.0,7,0,20.4,16.1,0.1,4358.0,-0.047,1.811,1.416,40.06,LOW,0
2021-01-08,2021,1,8,Wheat,690.42,1226.79,2273.37,6002.3,2962.0,7,0,23.4,9.9,0.4,4385.0,-0.519,1.777,1.4357,42.98,LOW,0
2021-01-09,2021,1,9,Tomato,785.22,1403.06,2913.22,7461.79,3492.0,6,1,26.0,14.0,0.1,4304.0,-0.121,1.787,1.3601,64.05,MEDIUM,1
2021-01-10,2021,1,10,Onion,739.28,1346.62,2726.09,7299.37,3365.0,6,0,23.7,12.0,0.2,4135.0,0.311,1.822,1.3789,30.48,LOW,0
2021-01-11,2021,1,11,Sugar,838.68,1573.08,3004.5,7102.83,3342.0,4,0,24.5,7.5,0.0,4207.0,-0.769,1.876,1.3227,25.76,LOW,0
2021-01-12,2021,1,12,Milk,865.82,1483.94,2999.91,7434.93,3533.0,5,0,24.8,15.8,0.2,4301.0,-0.164,1.714,1.2743,27.94,LOW,0
2021-01-13,2021,1,13,Rice,812.74,1331.36,2689.41,6620.53,3099.0,7,1,22.1,11.0,0.1,4361.0,-0.288,1.638,1.2475,68.76,MEDIUM,1
2021-01-14,2021,1,14,Wheat,789.72,1309.01,2662.67,6135.45,2975.0,5,0,23.4,11.5,0.6,4715.0,0.155,1.658,1.2892,30.71,LOW,0
2021-01-15,2021,1,15,Tomato,795.53,1456.62,2960.31,7856.83,3619.0,4,1,25.9,11.6,0.6,4315.0,0.127,1.831,1.2785,51.69,MEDIUM,1
2021-01-16,2021,1,16,Onion,790.42,1464.23,3029.54,7774.1,3643.0,7,0,22.1,9.9,0.0,4102.0,-0.471,1.852,1.2566,37.22,LOW,0
2021-01-17,2021,1,17,Sugar,821.26,1420.26,3048.85,7819.42,3620.0,5,1,23.2,4.4,0.3,4772.0,-0.413,1.729,1.3055,64.37,MEDIUM,1
2021-01-18,2021,1,18,Milk,864.13,1593.71,3131.26,8011.81,3658.0,4,0,22.1,10.7,0.6,4235.0,-0.277,1.844,1.2839,22.99,LOW,0
2021-01-19,2021,1,19,Rice,796.52,1375.56,2693.7,6845.47,3202.0,4,0,24.5,7.3,0.1,4317.0,0.222,1.727,1.3643,22.52,LOW,0
2021-01-20,2021,1,20,Wheat,774.95,1421.12,2448.0,6053.12,2961.0,4,0,22.4,6.8,0.0,4314.0,-0.427,1.834,1.4011,26.29,LOW,0
2021-01-21,2021,1,21,Tomato,804.29,1456.62,2931.74,7359.96,3476.0,5,0,26.3,5.9,0.3,4443.0,-0.332,1.811,1.4049,32.16,LOW,0
2021-01-22,2021,1,22,Onion,750.55,1414.77,2819.17,6896.35,3291.0,5,0,22.5,13.1,0.6,4306.0,-0.261,1.885,1.4134,30.57,LOW,0
2021-01-23,2021,1,23,Sugar,768.07,1488.16,2842.93,7182.13,3378.0,7,0,25.2,8.3,3.7,4427.0,-0.469,1.938,1.3484,41.84,LOW,0
2021-01-24,2021,1,24,Milk,818.23,1439.61,2853.28,7188.09,3380.0,4,0,26.6,12.0,0.1,4306.0,-0.092,1.759,1.2967,22.97,LOW,0
2021-01-25,2021,1,25,Rice,770.65,1368.76,2691.17,6672.34,3234.0,7,0,25.1,10.4,0.3,4503.0,-0.238,1.776,1.4681,43.24,LOW,0
2021-01-26,2021,1,26,Wheat,798.52,1367.92,2735.86,6283.79,3060.0,7,0,25.0,10.3,1.0,4334.0,-0.165,1.713,1.5053,41.74,MEDIUM,1
2021-01-27,2021,1,27,Tomato,920.35,1753.21,3314.95,8186.45,3805.0,4,0,23.5,11.5,0.1,4368.0,-0.706,1.905,1.4318,28.69,LOW,0
2021-01-28,2021,1,28,Onion,799.52,1360.71,2896.47,7294.67,3397.0,7,0,24.8,13.1,0.1,4153.0,0.4,1.702,1.4975,36.99,LOW,0
2021-01-29,2021,1,29,Sugar,880.98,1545.41,2881.25,7346.48,3444.0,4,0,25.0,6.1,0.9,4412.0,-0.219,1.754,1.3689,25.75,LOW,0
2021-01-30,2021,1,30,Milk,839.07,1515.0,3318.1,7871.29,3647.0,5,0,23.7,12.1,1.2,4333.0,-0.518,1.806,1.3887,31.75,LOW,0
2021-01-31,2021,1,31,Rice,775.54,1381.75,2729.14,7028.07,3245.0,5,0,24.1,11.9,0.5,4340.0,-0.382,1.782,1.4498,32.06,LOW,0
2021-02-01,2021,2,32,Wheat,852.37,1517.2,3017.7,7967.19,3697.0,6,0,25.8,9.1,0.0,4621.0,-0.377,1.78,1.4071,39.2,LOW,0
2021-02-02,2021,2,33,Tomato,802.63,1491.71,3122.34,8080.08,3740.0,7,0,27.5,14.7,1.1,4302.0,-0.337,1.859,1.4554,41.54,LOW,0
2021-02-03,2021,2,34,Onion,870.68,1598.35,3258.8,7987.8,3721.0,7,1,26.2,7.6,0.6,4376.0,0.185,1.836,1.4966,70.28,MEDIUM,1
2021-02-04,2021,2,35,Sugar,865.3,1543.82,3166.39,8399.52,3863.0,4,0,26.2,8.6,0.2,4451.0,0.073,1.784,1.427,25.55,LOW,0
2021-02-05,2021,2,36,Milk,822.63,1560.37,3292.74,7779.76,3553.0,4,0,25.0,8.4,0.4,4948.0,-0.062,1.897,1.4351,31.32,LOW,0
2021-02-06,2021,2,37,Rice,977.96,1836.84,3680.6,9080.69,4092.0,6,0,26.3,11.6,0.9,4237.0,0.534,1.878,1.4392,31.29,LOW,0
2021-02-07,2021,2,38,Wheat,907.25,1580.54,3265.84,8549.71,3922.0,4,0,25.2,13.4,0.1,4410.0,-0.337,1.742,1.4782,27.96,LOW,0
2021-02-08,2021,2,39,Tomato,825.65,1532.5,3144.51,8048.37,3675.0,7,0,26.0,11.2,0.3,4412.0,-0.426,1.856,1.5075,43.86,MEDIUM,1
2021-02-09,2021,2,40,Onion,846.72,1531.85,3091.4,7691.27,3528.0,4,0,24.8,11.3,1.2,4411.0,0.134,1.809,1.5839,27.2,MEDIUM,1
2021-02-10,2021,2,41,Sugar,916.68,1725.06,3415.61,8117.21,3678.0,4,0,26.7,7.5,0.7,4512.0,-0.092,1.882,1.5179,28.35,MEDIUM,1
2021-02-11,2021,2,42,Milk,841.11,1680.87,3506.3,8515.93,3891.0,4,0,27.7,8.3,0.0,4490.0,0.727,1.998,1.566,24.76,MEDIUM,1
2021-02-12,2021,2,43,Rice,950.0,1660.56,2974.0,7374.25,3486.0,6,0,25.6,8.8,1.5,4393.0,-0.479,1.748,1.4135,37.53,LOW,0
2021-02-13,2021,2,44,Wheat,936.87,1651.69,3265.06,8568.29,3881.0,6,0,24.2,6.4,0.1,4331.0,0.099,1.763,1.2936,32.22,LOW,0
2021-02-14,2021,2,45,Tomato,920.55,1632.22,3154.2,8322.77,3815.0,5,0,23.9,10.9,0.7,4378.0,0.024,1.773,1.2894,28.0,LOW,0
2021-02-15,2021,2,46,Onion,991.63,1737.18,3325.3,8370.64,3888.0,6,0,23.4,8.6,0.1,4381.0,-0.075,1.752,1.2184,32.46,LOW,0
2021-02-16,2021,2,47,Sugar,979.6,1680.94,3507.92,8270.42,3798.0,4,0,26.9,11.9,0.4,4370.0,-0.328,1.716,1.167,22.84,LOW,0
2021-02-17,2021,2,48,Milk,950.94,1786.09,3301.92,8808.34,3959.0,6,0,27.5,3.8,2.0,4597.0,-0.086,1.878,1.1713,33.97,LOW,0
2021-02-18,2021,2,49,Rice,1060.43,1888.76,3798.35,9776.99,4438.0,5,0,25.0,10.2,0.0,4355.0,0.025,1.781,1.1458,25.61,LOW,0
2021-02-19,2021,2,50,Wheat,964.85,1730.54,3339.4,8473.29,3957.0,4,0,23.9,6.0,0.3,4491.0,0.823,1.794,1.0524,16.58,LOW,0
2021-02-20,2021,2,51,Tomato,891.48,1621.27,3143.97,7477.19,3494.0,5,0,24.0,11.3,0.1,4857.0,0.19,1.819,1.0657,28.61,LOW,0
2021-02-21,2021,2,52,Onion,1007.4,1883.14,3621.4,9040.32,4083.0,4,0,27.2,13.1,0.6,4659.0,0.263,1.869,1.0711,21.34,LOW,0
2021-02-22,2021,2,53,Sugar,942.34,1724.7,3211.97,7470.82,3491.0,5,0,26.6,8.7,0.6,4348.0,-0.182,1.83,1.1005,25.9,LOW,0
2021-02-23,2021,2,54,Milk,857.87,1532.0,3063.62,6770.98,3224.0,6,1,26.0,7.0,0.2,4267.0,0.399,1.786,1.1477,57.89,MEDIUM,1
2021-02-24,2021,2,55,Rice,1003.58,1919.98,3925.87,9578.54,4328.0,6,0,25.3,10.7,0.3,4502.0,-0.757,1.913,1.1769,36.46,LOW,0
2021-02-25,2021,2,56,Wheat,1030.67,1741.43,3498.15,9129.49,4212.0,6,1,25.9,12.2,1.4,4392.0,0.562,1.69,1.0717,57.19,MEDIUM,1
2021-02-26,2021,2,57,Tomato,921.56,1716.83,3609.43,8848.83,4044.0,7,0,26.7,8.6,0.4,4343.0,0.101,1.863,1.0841,34.19,LOW,0
2021-02-27,2021,2,58,Onion,942.38,1677.43,3266.53,7744.18,3594.0,7,0,27.6,13.6,0.2,4499.0,0.359,1.78,1.1049,34.77,LOW,0
2021-02-28,2021,2,59,Sugar,944.41,1542.35,2857.66,6673.03,3183.0,4,0,28.1,10.3,0.2,4322.0,0.166,1.633,1.1698,19.94,LOW,0
2021-03-01,2021,3,60,Milk,932.64,1636.96,3233.01,8526.23,3790.0,4,0,31.5,8.1,0.3,4212.0,-0.363,1.755,1.1933,21.83,LOW,0
2021-03-02,2021,3,61,Rice,1020.8,1983.0,3642.65,9130.79,4210.0,4,0,28.9,11.6,0.1,4152.0,-0.349,1.943,1.2175,21.53,LOW,0
2021-03-03,2021,3,62,Wheat,1036.01,1881.29,3795.62,10255.28,4622.0,4,0,28.9,11.2,0.3,4189.0,-0.053,1.816,1.319,21.94,LOW,0
2021-03-04,2021,3,63,Tomato,1012.59,1763.11,3493.45,8063.13,3747.0,7,0,33.4,6.3,0.2,4335.0,-0.096,1.741,1.3899,39.68,LOW,0
2021-03-05,2021,3,64,Onion,958.66,1747.91,3846.15,9897.73,4507.0,7,0,32.5,13.1,1.1,4342.0,-0.362,1.823,1.4841,42.49,LOW,0
2021-03-06,2021,3,65,Sugar,983.69,1781.09,3830.77,9337.69,4261.0,6,0,30.0,4.6,0.2,4268.0,0.149,1.811,1.5419,35.06,MEDIUM,1
2021-03-07,2021,3,66,Milk,1035.52,1888.61,4174.33,10403.79,4594.0,6,0,29.5,13.1,0.1,4167.0,-0.201,1.824,1.7063,38.27,MEDIUM,1
2021-03-08,2021,3,67,Rice,1073.25,1914.25,3834.51,10325.99,4629.0,5,0,30.0,10.9,0.0,4141.0,-0.166,1.784,1.6939,32.65,MEDIUM,1
2021-03-09,2021,3,68,Wheat,1116.25,2060.31,3960.49,9871.75,4460.0,5,1,27.5,10.6,0.5,4181.0,-0.62,1.846,1.6072,64.02,HIGH,2
2021-03-10,2021,3,69,Tomato,1050.61,1855.46,3802.19,9524.25,4263.0,6,1,28.9,9.9,0.4,4287.0,-0.183,1.766,1.6997,69.28,HIGH,2
2021-03-11,2021,3,70,Onion,1089.46,2022.45,4115.97,10280.28,4637.0,4,0,31.0,12.4,0.2,4274.0,0.209,1.856,1.757,28.05,MEDIUM,1
2021-03-12,2021,3,71,Sugar,1068.88,1930.67,3938.62,9941.85,4474.0,6,0,28.5,10.1,0.4,4200.0,0.662,1.806,1.7537,35.0,MEDIUM,1
2021-03-13,2021,3,72,Milk,973.86,1728.48,3511.3,8662.1,3995.0,7,0,29.8,7.0,0.2,4302.0,-0.295,1.775,1.9185,48.27,MEDIUM,1
2021-03-14,2021,3,73,Rice,1064.05,1844.68,3797.93,9798.75,4380.0,7,0,29.5,10.4,0.8,4243.0,0.33,1.734,1.8354,43.31,MEDIUM,1
2021-03-15,2021,3,74,Wheat,1105.3,2139.19,4334.97,10575.72,4710.0,7,0,33.4,10.3,1.2,4259.0,0.21,1.935,1.8353,44.07,MEDIUM,1
2021-03-16,2021,3,75,Tomato,1122.0,2030.69,4036.14,9987.98,4516.0,4,0,31.1,11.0,0.3,4283.0,-0.259,1.81,1.7913,30.99,MEDIUM,1
2021-03-17,2021,3,76,Onion,1082.4,2040.3,4328.1,11235.1,5064.0,6,0,28.7,7.6,0.3,4332.0,-0.364,1.885,1.8437,42.8,MEDIUM,1
2021-03-18,2021,3,77,Sugar,1036.94,1820.56,3431.97,8685.4,3996.0,7,0,32.1,7.0,0.4,4368.0,-0.699,1.756,1.8313,49.64,MEDIUM,1
2021-03-19,2021,3,78,Milk,1038.02,1854.96,3602.92,9009.77,4102.0,5,0,31.2,11.9,1.0,4264.0,-0.291,1.787,1.8523,36.88,MEDIUM,1
2021-03-20,2021,3,79,Rice,1124.18,1970.35,3576.86,8758.17,4098.0,4,0,31.5,9.0,0.7,4218.0,-0.253,1.753,1.7899,30.29,MEDIUM,1
2021-03-21,2021,3,80,Wheat,1000.72,1594.03,3516.77,9109.89,4176.0,4,0,29.1,10.5,0.1,4265.0,-0.353,1.593,1.7921,31.3,MEDIUM,1
2021-03-22,2021,3,81,Tomato,1107.64,1787.34,3472.01,8819.54,4007.0,6,0,29.4,2.4,0.4,4282.0,-0.242,1.614,1.7827,40.77,MEDIUM,1
2021-03-23,2021,3,82,Onion,1191.36,2163.87,4611.84,11487.3,5094.0,6,0,28.9,5.7,0.3,4299.0,0.192,1.816,1.7373,38.09,MEDIUM,1
2021-03-24,2021,3,83,Sugar,1085.71,1818.88,3786.8,9659.62,4264.0,5,0,28.6,8.4,0.1,4183.0,-0.44,1.675,1.6853,34.31,MEDIUM,1
2021-03-25,2021,3,84,Milk,1162.87,2051.95,4354.33,10548.9,4768.0,7,0,31.5,13.9,0.2,4212.0,0.008,1.765,1.6373,41.64,MEDIUM,1
2021-03-26,2021,3,85,Rice,1143.21,1910.42,4224.78,10752.16,4783.0,7,0,30.8,8.9,0.2,4299.0,-0.724,1.671,1.6361,46.15,MEDIUM,1
2021-03-27,2021,3,86,Wheat,1195.37,2056.93,3909.79,10621.25,4703.0,7,0,29.8,13.7,0.2,4123.0,-0.549,1.721,1.557,42.33,MEDIUM,1
2021-03-28,2021,3,87,Tomato,1200.61,2144.85,4306.76,11159.07,4987.0,6,1,31.0,10.8,0.1,4320.0,0.066,1.786,1.5963,66.81,HIGH,2
2021-03-29,2021,3,88,Onion,1098.99,1960.8,3605.24,9416.51,4335.0,5,0,30.3,10.9,0.0,4291.0,-0.154,1.784,1.5789,32.36,MEDIUM,1
2021-03-30,2021,3,89,Sugar,1094.4,1930.41,3987.16,10012.47,4444.0,5,0,30.3,7.1,1.0,4124.0,-0.309,1.764,1.3856,28.57,LOW,0
2021-03-31,2021,3,90,Milk,1164.38,2028.43,4045.15,10898.17,4881.0,7,0,32.3,16.7,0.4,4385.0,-0.416,1.742,1.4379,42.5,LOW,0
2021-04-01,2021,4,91,Rice,1067.51,1873.57,3685.41,9954.24,4491.0,4,0,33.6,3.4,0.3,4293.0,0.013,1.755,1.4374,24.43,LOW,0
2021-04-02,2021,4,92,Wheat,1211.65,2012.78,3838.02,9085.85,4070.0,7,0,35.3,8.9,0.1,4219.0,-0.827,1.661,1.3927,42.22,LOW,0
2021-04-03,2021,4,93,Tomato,1193.53,2225.15,4041.15,9707.79,4420.0,4,1,35.6,7.8,0.0,4237.0,0.333,1.864,1.2606,49.61,MEDIUM,1
2021-04-04,2021,4,94,Onion,1168.7,2220.94,4529.75,11733.65,5195.0,5,1,35.2,6.8,1.6,4251.0,0.153,1.9,1.4464,58.44,MEDIUM,1
2021-04-05,2021,4,95,Sugar,1237.56,2077.86,3879.22,8684.2,4060.0,4,1,33.0,10.5,0.1,4056.0,-0.055,1.679,1.4889,53.17,MEDIUM,1
2021-04-06,2021,4,96,Milk,1177.25,1998.57,3876.06,9784.42,4443.0,5,0,34.4,7.9,0.6,4198.0,-0.099,1.698,1.5027,30.02,MEDIUM,1
2021-04-07,2021,4,97,Rice,1188.82,2071.1,4330.43,10614.08,4804.0,4,1,32.0,9.1,0.1,4319.0,-0.331,1.742,1.497,57.3,MEDIUM,1
2021-04-08,2021,4,98,Wheat,1188.37,2340.71,4628.01,9830.78,4344.0,7,1,36.2,11.5,0.3,4302.0,-0.331,1.97,1.4739,71.78,MEDIUM,1
2021-04-09,2021,4,99,Tomato,1152.31,2017.26,4056.12,9972.31,4427.0,6,0,35.0,8.2,1.0,4278.0,-0.118,1.751,1.495,35.8,LOW,0
2021-04-10,2021,4,100,Onion,1266.79,2359.25,4990.82,11920.36,5244.0,7,0,34.1,10.9,0.1,4572.0,-0.13,1.862,1.5093,44.01,MEDIUM,1
2021-04-11,2021,4,101,Sugar,1261.49,2372.37,4410.13,11599.95,5100.0,4,0,33.8,7.4,0.1,3894.0,-0.181,1.881,1.5161,23.65,MEDIUM,1
2021-04-12,2021,4,102,Milk,1251.35,2347.73,5246.97,13526.22,5909.0,4,0,33.5,11.4,1.8,4192.0,-0.155,1.876,1.8257,30.08,MEDIUM,1
2021-04-13,2021,4,103,Rice,1178.22,2224.38,4884.7,12475.88,5521.0,6,0,34.1,10.1,0.4,4265.0,0.029,1.888,1.9672,42.01,MEDIUM,1
2021-04-14,2021,4,104,Wheat,1220.63,2170.63,4582.19,12482.28,5496.0,7,0,35.5,8.6,0.1,4317.0,0.121,1.778,2.044,48.22,MEDIUM,1
2021-04-15,2021,4,105,Tomato,1224.62,2232.62,4324.53,9898.99,4449.0,5,0,32.2,9.7,0.0,3993.0,-0.335,1.823,2.0257,37.06,MEDIUM,1
2021-04-16,2021,4,106,Onion,1257.43,2446.31,4796.68,11676.76,5138.0,7,0,35.0,6.8,0.2,4386.0,-0.324,1.945,2.0289,50.91,MEDIUM,1
2021-04-17,2021,4,107,Sugar,1254.76,2196.89,4205.64,10205.43,4622.0,5,0,35.7,10.0,0.1,4361.0,-0.325,1.751,2.032,40.72,MEDIUM,1
2021-04-18,2021,4,108,Milk,1199.25,2082.86,4501.68,11349.78,4924.0,5,0,33.5,12.3,0.3,4451.0,0.409,1.737,2.1358,39.5,MEDIUM,1
2021-04-19,2021,4,109,Rice,1280.4,2371.2,5131.37,12100.89,5253.0,4,0,36.2,7.8,0.0,4343.0,-0.111,1.852,2.0344,34.5,MEDIUM,1
2021-04-20,2021,4,110,Wheat,1215.09,2283.87,4546.38,12551.86,5471.0,7,0,31.4,7.1,0.0,4075.0,-0.018,1.88,2.3808,51.55,MEDIUM,1
2021-04-21,2021,4,111,Tomato,1230.69,2162.75,4251.08,10436.65,4684.0,7,0,32.5,4.1,0.5,4153.0,-0.095,1.757,2.338,52.08,MEDIUM,1
2021-04-22,2021,4,112,Onion,1285.28,2211.17,3908.87,10086.82,4551.0,6,0,37.8,10.0,0.7,4277.0,0.248,1.72,2.2492,45.27,MEDIUM,1
2021-04-23,2021,4,113,Sugar,1165.11,2161.21,4427.5,10895.91,4825.0,7,0,36.4,8.1,1.3,4268.0,-0.515,1.855,2.3522,55.54,MEDIUM,1
2021-04-24,2021,4,114,Milk,1257.5,2258.83,4868.94,12411.6,5376.0,5,0,36.1,10.3,0.0,4249.0,-0.196,1.796,2.3896,44.31,MEDIUM,1
2021-04-25,2021,4,115,Rice,1196.46,2199.26,4775.89,11883.83,5296.0,7,0,34.5,12.9,0.6,4205.0,0.159,1.838,2.4625,53.19,MEDIUM,1
2021-04-26,2021,4,116,Wheat,1260.02,2185.54,4373.48,11483.14,5073.0,6,0,32.0,7.6,0.9,4189.0,-0.679,1.735,2.4233,51.63,MEDIUM,1
2021-04-27,2021,4,117,Tomato,1329.3,2452.64,5340.04,12567.15,5501.0,7,0,35.6,13.0,0.0,4431.0,-0.189,1.845,2.3048,54.83,MEDIUM,1
2021-04-28,2021,4,118,Onion,1305.29,2294.58,4847.82,11775.06,5277.0,6,0,37.1,5.1,2.0,4190.0,-0.619,1.758,2.2996,49.49,MEDIUM,1
2021-04-29,2021,4,119,Sugar,1379.82,2488.75,4817.94,13677.74,6010.0,7,0,32.0,10.1,0.8,4296.0,-0.25,1.804,2.3243,54.07,MEDIUM,1
2021-04-30,2021,4,120,Milk,1325.35,2359.67,4835.36,10431.22,4674.0,6,0,33.4,8.6,1.4,4187.0,-0.454,1.78,2.2927,48.53,MEDIUM,1
2021-05-01,2021,5,121,Rice,1319.2,2585.91,5245.63,13202.2,5811.0,4,0,36.2,16.9,0.2,4726.0,-0.108,1.96,2.5988,46.78,MEDIUM,1
2021-05-02,2021,5,122,Wheat,1245.94,2145.13,4212.59,10092.79,4516.0,6,0,37.8,22.8,0.9,4506.0,0.018,1.722,2.5153,52.7,MEDIUM,1
2021-05-03,2021,5,123,Tomato,1287.75,2290.97,4709.31,10696.77,4738.0,5,0,36.3,23.2,0.1,4405.0,-0.464,1.779,2.4587,48.25,MEDIUM,1
2021-05-04,2021,5,124,Onion,1362.08,2407.0,4848.96,12880.78,5651.0,5,1,37.2,18.2,0.2,4992.0,-0.473,1.767,2.4274,83.7,HIGH,2
2021-05-05,2021,5,125,Sugar,1156.41,2062.18,3938.21,10005.82,4577.0,5,0,34.5,16.5,1.1,4520.0,-0.303,1.783,2.1778,44.38,MEDIUM,1
2021-05-06,2021,5,126,Milk,1255.96,2166.7,4390.38,11400.41,5018.0,6,0,36.4,19.7,0.3,4333.0,0.109,1.725,2.1518,45.06,MEDIUM,1
2021-05-07,2021,5,127,Rice,1289.64,2186.93,4472.73,10990.77,4873.0,7,0,37.0,20.1,0.2,4481.0,0.529,1.696,2.1686,49.69,MEDIUM,1
2021-05-08,2021,5,128,Wheat,1327.94,2280.85,4514.19,11443.98,5086.0,6,0,35.6,21.3,0.4,4501.0,-0.477,1.718,2.0788,48.58,MEDIUM,1
2021-05-09,2021,5,129,Tomato,1297.2,2407.13,5274.68,11810.79,5130.0,7,0,36.9,21.6,0.2,4343.0,-0.001,1.856,2.1166,50.18,MEDIUM,1
2021-05-10,2021,5,130,Onion,1289.12,2144.04,4147.22,10008.87,4517.0,5,0,36.2,14.1,0.6,4389.0,-0.09,1.663,2.1939,42.25,MEDIUM,1
2021-05-11,2021,5,131,Sugar,1226.22,2324.6,4510.45,10369.81,4694.0,6,1,36.8,18.1,0.8,4429.0,-0.136,1.896,2.2227,78.31,HIGH,2
2021-05-12,2021,5,132,Milk,1210.34,2168.45,4079.75,11500.16,5083.0,6,0,37.2,14.5,0.2,4736.0,-0.586,1.792,2.0713,51.36,MEDIUM,1
2021-05-13,2021,5,133,Rice,1282.35,2442.53,4428.6,11292.29,5034.0,7,0,35.7,19.9,0.6,4377.0,-0.839,1.905,2.1271,54.87,MEDIUM,1
2021-05-14,2021,5,134,Wheat,1319.17,2311.26,4498.31,11938.91,5286.0,7,1,36.6,18.2,1.0,4548.0,-0.291,1.752,2.0962,83.38,HIGH,2
2021-05-15,2021,5,135,Tomato,1306.36,2256.27,4799.33,11433.9,5028.0,6,0,34.6,19.1,0.5,4259.0,0.318,1.727,2.0206,41.31,MEDIUM,1
2021-05-16,2021,5,136,Onion,1289.41,2313.03,4671.59,11422.53,5042.0,6,0,37.2,18.4,1.0,4524.0,0.207,1.794,2.0196,44.5,MEDIUM,1
2021-05-17,2021,5,137,Sugar,1166.13,2128.23,4701.59,11734.01,5215.0,4,0,34.0,16.0,0.1,4247.0,-0.129,1.825,1.8445,30.78,MEDIUM,1
2021-05-18,2021,5,138,Milk,1332.03,2340.69,4500.64,11508.88,5108.0,7,0,35.0,21.3,1.5,4454.0,0.093,1.757,1.8632,47.02,MEDIUM,1
2021-05-19,2021,5,139,Rice,1205.74,2087.3,4314.95,10873.66,4802.0,6,0,38.8,19.2,0.2,4462.0,-0.794,1.731,1.8222,45.92,MEDIUM,1
2021-05-20,2021,5,140,Wheat,1341.73,2389.19,5053.78,12183.95,5288.0,4,0,34.8,17.3,0.3,4474.0,-0.43,1.781,1.7933,33.79,MEDIUM,1
2021-05-21,2021,5,141,Tomato,1233.51,2178.21,4385.68,10623.0,4791.0,7,0,38.1,16.4,0.6,4395.0,-0.393,1.766,1.7832,47.66,MEDIUM,1
2021-05-22,2021,5,142,Onion,1238.38,2075.64,4202.54,11140.44,4848.0,4,0,37.4,18.2,0.2,4434.0,0.106,1.676,1.7047,29.38,MEDIUM,1
2021-05-23,2021,5,143,Sugar,1319.33,2307.39,4996.27,12864.24,5665.0,7,0,37.4,19.5,0.6,4617.0,0.018,1.749,1.8528,48.87,MEDIUM,1
2021-05-24,2021,5,144,Milk,1356.07,2512.66,5004.49,12225.88,5422.0,5,0,38.8,20.3,0.2,4388.0,-0.185,1.853,1.7969,36.76,MEDIUM,1
2021-05-25,2021,5,145,Rice,1247.0,2300.4,4256.11,11224.21,4958.0,7,0,36.0,14.9,0.1,4144.0,-0.274,1.845,1.8605,45.72,MEDIUM,1
2021-05-26,2021,5,146,Wheat,1312.43,2272.61,4837.21,11490.62,5102.0,4,0,39.2,17.1,0.1,4374.0,-0.195,1.732,1.861,32.63,MEDIUM,1
2021-05-27,2021,5,147,Tomato,1352.77,2271.95,4097.34,9954.67,4490.0,4,0,34.5,16.7,0.1,4347.0,-0.079,1.679,1.886,32.16,MEDIUM,1
2021-05-28,2021,5,148,Onion,1346.93,2479.42,5086.9,12659.14,5564.0,6,0,36.9,15.7,0.9,4501.0,-0.772,1.841,1.9001,47.37,MEDIUM,1
2021-05-29,2021,5,149,Sugar,1342.87,2272.84,4716.31,12011.58,5212.0,5,0,38.8,15.9,0.4,4904.0,0.736,1.693,1.7856,37.14,MEDIUM,1
2021-05-30,2021,5,150,Milk,1310.04,2385.94,4737.45,12012.27,5280.0,6,0,35.2,22.9,0.3,4494.0,0.16,1.821,1.7631,40.59,MEDIUM,1
2021-05-31,2021,5,151,Rice,1328.82,2231.51,4504.29,11505.45,5084.0,7,0,39.6,15.7,0.2,4357.0,0.301,1.679,1.6319,41.54,MEDIUM,1
2021-06-01,2021,6,152,Wheat,1299.23,2310.41,4473.27,10271.56,4624.0,5,0,30.3,16.1,2.3,4434.0,-0.09,1.778,1.6285,34.22,MEDIUM,1
2021-06-02,2021,6,153,Tomato,1319.79,2401.53,4971.95,12356.9,5384.0,6,0,33.5,25.6,2.3,4482.0,-0.032,1.82,1.6298,39.43,MEDIUM,1
2021-06-03,2021,6,154,Onion,1313.59,2277.74,4644.81,11087.27,4918.0,5,0,27.9,22.0,33.0,4408.0,0.066,1.734,1.5873,32.56,MEDIUM,1
2021-06-04,2021,6,155,Sugar,1293.65,2343.86,4509.17,11386.75,5035.0,4,0,33.3,15.7,16.2,4362.0,-0.537,1.812,1.6753,31.43,MEDIUM,1
2021-06-05,2021,6,156,Milk,1195.21,2109.77,4382.63,11326.04,5023.0,7,0,33.0,16.8,40.5,4555.0,-0.742,1.765,1.5837,48.02,MEDIUM,1
2021-06-06,2021,6,157,Rice,1364.91,2698.07,5298.19,12334.42,5423.0,5,0,32.9,20.6,0.0,4190.0,-0.285,1.977,1.5563,31.67,MEDIUM,1
2021-06-07,2021,6,158,Wheat,1367.66,2328.64,4923.33,12333.3,5355.0,5,0,28.5,16.6,8.0,4479.0,-0.072,1.703,1.5488,33.38,MEDIUM,1
2021-06-08,2021,6,159,Tomato,1304.51,2439.06,4572.95,10591.4,4687.0,4,0,33.4,16.2,9.0,4718.0,0.032,1.87,1.5854,30.8,MEDIUM,1
2021-06-09,2021,6,160,Onion,1284.14,2524.97,5141.44,12788.34,5635.0,7,0,32.9,13.6,19.6,4392.0,0.237,1.966,1.5449,40.91,MEDIUM,1
2021-06-10,2021,6,161,Sugar,1243.8,2237.22,4694.0,12112.07,5251.0,6,0,30.9,12.3,8.2,4391.0,-0.213,1.799,1.4999,37.47,LOW,0
2021-06-11,2021,6,162,Milk,1366.86,2334.5,4562.79,11565.12,5219.0,7,0,30.9,20.4,22.5,4305.0,0.588,1.708,1.529,38.04,MEDIUM,1
2021-06-12,2021,6,163,Rice,1235.78,2380.82,4666.53,11738.67,5258.0,6,0,30.9,16.0,12.0,4696.0,-0.491,1.927,1.4872,41.72,LOW,0
2021-06-13,2021,6,164,Wheat,1306.42,2314.79,4586.51,11382.37,5117.0,6,0,33.8,13.5,7.9,4293.0,-0.237,1.772,1.4899,36.46,LOW,0
2021-06-14,2021,6,165,Tomato,1343.83,2416.6,5079.63,11255.22,5000.0,7,0,32.2,14.6,1.9,4577.0,-0.419,1.798,1.4791,45.05,LOW,0
2021-06-15,2021,6,166,Onion,1284.08,2417.28,4487.37,11362.89,5060.0,4,1,29.8,15.3,56.9,4531.0,0.691,1.882,1.4793,54.04,MEDIUM,1
2021-06-16,2021,6,167,Sugar,1269.73,2061.5,4409.49,10311.92,4636.0,7,1,29.5,17.0,14.7,4425.0,-0.008,1.624,1.746,75.48,HIGH,2
2021-06-17,2021,6,168,Milk,1262.51,2330.19,4776.4,12215.72,5432.0,4,1,33.2,19.9,4.0,4450.0,-0.089,1.846,1.7551,61.27,HIGH,2
2021-06-18,2021,6,169,Rice,1326.63,2483.53,4739.03,12212.07,5341.0,6,0,32.0,14.9,3.7,4492.0,0.1,1.872,1.8647,42.39,MEDIUM,1
2021-06-19,2021,6,170,Wheat,1303.9,2406.35,4874.59,12853.39,5698.0,5,1,34.1,18.3,4.5,4472.0,0.188,1.846,1.9473,67.99,HIGH,2
2021-06-20,2021,6,171,Tomato,1185.46,2226.62,4272.77,11121.33,4996.0,5,0,30.9,18.1,27.4,4341.0,0.082,1.878,1.7737,34.61,MEDIUM,1
2021-06-21,2021,6,172,Onion,1249.96,2343.71,4462.65,10803.2,4744.0,5,0,29.8,20.9,9.1,4302.0,-0.058,1.875,1.8167,35.56,MEDIUM,1
2021-06-22,2021,6,173,Sugar,1252.34,2366.72,4429.88,11455.9,5117.0,7,1,31.3,17.3,1.6,4410.0,0.179,1.89,1.7176,73.97,HIGH,2
2021-06-23,2021,6,174,Milk,1273.95,2371.99,4890.53,12098.99,5403.0,6,0,28.4,16.5,1.8,4582.0,-0.23,1.862,1.7432,43.12,MEDIUM,1
2021-06-24,2021,6,175,Rice,1216.8,2120.06,4829.49,11472.16,5063.0,4,0,29.0,20.2,44.5,4278.0,-0.171,1.742,1.6858,28.92,MEDIUM,1
2021-06-25,2021,6,176,Wheat,1254.92,2224.17,4486.76,10559.77,4701.0,4,0,29.6,23.0,11.4,4277.0,-0.21,1.772,1.7269,29.72,MEDIUM,1
2021-06-26,2021,6,177,Tomato,1286.73,2246.36,4581.62,11531.66,5143.0,4,0,34.1,13.8,56.0,4425.0,-0.501,1.746,1.6167,31.01,MEDIUM,1
2021-06-27,2021,6,178,Onion,1303.73,2398.38,4767.0,11150.6,4927.0,5,0,30.5,22.4,2.0,4527.0,-0.577,1.84,1.605,37.23,MEDIUM,1
2021-06-28,2021,6,179,Sugar,1221.28,2277.37,4581.34,10746.57,4745.0,4,0,32.3,13.7,1.9,4418.0,0.051,1.865,1.6148,28.15,MEDIUM,1
2021-06-29,2021,6,180,Milk,1395.97,2467.52,5014.28,13101.07,5734.0,4,0,28.7,15.5,31.2,4580.0,0.048,1.768,1.6043,29.62,MEDIUM,1
2021-06-30,2021,6,181,Rice,1249.86,2304.55,4661.59,10731.55,4786.0,4,0,31.9,15.4,7.3,4431.0,-0.405,1.844,1.6414,30.96,MEDIUM,1
2021-07-01,2021,7,182,Wheat,1163.73,1990.07,4092.22,10592.08,4714.0,10,1,25.2,16.9,0.9,4686.0,-0.33,1.71,1.4702,90.56,HIGH,2
2021-07-02,2021,7,183,Tomato,1043.66,1906.63,3761.25,9841.0,4507.0,10,0,25.4,16.1,7.1,4316.0,0.199,1.827,1.2453,50.84,MEDIUM,1
2021-07-03,2021,7,184,Onion,1129.2,2089.67,4160.2,10930.72,4892.0,9,0,26.9,15.6,1.7,4521.0,0.084,1.851,1.175,47.42,MEDIUM,1
2021-07-04,2021,7,185,Sugar,1136.56,2114.32,3792.26,9823.81,4349.0,7,1,27.4,15.0,11.2,4525.0,-0.168,1.86,1.2011,69.11,MEDIUM,1
2021-07-05,2021,7,186,Milk,1129.27,2139.75,4007.68,9853.11,4428.0,9,0,29.6,14.8,16.5,4525.0,0.22,1.895,1.2263,47.54,MEDIUM,1
2021-07-06,2021,7,187,Rice,1208.39,2222.61,4173.34,11146.81,4974.0,7,0,29.3,20.6,6.3,4425.0,-0.311,1.839,1.2319,39.28,LOW,0
2021-07-07,2021,7,188,Wheat,1090.62,1916.4,3712.81,9522.19,4276.0,10,1,27.8,20.1,8.9,4439.0,0.073,1.757,1.2488,82.76,HIGH,2
2021-07-08,2021,7,189,Tomato,1157.44,2183.25,4317.93,10830.13,4857.0,9,0,27.7,19.7,4.5,4373.0,-0.248,1.886,1.2265,48.37,MEDIUM,1
2021-07-09,2021,7,190,Onion,1198.69,2140.38,4420.38,10769.42,4863.0,10,0,25.4,23.4,3.6,4446.0,-0.132,1.786,1.1718,52.7,MEDIUM,1
2021-07-10,2021,7,191,Sugar,1166.73,2230.97,4394.38,11695.77,5204.0,9,1,26.7,22.4,42.4,4535.0,-0.158,1.912,1.1405,78.25,HIGH,2
2021-07-11,2021,7,192,Milk,1125.58,2022.53,4301.59,11082.43,4908.0,7,0,27.8,20.3,9.5,4394.0,-0.21,1.797,1.1535,37.29,LOW,0
2021-07-12,2021,7,193,Rice,1178.18,1851.81,3646.47,9792.22,4324.0,9,0,27.8,21.8,1.8,4256.0,-0.473,1.572,1.1883,47.75,MEDIUM,1
2021-07-13,2021,7,194,Wheat,1108.39,1995.27,3631.61,8880.31,4062.0,9,0,25.5,20.6,1.0,4281.0,-0.343,1.8,1.2888,48.86,MEDIUM,1
2021-07-14,2021,7,195,Tomato,1079.51,1960.68,4055.02,10605.91,4794.0,7,0,25.2,24.6,29.3,4982.0,-0.101,1.816,1.2815,44.55,LOW,0
2021-07-15,2021,7,196,Onion,1092.79,1945.68,4110.31,9227.6,4154.0,10,0,27.5,17.0,2.7,4478.0,-0.347,1.78,1.3255,56.4,MEDIUM,1
2021-07-16,2021,7,197,Sugar,1076.37,1907.19,3761.75,9251.3,4174.0,10,0,26.0,18.4,29.8,4897.0,-0.579,1.772,1.3415,61.99,MEDIUM,1
2021-07-17,2021,7,198,Milk,1118.54,1864.05,3783.74,8758.43,4080.0,9,0,27.9,15.6,34.0,4347.0,-0.481,1.666,1.3938,51.78,MEDIUM,1
2021-07-18,2021,7,199,Rice,1098.67,2003.89,4174.73,10121.09,4561.0,10,1,28.3,9.9,5.2,4366.0,-0.377,1.824,1.3929,86.44,HIGH,2
2021-07-19,2021,7,200,Wheat,1124.46,2047.1,4506.35,10980.38,4901.0,10,0,27.6,17.3,1.8,4227.0,-0.18,1.821,1.3272,53.08,MEDIUM,1
2021-07-20,2021,7,201,Tomato,1017.87,1838.78,3765.24,9191.77,4283.0,7,0,26.9,14.7,41.8,4325.0,-0.037,1.807,1.2886,37.76,LOW,0
2021-07-21,2021,7,202,Onion,1145.63,2081.77,4278.85,11218.73,5044.0,9,0,28.0,17.1,51.7,4158.0,0.199,1.817,1.3091,45.22,MEDIUM,1
2021-07-22,2021,7,203,Sugar,1032.14,1789.82,3792.82,9415.22,4345.0,7,0,23.7,13.8,2.6,4394.0,-0.09,1.734,1.2882,38.71,LOW,0
2021-07-23,2021,7,204,Milk,1014.28,1708.6,3126.82,7390.44,3486.0,7,0,27.4,16.3,46.8,4361.0,0.21,1.685,1.409,38.7,LOW,0
2021-07-24,2021,7,205,Rice,1027.29,1985.63,4251.71,10661.69,4766.0,7,1,24.9,13.3,1.5,4249.0,-0.311,1.933,1.3513,69.31,MEDIUM,1
2021-07-25,2021,7,206,Wheat,1084.23,1834.0,3499.64,9092.52,4117.0,9,0,25.2,19.4,17.3,4423.0,-0.613,1.692,1.4041,53.36,MEDIUM,1
2021-07-26,2021,7,207,Tomato,993.73,1670.07,3172.91,7581.16,3551.0,7,1,25.6,19.6,6.3,4502.0,-0.33,1.681,1.5151,74.4,HIGH,2
2021-07-27,2021,7,208,Onion,1043.53,1893.45,4055.43,9739.67,4288.0,9,0,26.3,19.9,16.0,4551.0,-0.013,1.814,1.5828,54.32,MEDIUM,1
2021-07-28,2021,7,209,Sugar,1015.98,1976.01,4094.02,10444.37,4637.0,10,0,26.7,14.4,7.9,4490.0,-0.49,1.945,1.5692,60.89,MEDIUM,1
2021-07-29,2021,7,210,Milk,968.72,1812.01,3652.43,9235.88,4195.0,10,1,26.9,18.2,15.5,4562.0,0.261,1.871,1.6765,89.46,HIGH,2
2021-07-30,2021,7,211,Rice,1057.71,1881.41,3891.59,9532.28,4345.0,8,0,28.5,14.6,16.8,4426.0,-0.236,1.779,1.8106,52.6,MEDIUM,1
2021-07-31,2021,7,212,Wheat,1054.37,1983.18,3968.88,9307.59,4199.0,10,0,24.7,21.8,12.1,4255.0,-0.022,1.881,1.8369,60.21,MEDIUM,1
2021-08-01,2021,8,213,Tomato,1014.88,1779.24,3305.1,8081.74,3757.0,7,0,24.3,21.6,8.9,4368.0,-0.221,1.753,1.907,48.39,MEDIUM,1
2021-08-02,2021,8,214,Onion,990.0,1787.38,3302.16,8052.56,3662.0,9,1,27.1,18.0,13.5,4303.0,0.016,1.805,1.8976,86.41,HIGH,2
2021-08-03,2021,8,215,Sugar,1083.18,1796.3,3488.75,8613.86,3937.0,9,1,26.0,16.3,8.4,4603.0,0.031,1.658,1.9552,90.2,HIGH,2
2021-08-04,2021,8,216,Milk,1072.5,1751.46,3404.33,9023.36,4140.0,8,1,27.8,21.8,35.5,4769.0,0.155,1.633,1.9847,86.69,HIGH,2
2021-08-05,2021,8,217,Rice,1076.21,1829.6,3832.86,9499.79,4307.0,7,0,27.1,21.6,17.6,4550.0,-0.114,1.7,2.0774,52.23,MEDIUM,1
2021-08-06,2021,8,218,Wheat,1026.18,1880.67,3968.22,9390.74,4254.0,10,0,28.0,15.3,2.5,4558.0,-0.044,1.833,2.0523,66.58,MEDIUM,1
2021-08-07,2021,8,219,Tomato,981.63,1752.09,3535.77,8493.68,3936.0,10,0,24.8,23.4,8.5,4492.0,0.959,1.785,2.0331,60.62,MEDIUM,1
2021-08-08,2021,8,220,Onion,1011.61,1902.72,3966.75,10201.78,4580.0,9,0,26.0,16.7,3.6,4496.0,-0.22,1.881,2.1502,63.31,MEDIUM,1
2021-08-09,2021,8,221,Sugar,1022.31,2007.19,4129.22,10618.33,4697.0,10,0,26.6,15.1,2.8,4444.0,-0.595,1.963,2.1486,69.64,MEDIUM,1
2021-08-10,2021,8,222,Milk,1067.21,1892.85,3676.18,8897.07,4057.0,9,0,28.8,16.3,2.7,4492.0,0.425,1.774,2.1286,59.72,MEDIUM,1
2021-08-11,2021,8,223,Rice,1011.69,1769.99,3616.5,8730.0,3946.0,9,0,24.0,14.0,2.2,4409.0,-0.422,1.75,2.3671,66.71,MEDIUM,1
2021-08-12,2021,8,224,Wheat,973.05,1875.46,3812.54,9109.55,4080.0,9,0,25.9,14.4,16.5,4421.0,0.288,1.927,2.3098,62.42,MEDIUM,1
2021-08-13,2021,8,225,Tomato,1022.91,1975.96,4151.06,9447.51,4293.0,7,0,26.0,17.3,74.0,4496.0,-0.499,1.932,2.2566,56.3,MEDIUM,1
2021-08-14,2021,8,226,Onion,1041.63,1889.9,3684.08,8661.04,3947.0,7,0,28.6,20.8,22.9,4365.0,0.05,1.814,2.3226,53.24,MEDIUM,1
2021-08-15,2021,8,227,Sugar,988.85,1822.46,3539.49,8815.81,3983.0,9,0,26.9,20.5,0.4,4332.0,-0.115,1.843,2.3019,63.42,MEDIUM,1
2021-08-16,2021,8,228,Milk,985.87,1650.84,3256.3,8321.94,3817.0,10,0,27.8,19.7,26.8,4482.0,0.096,1.675,2.4047,70.41,MEDIUM,1
2021-08-17,2021,8,229,Rice,988.66,1713.53,3234.1,7508.01,3498.0,8,1,27.6,13.9,8.8,4499.0,-0.273,1.733,2.5678,94.87,HIGH,2
2021-08-18,2021,8,230,Wheat,930.3,1583.46,3105.04,7324.9,3418.0,10,0,26.4,16.6,13.7,4484.0,0.114,1.702,2.5671,72.78,HIGH,2
2021-08-19,2021,8,231,Tomato,994.37,1851.68,4001.09,10652.57,4836.0,8,0,29.0,22.3,12.1,4990.0,0.12,1.862,2.6406,68.91,MEDIUM,1
2021-08-20,2021,8,232,Onion,986.92,1811.75,3803.03,10331.12,4713.0,9,1,27.0,16.8,1.7,4500.0,0.214,1.836,2.9043,100.0,HIGH,2
2021-08-21,2021,8,233,Sugar,913.98,1662.92,3285.43,8554.15,3836.0,9,0,26.4,12.2,7.4,4706.0,0.031,1.819,2.6006,70.91,HIGH,2
2021-08-22,2021,8,234,Milk,965.67,1648.28,3237.57,8389.83,3855.0,9,0,28.1,13.7,6.3,4448.0,-0.181,1.707,2.4207,66.7,MEDIUM,1
2021-08-23,2021,8,235,Rice,1036.28,1922.25,4139.78,10646.29,4810.0,10,1,25.9,18.4,1.9,4393.0,-0.162,1.855,2.4118,100.0,HIGH,2
2021-08-24,2021,8,236,Wheat,1001.58,1722.66,3698.73,9634.85,4381.0,9,0,25.8,17.3,14.2,4546.0,-0.554,1.72,2.5371,71.29,HIGH,2
2021-08-25,2021,8,237,Tomato,898.52,1537.7,2787.12,6895.77,3326.0,7,0,25.1,18.2,57.1,4567.0,-0.04,1.711,2.3824,56.61,MEDIUM,1
2021-08-26,2021,8,238,Onion,1047.65,1790.44,3522.1,8938.97,4061.0,8,1,26.3,17.8,16.2,4288.0,-0.069,1.709,2.3645,88.69,HIGH,2
2021-08-27,2021,8,239,Sugar,949.73,1680.05,3035.02,7533.16,3514.0,8,0,23.4,19.1,12.5,4532.0,-0.385,1.769,2.328,62.16,MEDIUM,1
2021-08-28,2021,8,240,Milk,892.06,1701.06,3083.19,8055.29,3727.0,8,0,29.1,12.5,8.1,4291.0,0.074,1.907,2.177,55.2,MEDIUM,1
2021-08-29,2021,8,241,Rice,974.56,1759.68,3420.43,8574.76,3974.0,9,0,28.1,12.7,45.1,4672.0,-0.308,1.806,2.2025,66.3,MEDIUM,1
2021-08-30,2021,8,242,Wheat,947.17,1737.08,3401.03,8628.45,3914.0,9,0,26.8,20.9,4.6,4400.0,0.31,1.834,2.2025,60.49,MEDIUM,1
2021-08-31,2021,8,243,Tomato,931.75,1732.38,3312.89,8544.78,3899.0,7,0,26.4,11.8,6.0,4362.0,-0.221,1.859,2.1202,51.53,MEDIUM,1
2021-09-01,2021,9,244,Onion,987.27,1794.39,3434.48,8942.28,4098.0,6,0,28.8,18.3,22.1,4529.0,-0.31,1.818,2.0858,48.13,MEDIUM,1
2021-09-02,2021,9,245,Sugar,949.17,1674.67,3254.33,8384.46,3939.0,7,0,29.3,18.3,11.3,4263.0,-0.233,1.764,2.1818,51.52,MEDIUM,1
2021-09-03,2021,9,246,Milk,924.16,1544.4,3139.29,7338.1,3393.0,6,0,26.1,18.9,13.2,4468.0,0.144,1.671,2.3344,48.98,MEDIUM,1
2021-09-04,2021,9,247,Rice,889.6,1612.44,3270.23,8760.13,4026.0,4,1,27.1,21.5,9.8,4320.0,-0.222,1.813,2.3192,69.1,HIGH,2
2021-09-05,2021,9,248,Wheat,917.48,1671.56,2893.72,7025.44,3364.0,4,0,29.8,21.4,15.4,4462.0,0.392,1.822,2.4195,38.95,MEDIUM,1
2021-09-06,2021,9,249,Tomato,1006.94,1796.84,3820.44,9847.56,4416.0,4,0,29.6,17.7,25.8,4681.0,-0.332,1.784,2.4342,44.98,MEDIUM,1
2021-09-07,2021,9,250,Onion,958.36,1770.5,3774.18,9894.66,4421.0,4,0,32.3,20.0,0.1,4437.0,0.001,1.847,2.4233,40.71,MEDIUM,1
2021-09-08,2021,9,251,Sugar,1009.1,1894.42,3925.08,10669.84,4785.0,6,0,28.9,19.9,13.7,4585.0,-0.096,1.877,2.4498,53.08,MEDIUM,1
2021-09-09,2021,9,252,Milk,873.03,1659.0,3601.07,8782.21,3999.0,7,0,26.1,20.3,15.1,4373.0,0.044,1.9,2.4358,55.05,MEDIUM,1
2021-09-10,2021,9,253,Rice,938.01,1741.51,3438.04,8953.48,4007.0,6,1,28.7,23.1,2.0,4363.0,-0.199,1.857,2.4552,81.45,HIGH,2
2021-09-11,2021,9,254,Wheat,998.99,1779.79,3380.59,7988.92,3675.0,5,0,29.1,17.1,3.1,4305.0,-0.063,1.782,2.4642,45.33,MEDIUM,1
2021-09-12,2021,9,255,Tomato,894.71,1534.7,2959.59,7797.27,3646.0,6,0,28.0,16.5,22.4,4466.0,-1.0,1.715,2.4598,56.56,MEDIUM,1
2021-09-13,2021,9,256,Onion,898.0,1640.1,3513.06,8743.44,3948.0,5,0,29.4,20.1,21.3,4344.0,-0.475,1.826,2.5102,48.47,MEDIUM,1
2021-09-14,2021,9,257,Sugar,904.79,1631.26,3237.91,7794.34,3679.0,7,0,29.1,18.5,1.4,4487.0,0.341,1.803,2.515,55.89,MEDIUM,1
2021-09-15,2021,9,258,Milk,947.1,1702.17,3488.56,8068.22,3640.0,7,1,32.1,21.4,0.3,4549.0,-0.111,1.797,2.5441,89.21,HIGH,2
2021-09-16,2021,9,259,Rice,916.83,1739.1,3373.91,8601.57,3951.0,6,0,30.3,15.3,2.7,4367.0,-0.486,1.897,2.4829,53.34,MEDIUM,1
2021-09-17,2021,9,260,Wheat,952.32,1828.08,3649.48,9057.11,4067.0,6,1,29.7,20.0,10.4,4822.0,-0.285,1.92,2.4066,85.74,HIGH,2
2021-09-18,2021,9,261,Tomato,935.86,1755.16,3451.19,9258.6,4087.0,4,0,27.8,22.5,3.6,4593.0,-0.233,1.875,2.3079,41.71,MEDIUM,1
2021-09-19,2021,9,262,Onion,873.53,1614.76,2995.54,7361.64,3460.0,6,0,30.1,13.5,12.3,4301.0,-0.195,1.849,2.2059,47.07,MEDIUM,1
2021-09-20,2021,9,263,Sugar,918.27,1714.1,3648.08,9154.36,4264.0,7,0,27.0,17.0,5.0,4547.0,-0.057,1.867,2.2183,54.03,MEDIUM,1
2021-09-21,2021,9,264,Milk,847.61,1523.1,3279.45,8959.97,4087.0,4,0,30.2,16.5,31.7,4447.0,0.09,1.797,2.0734,35.12,MEDIUM,1
2021-09-22,2021,9,265,Rice,848.15,1623.99,3102.37,6627.46,3112.0,4,1,29.8,12.7,5.4,4324.0,-0.248,1.915,2.0931,65.88,HIGH,2
2021-09-23,2021,9,266,Wheat,891.15,1586.29,3190.42,7916.44,3706.0,5,0,28.5,18.8,22.1,4501.0,-0.073,1.78,2.1006,41.88,MEDIUM,1
2021-09-24,2021,9,267,Tomato,788.16,1513.44,3144.36,7678.31,3658.0,4,0,30.9,17.2,26.0,4354.0,0.206,1.92,1.7746,29.13,MEDIUM,1
2021-09-25,2021,9,268,Onion,906.08,1613.08,3188.21,7122.4,3408.0,7,0,27.7,16.9,53.7,4454.0,-0.39,1.78,2.0145,51.71,MEDIUM,1
2021-09-26,2021,9,269,Sugar,840.87,1385.73,2631.78,6693.09,3146.0,6,1,29.5,17.1,4.4,4471.0,0.151,1.648,2.0246,74.32,HIGH,2
2021-09-27,2021,9,270,Milk,962.19,1596.88,2840.54,7400.94,3475.0,4,0,27.5,15.1,27.1,4521.0,-0.168,1.66,2.0535,36.85,MEDIUM,1
2021-09-28,2021,9,271,Rice,830.71,1474.54,2899.27,7029.9,3270.0,6,0,30.8,19.4,34.4,4422.0,-0.332,1.775,2.0563,46.72,MEDIUM,1
2021-09-29,2021,9,272,Wheat,880.61,1603.63,3402.17,7948.64,3712.0,5,0,29.6,17.8,14.3,4380.0,-0.155,1.821,2.0549,40.4,MEDIUM,1
2021-09-30,2021,9,273,Tomato,806.1,1446.02,2670.6,6929.07,3204.0,6,0,29.2,14.3,11.4,4518.0,0.344,1.794,1.9919,43.34,MEDIUM,1
2021-10-01,2021,10,274,Onion,1037.88,1809.59,3472.41,8901.48,4040.0,9,1,32.0,8.4,1.8,4321.0,0.205,1.744,1.8928,85.58,HIGH,2
2021-10-02,2021,10,275,Sugar,916.52,1499.47,3188.0,8205.9,3712.0,7,1,32.1,8.7,0.8,4222.0,-0.736,1.636,1.9041,79.46,HIGH,2
2021-10-03,2021,10,276,Milk,896.58,1705.11,3377.64,8562.18,3927.0,6,1,31.1,6.2,10.8,4171.0,0.479,1.902,1.8709,67.38,HIGH,2
2021-10-04,2021,10,277,Rice,1041.31,1900.09,3839.78,9384.1,4286.0,8,0,28.6,11.9,1.7,4258.0,0.197,1.825,1.7734,48.2,MEDIUM,1
2021-10-05,2021,10,278,Wheat,927.18,1767.78,3372.34,8236.16,3733.0,7,0,31.0,4.9,0.1,4180.0,-0.208,1.907,1.7171,43.6,MEDIUM,1
2021-10-06,2021,10,279,Tomato,1032.49,1810.27,3423.99,8572.21,3931.0,9,0,31.0,14.5,1.2,4088.0,-0.109,1.753,1.6209,50.74,MEDIUM,1
2021-10-07,2021,10,280,Onion,1014.02,1771.48,3667.16,8182.93,3814.0,6,0,31.8,8.1,7.8,4224.0,0.026,1.747,1.5043,34.67,MEDIUM,1
2021-10-08,2021,10,281,Sugar,971.21,1765.93,3487.75,8159.9,3788.0,7,0,31.7,8.0,5.4,4338.0,-0.608,1.818,1.3349,41.44,LOW,0
2021-10-09,2021,10,282,Milk,1004.68,1849.18,3651.84,9505.82,4283.0,9,0,31.0,10.6,6.5,4322.0,-0.342,1.841,1.362,50.36,MEDIUM,1
2021-10-10,2021,10,283,Rice,1032.64,1769.53,3567.86,9559.74,4363.0,6,0,30.0,11.2,1.4,4199.0,-0.32,1.714,1.3496,33.83,LOW,0
2021-10-11,2021,10,284,Wheat,941.05,1644.01,3037.09,7467.8,3561.0,6,0,33.4,7.2,0.2,4284.0,-0.17,1.747,1.3913,34.56,LOW,0
2021-10-12,2021,10,285,Tomato,905.9,1742.54,3426.58,8105.41,3740.0,6,1,32.9,10.3,0.3,4273.0,-0.72,1.924,1.3882,67.15,MEDIUM,1
2021-10-13,2021,10,286,Onion,973.06,1632.56,3175.67,8058.01,3730.0,9,0,30.9,13.3,0.9,4006.0,0.312,1.678,1.3759,44.14,MEDIUM,1
2021-10-14,2021,10,287,Sugar,908.37,1683.24,3516.81,9062.93,4076.0,7,0,30.5,8.5,0.0,4327.0,-0.704,1.853,1.3912,42.66,LOW,0
2021-10-15,2021,10,288,Milk,1030.83,1849.73,3482.3,8787.99,3989.0,9,0,31.0,8.8,2.9,4292.0,-0.268,1.794,1.352,49.54,MEDIUM,1
2021-10-16,2021,10,289,Rice,924.59,1786.51,3698.79,9605.98,4400.0,7,0,34.4,12.7,0.1,4178.0,0.166,1.932,1.4011,36.97,LOW,0
2021-10-17,2021,10,290,Wheat,1000.25,1693.24,3597.54,9159.63,4181.0,8,0,34.1,11.6,0.0,4283.0,-0.174,1.693,1.3873,44.51,LOW,0
2021-10-18,2021,10,291,Tomato,992.59,1839.67,3547.98,9371.67,4245.0,6,0,31.6,6.3,6.3,4283.0,-0.096,1.853,1.3796,34.0,LOW,0
2021-10-19,2021,10,292,Onion,897.09,1703.98,3636.72,9130.26,4242.0,9,0,31.8,8.5,2.7,4278.0,-0.417,1.899,1.3764,50.51,MEDIUM,1
2021-10-20,2021,10,293,Sugar,903.5,1605.95,3314.96,9036.83,4103.0,7,1,33.0,12.5,3.9,4691.0,-0.074,1.777,1.3682,72.8,MEDIUM,1
2021-10-21,2021,10,294,Milk,893.47,1631.5,3338.72,8347.41,3837.0,7,0,31.4,12.6,5.1,4468.0,0.34,1.826,1.3865,38.78,LOW,0
2021-10-22,2021,10,295,Rice,1044.25,1735.62,3591.65,9481.9,4353.0,7,1,33.3,9.4,0.7,4750.0,0.033,1.662,1.3142,72.05,MEDIUM,1
2021-10-23,2021,10,296,Wheat,894.02,1684.17,3478.25,9410.99,4266.0,6,0,32.3,9.9,1.6,4362.0,0.126,1.884,1.3307,32.95,LOW,0
2021-10-24,2021,10,297,Tomato,938.4,1761.36,3425.98,8221.49,3801.0,7,0,29.4,10.4,0.9,4388.0,-0.347,1.877,1.4334,42.12,LOW,0
2021-10-25,2021,10,298,Onion,968.7,1676.78,3591.83,8623.62,3964.0,8,0,31.1,5.6,0.9,4797.0,-0.248,1.731,1.3719,49.79,LOW,0
2021-10-26,2021,10,299,Sugar,950.22,1799.0,3587.42,8873.43,3990.0,7,0,32.3,6.6,10.0,4328.0,-0.181,1.893,1.3058,38.77,LOW,0
2021-10-27,2021,10,300,Milk,894.41,1663.27,3286.14,8378.38,3835.0,9,0,29.2,10.1,4.1,4245.0,-0.166,1.86,1.2272,46.69,MEDIUM,1
2021-10-28,2021,10,301,Rice,893.01,1537.23,3194.99,8129.64,3755.0,7,0,30.1,12.9,1.2,4285.0,-0.627,1.721,1.1812,38.7,LOW,0
2021-10-29,2021,10,302,Wheat,932.69,1764.73,3429.37,7801.86,3576.0,7,0,31.1,12.6,6.3,4830.0,0.76,1.892,1.2206,37.81,LOW,0
2021-10-30,2021,10,303,Tomato,1032.27,1828.83,3549.31,9012.59,4184.0,8,0,31.1,11.2,0.3,4674.0,-0.172,1.772,1.1691,45.14,LOW,0
2021-10-31,2021,10,304,Onion,815.63,1482.0,2815.08,6798.21,3285.0,8,1,34.9,10.4,1.0,4322.0,-0.162,1.817,1.2679,73.05,MEDIUM,1
2021-11-01,2021,11,305,Sugar,869.4,1425.15,2823.5,7112.84,3336.0,7,0,27.8,11.7,1.0,4231.0,-0.255,1.639,1.3313,38.55,LOW,0
2021-11-02,2021,11,306,Milk,906.34,1619.19,3329.6,8632.87,3930.0,9,0,30.4,8.5,3.9,4311.0,-0.182,1.787,1.3374,49.08,MEDIUM,1
2021-11-03,2021,11,307,Rice,846.79,1555.91,3315.74,8755.31,3974.0,6,0,26.1,13.9,9.0,4240.0,-0.057,1.837,1.2968,32.14,LOW,0
2021-11-04,2021,11,308,Wheat,992.6,1762.99,3373.47,8455.71,3959.0,7,0,27.7,9.0,2.9,4463.0,-0.055,1.776,1.283,39.15,LOW,0
2021-11-05,2021,11,309,Tomato,820.5,1420.86,2854.31,6967.15,3274.0,8,0,27.2,8.7,4.2,4316.0,0.396,1.732,1.3443,41.34,LOW,0
2021-11-06,2021,11,310,Onion,842.74,1521.49,2877.62,7573.79,3510.0,9,0,30.8,11.2,0.1,4296.0,-0.073,1.805,1.3527,48.62,MEDIUM,1
2021-11-07,2021,11,311,Sugar,841.19,1624.31,3121.9,8080.2,3678.0,7,0,27.2,8.6,1.9,4283.0,0.24,1.931,1.3131,36.33,LOW,0
2021-11-08,2021,11,312,Milk,824.98,1639.72,3395.45,7438.47,3439.0,8,0,27.5,9.7,1.7,4198.0,-0.257,1.988,1.2951,42.69,LOW,0
2021-11-09,2021,11,313,Rice,823.26,1480.71,2843.17,7183.53,3330.0,7,1,28.7,9.1,5.1,4315.0,0.299,1.799,1.3201,66.46,MEDIUM,1
2021-11-10,2021,11,314,Wheat,964.67,1722.38,3420.87,8130.31,3727.0,8,0,27.8,17.0,7.0,4298.0,-0.11,1.785,1.2816,42.75,LOW,0
2021-11-11,2021,11,315,Tomato,856.87,1591.37,3386.09,8697.02,4133.0,7,0,28.2,14.5,7.8,4296.0,0.029,1.857,1.2596,36.71,LOW,0
2021-11-12,2021,11,316,Onion,823.96,1434.15,2675.2,6348.51,2989.0,7,0,27.7,14.1,7.0,4304.0,-0.166,1.741,1.3744,39.49,LOW,0
2021-11-13,2021,11,317,Sugar,861.1,1401.07,2978.08,6438.63,3126.0,9,0,28.1,6.6,1.1,4475.0,-0.431,1.627,1.4643,53.87,MEDIUM,1
2021-11-14,2021,11,318,Milk,743.48,1365.71,2691.2,6437.02,3114.0,7,0,27.4,6.1,0.1,4296.0,0.186,1.837,1.4933,39.43,LOW,0
2021-11-15,2021,11,319,Rice,828.16,1443.86,2701.02,6779.73,3271.0,9,0,26.4,6.5,0.7,4279.0,0.04,1.743,1.4766,49.74,MEDIUM,1
2021-11-16,2021,11,320,Wheat,859.25,1592.75,3234.17,8093.95,3758.0,6,0,30.9,11.6,1.4,4256.0,0.443,1.854,1.4928,32.74,LOW,0
2021-11-17,2021,11,321,Tomato,827.32,1526.68,3067.22,7035.73,3317.0,7,0,29.3,8.8,2.6,4439.0,0.027,1.845,1.5099,41.9,MEDIUM,1
2021-11-18,2021,11,322,Onion,767.13,1456.76,2783.16,6592.12,3112.0,6,0,28.0,8.8,7.3,4145.0,-0.131,1.899,1.4597,34.0,LOW,0
2021-11-19,2021,11,323,Sugar,857.22,1723.81,3646.45,9624.85,4371.0,7,0,28.7,10.5,6.9,4134.0,-0.304,2.011,1.4999,40.36,LOW,0
2021-11-20,2021,11,324,Milk,914.4,1698.83,3554.21,8635.38,3944.0,9,0,28.0,8.3,3.7,4335.0,0.099,1.858,1.5034,50.41,MEDIUM,1
2021-11-21,2021,11,325,Rice,844.77,1457.26,2949.45,7087.64,3275.0,8,0,28.1,6.5,0.0,4313.0,0.507,1.725,1.6017,44.62,MEDIUM,1
2021-11-22,2021,11,326,Wheat,860.29,1606.55,3071.64,7450.37,3509.0,8,0,29.3,8.0,5.0,4311.0,-0.182,1.867,1.5366,47.07,MEDIUM,1
2021-11-23,2021,11,327,Tomato,866.08,1685.92,3113.85,7738.87,3619.0,7,0,26.6,11.8,3.2,4278.0,-0.32,1.947,1.5563,42.72,MEDIUM,1
2021-11-24,2021,11,328,Onion,760.13,1417.97,2621.35,6126.93,2965.0,6,0,26.2,7.9,2.1,4405.0,0.067,1.865,1.6094,37.86,MEDIUM,1
2021-11-25,2021,11,329,Sugar,825.55,1301.4,2607.83,6766.19,3267.0,8,0,32.0,8.7,4.7,4310.0,0.283,1.576,1.6365,46.23,MEDIUM,1
2021-11-26,2021,11,330,Milk,884.76,1626.65,3142.0,7625.03,3626.0,9,0,28.2,8.3,1.6,4436.0,0.38,1.839,1.6245,51.83,MEDIUM,1
2021-11-27,2021,11,331,Rice,888.19,1580.79,2649.16,6717.37,3147.0,6,0,28.0,10.4,0.8,4377.0,0.09,1.78,1.65,38.07,MEDIUM,1
2021-11-28,2021,11,332,Wheat,945.76,1681.64,3405.23,8778.01,4096.0,9,1,25.3,9.9,6.6,4201.0,-0.089,1.778,1.6772,82.61,HIGH,2
2021-11-29,2021,11,333,Tomato,852.0,1684.09,3149.8,7862.28,3657.0,7,1,26.9,8.5,0.9,4796.0,-0.313,1.977,1.8721,82.61,HIGH,2
2021-11-30,2021,11,334,Onion,839.48,1552.04,3117.32,7718.73,3521.0,9,0,27.4,10.7,1.9,4226.0,-0.166,1.849,1.8587,55.97,MEDIUM,1
2021-12-01,2021,12,335,Sugar,617.46,1159.19,2381.51,6082.21,2898.0,5,0,26.4,8.6,0.1,4341.0,0.556,1.877,1.504,28.19,MEDIUM,1
2021-12-02,2021,12,336,Milk,773.5,1323.23,2618.63,6073.37,2916.0,5,0,26.8,8.6,0.1,4320.0,-0.591,1.711,1.528,34.08,MEDIUM,1
2021-12-03,2021,12,337,Rice,692.96,1245.07,2579.33,7500.11,3496.0,4,1,25.7,10.1,1.2,4289.0,-0.667,1.797,1.3716,56.8,MEDIUM,1
2021-12-04,2021,12,338,Wheat,669.51,1262.33,2573.43,6113.61,2892.0,7,0,26.0,12.6,0.2,4371.0,0.151,1.885,1.3782,38.63,LOW,0
2021-12-05,2021,12,339,Tomato,663.69,1236.73,2290.83,6017.87,2875.0,7,0,24.2,8.8,0.5,4575.0,0.134,1.863,1.3184,39.86,LOW,0
2021-12-06,2021,12,340,Onion,734.23,1324.82,2551.21,6567.56,3088.0,4,0,25.5,8.2,0.1,4395.0,0.5,1.804,1.3063,21.04,LOW,0
2021-12-07,2021,12,341,Sugar,821.51,1471.06,3187.31,8085.78,3822.0,5,0,25.5,15.5,0.6,4525.0,-0.552,1.791,1.3074,32.62,LOW,0
2021-12-08,2021,12,342,Milk,680.71,1286.08,2602.2,6005.72,2860.0,6,0,23.8,8.2,0.0,4969.0,-0.027,1.889,1.287,39.13,LOW,0
2021-12-09,2021,12,343,Rice,746.99,1390.55,2754.99,7165.38,3440.0,6,1,23.8,8.5,0.3,4527.0,0.392,1.862,1.2715,62.38,MEDIUM,1
2021-12-10,2021,12,344,Wheat,662.02,1194.29,2347.41,5906.94,2903.0,7,0,25.0,17.9,0.2,4502.0,-0.243,1.804,1.3019,40.76,LOW,0
2021-12-11,2021,12,345,Tomato,741.79,1319.8,2594.96,6865.59,3244.0,5,0,25.0,10.8,0.4,4341.0,-0.166,1.779,1.2495,27.98,LOW,0
2021-12-12,2021,12,346,Onion,759.41,1489.85,3182.72,7929.35,3685.0,5,0,28.4,11.7,0.0,4306.0,0.097,1.962,1.2389,26.16,LOW,0
2021-12-13,2021,12,347,Sugar,641.59,1132.48,2364.35,6010.65,2838.0,6,0,25.9,11.1,0.4,4354.0,-0.375,1.765,1.2008,33.43,LOW,0
2021-12-14,2021,12,348,Milk,685.38,1221.16,2442.18,6157.23,3022.0,5,0,23.6,9.8,0.2,4361.0,0.696,1.782,1.1882,22.95,LOW,0
2021-12-15,2021,12,349,Rice,668.88,1242.33,2308.76,5391.96,2667.0,4,0,24.9,11.7,0.7,4426.0,-0.584,1.857,1.2203,25.48,LOW,0
2021-12-16,2021,12,350,Wheat,627.86,1181.06,2228.57,4915.41,2458.0,4,0,22.3,9.9,0.2,4403.0,0.088,1.881,1.2541,22.4,LOW,0
2021-12-17,2021,12,351,Tomato,780.75,1257.64,2773.35,6365.63,3039.0,7,0,24.1,9.9,1.1,4304.0,-0.022,1.611,1.2696,37.19,LOW,0
2021-12-18,2021,12,352,Onion,679.28,1132.42,2235.32,5501.44,2610.0,7,0,25.3,12.2,0.3,4325.0,-0.161,1.667,1.2873,38.36,LOW,0
2021-12-19,2021,12,353,Sugar,694.62,1342.58,2631.43,5998.96,2891.0,4,1,26.2,7.2,0.0,4907.0,-0.152,1.933,1.1711,57.4,MEDIUM,1
2021-12-20,2021,12,354,Milk,713.28,1345.36,2633.62,6959.19,3252.0,5,0,23.6,10.8,0.2,4336.0,-0.366,1.886,1.1458,27.38,LOW,0
2021-12-21,2021,12,355,Rice,664.78,1235.55,2595.56,6496.18,3046.0,4,1,23.7,14.8,0.2,4428.0,-0.431,1.859,1.1409,53.55,MEDIUM,1
2021-12-22,2021,12,356,Wheat,737.19,1351.29,2749.28,7368.79,3519.0,4,0,24.9,9.9,0.3,4299.0,-0.88,1.833,1.1652,24.87,LOW,0
2021-12-23,2021,12,357,Tomato,773.61,1405.55,2790.84,7339.81,3435.0,5,1,24.9,9.2,0.5,4316.0,0.027,1.817,1.1853,55.8,MEDIUM,1
2021-12-24,2021,12,358,Onion,634.32,1097.32,2287.66,5936.3,2833.0,7,1,23.1,14.7,0.0,4692.0,0.214,1.73,1.1569,68.2,MEDIUM,1
2021-12-25,2021,12,359,Sugar,697.88,1289.32,2579.03,6628.52,3225.0,6,0,25.4,11.4,0.6,4321.0,0.287,1.847,1.1697,29.32,LOW,0
2021-12-26,2021,12,360,Milk,686.49,1178.33,2426.18,5724.59,2765.0,6,0,26.2,6.7,0.4,4337.0,-0.177,1.716,1.2345,32.77,LOW,0
2021-12-27,2021,12,361,Rice,796.36,1395.83,3030.98,7991.81,3743.0,4,0,24.3,11.0,0.9,4472.0,-0.044,1.753,1.3486,25.17,LOW,0
2021-12-28,2021,12,362,Wheat,796.17,1416.55,2686.9,6749.6,3163.0,6,1,28.2,6.8,0.1,4855.0,-0.499,1.779,1.4335,72.55,MEDIUM,1
2021-12-29,2021,12,363,Tomato,763.58,1374.91,2879.46,7261.29,3424.0,5,1,24.5,16.4,1.0,4366.0,0.113,1.801,1.4941,60.51,MEDIUM,1
2021-12-30,2021,12,364,Onion,699.15,1255.16,2742.7,6274.7,2994.0,5,0,24.4,10.8,0.4,4369.0,-0.326,1.795,1.5684,33.85,MEDIUM,1
2021-12-31,2021,12,365,Sugar,699.0,1258.96,2538.29,6843.56,3221.0,4,0,24.1,9.5,0.5,4438.0,-0.176,1.801,1.6469,29.96,MEDIUM,1
2022-01-01,2022,1,1,Milk,803.24,1558.12,2803.39,6558.33,3176.0,4,0,23.3,14.4,0.5,4683.0,-0.031,1.94,1.5913,30.85,MEDIUM,1
2022-01-02,2022,1,2,Rice,694.39,1269.09,2489.42,5995.87,2885.0,7,0,27.9,11.3,0.8,4528.0,0.626,1.828,1.5747,40.77,MEDIUM,1
2022-01-03,2022,1,3,Wheat,686.8,1202.57,2514.87,6492.43,3143.0,6,0,21.9,7.9,0.0,4647.0,-0.406,1.751,1.5775,42.16,MEDIUM,1
2022-01-04,2022,1,4,Tomato,780.86,1376.46,2987.77,6836.79,3271.0,5,0,22.2,8.4,0.7,4647.0,0.042,1.763,1.559,34.64,MEDIUM,1
2022-01-05,2022,1,5,Onion,743.43,1357.54,2489.4,6129.27,2895.0,5,0,22.3,11.5,0.3,4724.0,0.174,1.826,1.5672,34.88,MEDIUM,1
2022-01-06,2022,1,6,Sugar,705.16,1300.96,2675.14,6643.63,3199.0,7,0,25.2,6.5,0.7,4650.0,0.138,1.845,1.5555,44.14,MEDIUM,1
2022-01-07,2022,1,7,Milk,722.77,1197.68,2460.83,6633.04,3150.0,7,0,22.7,5.3,0.8,4682.0,0.427,1.657,1.5544,43.0,MEDIUM,1
2022-01-08,2022,1,8,Rice,796.98,1421.52,2692.81,7011.39,3324.0,6,0,25.9,17.4,0.1,4620.0,0.059,1.784,1.4942,38.32,LOW,0
2022-01-09,2022,1,9,Wheat,809.55,1488.92,2927.68,7054.46,3367.0,4,0,20.5,10.2,0.1,5038.0,0.09,1.839,1.4499,31.68,MEDIUM,1
2022-01-10,2022,1,10,Tomato,889.79,1501.96,2988.33,7047.5,3291.0,7,0,26.4,8.2,0.8,4333.0,0.291,1.688,1.2748,36.0,LOW,0
2022-01-11,2022,1,11,Onion,758.07,1360.88,2815.11,7003.79,3217.0,7,0,21.0,8.2,0.7,4689.0,0.427,1.795,1.2013,37.77,LOW,0
2022-01-12,2022,1,12,Sugar,827.47,1543.78,3105.79,6981.97,3375.0,7,1,21.4,10.7,1.2,4644.0,0.053,1.866,1.1952,69.1,MEDIUM,1
2022-01-13,2022,1,13,Milk,799.06,1425.52,2682.46,5936.55,2861.0,6,0,24.2,6.2,0.7,4447.0,0.07,1.784,1.2052,32.2,LOW,0
2022-01-14,2022,1,14,Rice,688.77,1222.69,2553.1,6548.38,2981.0,6,0,24.9,8.9,0.7,4612.0,0.188,1.775,1.1463,32.37,LOW,0
2022-01-15,2022,1,15,Wheat,871.12,1482.57,2922.64,7174.22,3261.0,4,0,25.8,14.3,0.0,4849.0,-0.235,1.702,0.9943,24.58,LOW,0
2022-01-16,2022,1,16,Tomato,814.65,1500.85,2853.57,6727.19,3140.0,5,0,25.0,15.6,0.1,4677.0,0.291,1.842,0.975,24.94,LOW,0
2022-01-17,2022,1,17,Onion,815.15,1507.45,3098.8,7933.52,3733.0,6,0,22.9,5.4,0.5,4623.0,0.477,1.849,0.9762,28.49,LOW,0
2022-01-18,2022,1,18,Sugar,760.71,1299.07,2662.66,6859.59,3213.0,6,0,24.6,4.0,0.0,4585.0,0.091,1.708,0.9575,29.76,LOW,0
2022-01-19,2022,1,19,Milk,749.38,1471.25,3141.46,7317.54,3470.0,7,0,22.8,7.6,0.2,4612.0,0.629,1.963,0.9795,32.67,LOW,0
2022-01-20,2022,1,20,Rice,747.92,1403.04,2980.44,8029.68,3718.0,6,0,23.4,8.6,0.5,4715.0,-0.054,1.876,1.0939,33.83,LOW,0
2022-01-21,2022,1,21,Wheat,717.47,1357.71,2774.77,6929.27,3278.0,7,0,23.7,8.4,1.2,5130.0,-0.003,1.892,1.0734,42.42,MEDIUM,1
2022-01-22,2022,1,22,Tomato,792.48,1468.89,3212.33,7740.05,3637.0,7,0,21.5,4.0,0.0,4675.0,0.14,1.854,1.0983,37.52,LOW,0
2022-01-23,2022,1,23,Onion,797.15,1334.81,2559.4,6703.54,3143.0,5,0,24.7,8.6,0.3,4664.0,-0.179,1.674,1.141,29.65,LOW,0
2022-01-24,2022,1,24,Sugar,821.9,1485.19,2778.31,6843.59,3245.0,6,0,23.8,14.6,0.2,4674.0,0.445,1.807,1.152,31.79,LOW,0
2022-01-25,2022,1,25,Milk,874.73,1650.25,3227.81,7903.71,3693.0,7,0,23.9,10.6,0.2,4765.0,-0.217,1.887,1.1033,40.28,LOW,0
2022-01-26,2022,1,26,Rice,828.44,1505.39,2863.76,7214.47,3418.0,5,0,23.4,7.7,0.2,4707.0,0.305,1.817,1.0289,25.98,LOW,0
2022-01-27,2022,1,27,Wheat,854.73,1452.82,2993.31,7534.26,3500.0,5,0,23.2,10.4,0.1,4421.0,0.093,1.7,1.0187,24.03,LOW,0
2022-01-28,2022,1,28,Tomato,861.89,1492.97,2936.16,6840.05,3191.0,4,0,24.3,5.9,0.1,4698.0,-0.125,1.732,0.9867,22.41,LOW,0
2022-01-29,2022,1,29,Onion,899.63,1655.57,3433.1,8235.68,3812.0,7,1,24.6,13.7,1.0,4715.0,0.056,1.84,1.024,67.23,MEDIUM,1
2022-01-30,2022,1,30,Sugar,802.47,1434.99,2841.42,7166.57,3457.0,6,0,24.5,11.7,0.1,4590.0,-0.064,1.788,1.0648,32.19,LOW,0
2022-01-31,2022,1,31,Milk,860.53,1546.83,3314.1,8221.93,3810.0,7,0,22.5,11.0,0.6,4755.0,0.488,1.798,1.1009,36.62,LOW,0
2022-02-01,2022,2,32,Rice,867.76,1577.91,3381.14,8646.09,3940.0,7,0,28.3,8.7,0.2,4651.0,0.581,1.818,1.1808,36.32,LOW,0
2022-02-02,2022,2,33,Wheat,842.0,1468.93,2956.05,7008.14,3281.0,5,0,25.7,7.5,1.1,4648.0,0.557,1.745,1.2324,27.18,LOW,0
2022-02-03,2022,2,34,Tomato,950.22,1778.19,3528.89,8054.35,3741.0,5,0,26.0,10.3,0.0,4791.0,0.577,1.871,1.1514,27.3,LOW,0
2022-02-04,2022,2,35,Onion,844.52,1494.73,2736.94,7235.44,3387.0,5,0,25.6,9.4,1.1,4883.0,-0.119,1.77,1.1083,31.05,LOW,0
2022-02-05,2022,2,36,Sugar,870.41,1506.0,3082.52,7627.1,3636.0,6,0,28.0,8.1,0.4,4801.0,0.135,1.73,1.1464,34.53,LOW,0
2022-02-06,2022,2,37,Milk,925.54,1604.92,2872.43,7538.71,3424.0,5,0,25.1,12.5,0.3,4723.0,0.221,1.734,1.1247,28.0,LOW,0
2022-02-07,2022,2,38,Rice,874.01,1469.42,3126.67,7793.84,3713.0,6,0,25.7,12.7,0.0,5034.0,-0.239,1.681,1.1237,38.39,MEDIUM,1
2022-02-08,2022,2,39,Wheat,849.12,1442.18,2792.14,7828.47,3665.0,7,0,24.1,10.5,0.2,4611.0,-0.209,1.698,1.1293,39.09,LOW,0
2022-02-09,2022,2,40,Tomato,986.3,1729.78,3530.97,8322.2,3845.0,6,0,24.6,13.4,0.9,4789.0,-0.527,1.754,1.0672,36.53,LOW,0
2022-02-10,2022,2,41,Onion,939.84,1725.91,3184.74,7992.12,3679.0,6,0,26.2,8.9,0.2,5228.0,0.309,1.836,1.0567,36.59,MEDIUM,1
2022-02-11,2022,2,42,Sugar,850.7,1618.45,3433.77,8648.51,4020.0,7,0,24.1,6.3,0.0,4677.0,0.407,1.902,1.103,36.28,LOW,0
2022-02-12,2022,2,43,Milk,889.25,1714.37,3301.68,8812.79,3977.0,7,0,26.1,7.4,0.2,4818.0,0.017,1.928,1.0499,38.84,LOW,0
2022-02-13,2022,2,44,Rice,1047.27,1899.7,3957.88,10142.54,4567.0,6,0,26.3,9.3,0.3,4732.0,-0.716,1.814,1.1896,38.74,LOW,0
2022-02-14,2022,2,45,Wheat,977.1,1820.71,3730.85,10036.86,4488.0,7,0,25.7,5.4,0.2,4717.0,-0.357,1.863,1.2788,43.14,LOW,0
2022-02-15,2022,2,46,Tomato,918.74,1730.94,3356.11,8711.0,3896.0,7,0,26.0,9.5,0.1,4673.0,-0.411,1.884,1.2539,42.59,LOW,0
2022-02-16,2022,2,47,Onion,965.96,1852.82,2954.5,7373.69,3549.0,4,0,25.8,10.2,0.1,4845.0,0.009,1.918,1.2396,27.0,LOW,0
2022-02-17,2022,2,48,Sugar,923.97,1715.44,3551.3,8713.2,3991.0,7,0,26.1,14.3,0.1,4616.0,0.57,1.857,1.2599,37.21,LOW,0
2022-02-18,2022,2,49,Milk,930.24,1695.62,3530.25,8923.72,4089.0,5,1,26.4,8.4,0.1,4604.0,-0.413,1.823,1.3299,63.05,MEDIUM,1
2022-02-19,2022,2,50,Rice,944.15,1821.1,3471.1,7924.54,3675.0,4,0,26.9,11.0,0.2,4833.0,0.524,1.929,1.4051,26.79,LOW,0
2022-02-20,2022,2,51,Wheat,947.16,1782.15,3566.49,9141.0,4163.0,4,0,22.5,6.5,0.1,4790.0,0.261,1.882,1.5634,30.05,MEDIUM,1
2022-02-21,2022,2,52,Tomato,997.43,1760.77,3631.18,9362.15,4184.0,4,0,27.5,4.3,0.9,4679.0,-0.064,1.765,1.6203,31.41,MEDIUM,1
2022-02-22,2022,2,53,Onion,948.42,1722.18,3278.03,7930.01,3665.0,6,0,25.7,9.5,0.7,4730.0,0.121,1.816,1.616,40.94,MEDIUM,1
2022-02-23,2022,2,54,Sugar,1027.92,1742.33,3578.11,8227.73,3728.0,5,0,24.7,6.4,0.3,4513.0,-0.232,1.695,1.5001,33.79,MEDIUM,1
2022-02-24,2022,2,55,Milk,1034.97,1976.21,3614.87,8992.77,4139.0,4,0,25.7,17.2,0.2,4830.0,-0.22,1.909,1.4375,30.96,LOW,0
2022-02-25,2022,2,56,Rice,942.82,1669.63,3335.89,8789.34,3886.0,5,0,28.6,15.5,0.3,4670.0,0.211,1.771,1.4519,32.42,LOW,0
2022-02-26,2022,2,57,Wheat,979.86,1809.19,3669.99,8900.16,4080.0,5,0,27.3,9.8,0.7,4777.0,-0.027,1.846,1.4502,34.66,LOW,0
2022-02-27,2022,2,58,Tomato,966.54,1716.02,3628.29,9117.08,4107.0,5,0,24.7,12.1,0.3,4751.0,0.218,1.775,1.3939,32.33,LOW,0
2022-02-28,2022,2,59,Onion,996.46,1814.15,3668.4,8829.66,4011.0,6,1,29.1,13.8,1.1,5297.0,0.015,1.821,1.379,73.58,HIGH,2
2022-03-01,2022,3,60,Sugar,962.98,1703.66,3600.36,9063.21,4167.0,7,0,28.2,13.1,0.4,4601.0,0.466,1.769,1.4323,40.16,LOW,0
2022-03-02,2022,3,61,Milk,1066.99,1885.38,3496.43,8929.53,4022.0,6,0,31.4,11.8,0.3,4655.0,0.015,1.767,1.3762,37.12,LOW,0
2022-03-03,2022,3,62,Rice,987.13,1690.12,3304.36,8099.87,3781.0,7,0,30.1,5.2,0.4,4467.0,0.422,1.712,1.4155,38.79,LOW,0
2022-03-04,2022,3,63,Wheat,1024.21,1885.85,3672.65,9018.61,4149.0,5,0,29.2,11.5,0.1,4505.0,0.12,1.841,1.3683,29.97,LOW,0
2022-03-05,2022,3,64,Tomato,1030.31,1782.7,3530.06,8882.64,4079.0,6,0,31.4,10.7,0.6,4987.0,0.39,1.73,1.3237,37.78,LOW,0
2022-03-06,2022,3,65,Onion,915.59,1616.7,3450.19,9203.71,4197.0,7,0,30.5,12.4,0.9,4420.0,-0.019,1.766,1.3189,39.08,LOW,0
2022-03-07,2022,3,66,Sugar,1102.13,2108.48,4210.82,10597.44,4757.0,4,0,31.7,5.5,0.9,4308.0,0.501,1.913,1.3543,20.89,LOW,0
2022-03-08,2022,3,67,Milk,1001.59,1801.91,3566.85,9775.08,4401.0,4,0,28.8,5.0,0.3,4625.0,-0.013,1.799,1.3286,26.24,LOW,0
2022-03-09,2022,3,68,Rice,1056.81,1956.78,4243.6,10257.56,4607.0,7,0,31.2,12.1,0.3,4433.0,0.234,1.852,1.3744,38.78,LOW,0
2022-03-10,2022,3,69,Wheat,1016.61,1895.89,3623.03,8566.78,4017.0,6,0,31.7,9.0,0.2,4970.0,0.287,1.865,1.4384,39.84,LOW,0
2022-03-11,2022,3,70,Tomato,991.49,1750.85,3433.51,9142.41,4115.0,7,0,29.9,7.3,0.0,4582.0,-0.021,1.766,1.419,42.21,LOW,0
2022-03-12,2022,3,71,Onion,1036.53,1904.81,3641.96,9203.74,4224.0,7,0,30.3,8.1,0.6,4518.0,-0.039,1.838,1.3658,40.86,LOW,0
2022-03-13,2022,3,72,Sugar,1072.44,1812.25,3812.32,9471.83,4191.0,7,0,29.6,8.7,0.7,4460.0,-0.371,1.69,1.4679,43.47,LOW,0
2022-03-14,2022,3,73,Milk,998.24,1841.93,3879.42,8810.88,4061.0,7,0,32.1,11.4,0.6,4534.0,-0.014,1.845,1.5791,44.1,MEDIUM,1
2022-03-15,2022,3,74,Rice,1062.92,1948.62,3775.3,9542.42,4290.0,4,0,31.2,7.8,0.4,4424.0,0.04,1.833,1.5064,26.64,MEDIUM,1
2022-03-16,2022,3,75,Wheat,1107.67,1960.76,4037.17,9771.82,4513.0,7,0,28.8,13.6,0.6,4461.0,-0.401,1.77,1.3771,42.27,LOW,0
2022-03-17,2022,3,76,Tomato,1082.82,1779.02,3771.0,9087.48,4104.0,5,0,31.6,10.4,0.4,4557.0,0.446,1.643,1.3809,29.05,LOW,0
2022-03-18,2022,3,77,Onion,1192.22,2286.88,4735.46,11625.32,5216.0,5,0,29.6,11.1,1.1,4720.0,0.02,1.918,1.3234,31.95,LOW,0
2022-03-19,2022,3,78,Sugar,1100.26,1890.26,4129.85,10815.6,4751.0,5,0,29.8,12.2,0.2,5012.0,0.349,1.718,1.4228,34.72,MEDIUM,1
2022-03-20,2022,3,79,Milk,1072.04,2000.63,3992.09,10412.44,4593.0,4,0,31.9,15.7,0.0,4493.0,0.361,1.866,1.5048,25.7,MEDIUM,1
2022-03-21,2022,3,80,Rice,1201.15,2275.36,4161.3,10588.7,4728.0,5,0,29.2,8.8,0.9,4508.0,-0.036,1.894,1.357,30.62,LOW,0
2022-03-22,2022,3,81,Wheat,1084.39,1937.02,3687.05,8716.25,3958.0,5,0,31.5,9.4,1.7,5139.0,0.335,1.786,1.4016,35.74,MEDIUM,1
2022-03-23,2022,3,82,Tomato,1181.35,2114.54,4371.03,11318.88,4959.0,5,0,29.1,3.8,0.5,5092.0,0.032,1.79,1.4254,37.14,MEDIUM,1
2022-03-24,2022,3,83,Onion,1134.02,2089.92,4431.69,10499.89,4635.0,7,0,28.9,11.4,0.1,4646.0,0.068,1.843,1.394,42.03,LOW,0
2022-03-25,2022,3,84,Sugar,1110.47,2004.42,3919.88,9063.81,4155.0,5,0,28.3,9.9,0.6,4534.0,-0.115,1.805,1.3358,30.95,LOW,0
2022-03-26,2022,3,85,Milk,1118.79,2080.44,4031.37,9328.04,4288.0,7,0,32.1,8.4,0.0,4526.0,0.476,1.86,1.3124,37.57,LOW,0
2022-03-27,2022,3,86,Rice,1134.99,2001.99,3809.22,9505.87,4343.0,4,0,30.9,9.0,0.4,4566.0,-0.014,1.764,1.3298,25.68,LOW,0
2022-03-28,2022,3,87,Wheat,1132.52,2038.78,4179.9,10701.17,4635.0,5,0,28.5,10.7,0.6,4577.0,-0.035,1.8,1.3623,31.38,LOW,0
2022-03-29,2022,3,88,Tomato,1106.05,2017.65,3924.61,9707.13,4351.0,5,0,32.2,9.8,0.3,4560.0,-0.148,1.824,1.4001,32.34,LOW,0
2022-03-30,2022,3,89,Onion,1117.27,1968.16,3897.55,9786.65,4449.0,6,0,29.4,11.7,0.7,4737.0,0.437,1.762,1.3985,36.16,LOW,0
2022-03-31,2022,3,90,Sugar,1157.78,2224.64,4542.77,12068.29,5309.0,5,0,30.9,4.5,0.4,4550.0,0.184,1.921,1.5926,33.47,MEDIUM,1
2022-04-01,2022,4,91,Milk,1234.73,2280.96,4826.9,11362.22,5012.0,7,0,34.4,10.3,0.5,4353.0,-0.4,1.847,1.5091,43.17,MEDIUM,1
2022-04-02,2022,4,92,Rice,1195.02,2223.99,4344.25,10740.05,4656.0,5,0,34.0,9.3,0.3,4911.0,0.038,1.861,1.4352,35.45,LOW,0
2022-04-03,2022,4,93,Wheat,1153.52,1972.56,3727.8,9197.72,4125.0,5,0,31.3,7.6,0.6,4402.0,-0.303,1.71,1.4388,32.12,LOW,0
2022-04-04,2022,4,94,Tomato,1113.38,2064.48,3863.73,9505.84,4353.0,5,0,34.7,9.8,0.1,4594.0,-0.084,1.854,1.434,32.87,LOW,0
2022-04-05,2022,4,95,Onion,1235.33,2277.69,4342.52,10686.4,4878.0,6,0,35.8,7.1,1.8,4598.0,-0.026,1.844,1.5416,39.23,MEDIUM,1
2022-04-06,2022,4,96,Sugar,1154.14,2111.11,4339.83,10281.14,4687.0,7,0,33.3,11.9,0.2,4596.0,-0.065,1.829,1.5259,44.17,MEDIUM,1
2022-04-07,2022,4,97,Milk,1172.41,1962.89,3840.8,9344.63,4210.0,6,0,33.7,6.4,0.8,4548.0,0.062,1.674,1.6078,39.29,MEDIUM,1
2022-04-08,2022,4,98,Rice,1111.57,1924.58,3887.31,9870.0,4352.0,7,0,34.2,9.1,0.4,4406.0,-0.432,1.731,1.636,45.76,MEDIUM,1
2022-04-09,2022,4,99,Wheat,1288.7,2356.87,4890.94,12553.51,5461.0,7,0,34.1,11.1,0.1,4506.0,0.137,1.829,1.6557,44.21,MEDIUM,1
2022-04-10,2022,4,100,Tomato,1228.51,2128.97,3731.56,9678.82,4390.0,4,0,33.6,11.1,1.8,4666.0,0.211,1.733,1.7139,31.31,MEDIUM,1
2022-04-11,2022,4,101,Onion,1203.09,2048.53,4272.75,9835.12,4483.0,6,1,37.0,12.6,1.0,4775.0,0.147,1.703,1.7426,73.15,HIGH,2
2022-04-12,2022,4,102,Sugar,1094.88,1952.84,3795.69,9169.51,4240.0,6,0,34.6,13.4,1.2,4562.0,0.101,1.784,1.7818,41.84,MEDIUM,1
2022-04-13,2022,4,103,Milk,1192.66,2384.38,4486.68,11372.79,5098.0,4,0,36.1,7.9,0.7,4835.0,-0.117,1.999,1.9456,38.12,MEDIUM,1
2022-04-14,2022,4,104,Rice,1167.36,2035.81,4103.32,9715.83,4354.0,7,0,36.3,12.4,0.6,4652.0,-0.243,1.744,2.0278,53.15,MEDIUM,1
2022-04-15,2022,4,105,Wheat,1204.72,2305.18,4560.46,10562.83,4693.0,5,0,31.8,9.9,0.0,4529.0,0.306,1.913,2.0204,39.07,MEDIUM,1
2022-04-16,2022,4,106,Tomato,1185.03,2189.14,4190.52,10282.8,4604.0,5,0,34.8,16.2,0.7,4599.0,-0.222,1.847,2.0257,42.49,MEDIUM,1
2022-04-17,2022,4,107,Onion,1140.75,2029.34,4026.96,9246.73,4211.0,6,0,32.0,7.2,0.2,4973.0,0.088,1.779,2.011,49.46,MEDIUM,1
2022-04-18,2022,4,108,Sugar,1191.59,2157.79,4408.44,11546.9,5019.0,4,0,33.7,9.9,0.4,4517.0,-0.055,1.811,2.1009,36.96,MEDIUM,1
2022-04-19,2022,4,109,Milk,1291.79,2196.14,4299.42,11358.02,5091.0,5,0,34.2,13.3,0.5,4683.0,0.584,1.7,2.0546,39.73,MEDIUM,1
2022-04-20,2022,4,110,Rice,1274.22,2331.31,4402.14,10983.44,4862.0,6,0,35.5,6.2,0.5,4645.0,0.524,1.83,1.9583,43.2,MEDIUM,1
2022-04-21,2022,4,111,Wheat,1299.68,2519.25,4814.39,12413.49,5468.0,5,0,35.7,9.1,1.2,4604.0,0.082,1.938,1.9292,39.57,MEDIUM,1
2022-04-22,2022,4,112,Tomato,1246.18,2146.63,4236.18,10545.38,4728.0,7,0,30.6,12.5,0.1,4574.0,0.18,1.723,1.8678,47.86,MEDIUM,1
2022-04-23,2022,4,113,Onion,1205.91,2205.07,4839.82,11429.1,5162.0,5,1,35.1,2.6,0.0,4544.0,-0.07,1.829,1.9153,69.52,HIGH,2
2022-04-24,2022,4,114,Sugar,1341.52,2611.26,5172.12,11824.22,5215.0,5,0,30.5,8.2,0.9,4632.0,0.168,1.946,1.7622,36.91,MEDIUM,1
2022-04-25,2022,4,115,Milk,1227.52,2236.59,4369.86,11606.13,5093.0,4,0,34.1,13.1,0.6,4580.0,-0.09,1.822,1.7763,32.89,MEDIUM,1
2022-04-26,2022,4,116,Rice,1211.8,2057.76,4145.86,10769.52,4783.0,5,0,33.9,15.2,0.0,4707.0,0.192,1.698,1.7631,37.56,MEDIUM,1
2022-04-27,2022,4,117,Wheat,1288.22,2374.27,5152.97,13364.69,5757.0,7,0,32.4,9.5,1.0,4543.0,-0.011,1.843,1.9407,49.6,MEDIUM,1
2022-04-28,2022,4,118,Tomato,1203.14,2091.46,4482.75,11309.86,5021.0,4,0,35.0,5.5,0.6,4406.0,-0.112,1.738,1.9975,34.58,MEDIUM,1
2022-04-29,2022,4,119,Onion,1193.17,2194.58,4094.35,9221.21,4143.0,7,0,35.5,11.2,0.6,4637.0,0.347,1.839,2.1196,51.43,MEDIUM,1
2022-04-30,2022,4,120,Sugar,1227.44,2352.63,4730.68,10991.94,4987.0,7,0,34.3,12.0,0.1,4719.0,-0.35,1.917,2.1008,55.45,MEDIUM,1
2022-05-01,2022,5,121,Milk,1287.91,2283.95,4451.63,10963.23,4858.0,4,0,35.5,21.0,0.1,4666.0,0.251,1.773,2.0404,36.01,MEDIUM,1
2022-05-02,2022,5,122,Rice,1163.93,2048.96,4035.55,9937.34,4493.0,6,0,37.9,24.0,0.1,4750.0,0.035,1.76,2.0408,47.94,MEDIUM,1
2022-05-03,2022,5,123,Wheat,1320.55,2377.83,4634.32,11265.17,4969.0,6,0,37.5,15.9,0.1,4653.0,-0.062,1.801,1.9108,45.5,MEDIUM,1
2022-05-04,2022,5,124,Tomato,1189.38,2123.08,4404.61,11094.16,4960.0,5,0,38.2,21.6,0.4,4714.0,0.036,1.785,1.9492,41.2,MEDIUM,1
2022-05-05,2022,5,125,Onion,1291.34,2390.15,4982.78,12831.66,5567.0,7,0,38.6,21.6,0.4,4841.0,0.655,1.851,2.0143,50.35,MEDIUM,1
2022-05-06,2022,5,126,Sugar,1285.79,2475.59,5099.49,12856.22,5674.0,6,0,35.5,13.9,0.6,4708.0,-0.242,1.925,2.1075,49.9,MEDIUM,1
2022-05-07,2022,5,127,Milk,1232.93,2094.32,4291.74,10704.44,4754.0,5,0,36.7,21.3,0.3,4831.0,0.247,1.699,2.059,42.96,MEDIUM,1
2022-05-08,2022,5,128,Rice,1271.16,2343.09,5163.44,12771.17,5691.0,5,0,39.7,12.1,0.0,4703.0,0.297,1.843,2.2253,43.92,MEDIUM,1
2022-05-09,2022,5,129,Wheat,1269.35,2200.22,4451.62,11222.67,4937.0,7,0,33.2,17.9,0.1,4756.0,0.197,1.733,2.1883,54.4,MEDIUM,1
2022-05-10,2022,5,130,Tomato,1237.38,2200.19,4168.85,10184.24,4493.0,6,0,35.2,12.5,0.2,4733.0,0.326,1.778,2.151,47.96,MEDIUM,1
2022-05-11,2022,5,131,Onion,1289.04,2342.8,5028.2,14208.77,6154.0,6,0,34.7,22.3,0.6,4745.0,0.281,1.817,2.3281,50.97,MEDIUM,1
2022-05-12,2022,5,132,Sugar,1254.73,2485.15,4806.72,11369.68,5034.0,6,0,37.0,19.7,0.3,4696.0,0.446,1.981,2.4759,51.87,MEDIUM,1
2022-05-13,2022,5,133,Milk,1346.59,2433.6,4697.51,13210.29,5930.0,7,0,39.0,18.7,0.2,4811.0,-0.089,1.807,2.4545,60.37,MEDIUM,1
2022-05-14,2022,5,134,Rice,1223.02,2095.45,4239.85,11676.61,5158.0,6,0,35.7,17.2,0.3,5023.0,0.27,1.713,2.4503,55.63,MEDIUM,1
2022-05-15,2022,5,135,Wheat,1313.03,2376.95,4795.83,13013.58,5705.0,4,0,38.3,20.3,0.2,4606.0,-0.633,1.81,2.4577,46.09,MEDIUM,1
2022-05-16,2022,5,136,Tomato,1261.09,2284.67,4818.98,12058.45,5358.0,7,0,36.5,13.8,1.4,4684.0,-0.501,1.812,2.4814,61.57,MEDIUM,1
2022-05-17,2022,5,137,Onion,1197.97,2179.93,4430.12,10663.87,4706.0,7,0,37.1,15.4,0.5,4640.0,0.387,1.82,2.4925,56.85,MEDIUM,1
2022-05-18,2022,5,138,Sugar,1247.54,2135.39,3952.55,9950.81,4540.0,7,0,38.7,17.4,0.5,4888.0,-0.094,1.712,2.6774,64.51,MEDIUM,1
2022-05-19,2022,5,139,Milk,1416.28,2596.11,5181.51,12386.54,5462.0,4,0,37.6,22.4,1.8,5210.0,0.005,1.833,2.3041,46.64,MEDIUM,1
2022-05-20,2022,5,140,Rice,1253.91,2315.55,4420.97,11066.03,4989.0,7,0,36.7,19.8,1.2,4554.0,0.041,1.847,2.3018,54.86,MEDIUM,1
2022-05-21,2022,5,141,Wheat,1303.5,2625.98,5078.53,13473.47,5870.0,6,0,37.8,16.5,0.1,5098.0,-0.01,2.015,2.3744,56.65,MEDIUM,1
2022-05-22,2022,5,142,Tomato,1394.64,2615.2,5031.5,12923.46,5689.0,5,0,37.2,19.2,0.9,4784.0,0.081,1.875,2.176,45.08,MEDIUM,1
2022-05-23,2022,5,143,Onion,1377.01,2333.47,4823.59,11139.84,5055.0,4,1,36.3,14.6,0.3,4826.0,0.228,1.695,2.1133,68.82,HIGH,2
2022-05-24,2022,5,144,Sugar,1400.25,2424.96,4783.92,12667.83,5520.0,5,0,37.6,18.4,0.9,4673.0,0.244,1.732,2.0324,41.0,MEDIUM,1
2022-05-25,2022,5,145,Milk,1319.53,2387.79,4961.64,11890.66,5302.0,4,0,36.4,22.3,0.2,4687.0,-0.096,1.81,2.0373,37.91,MEDIUM,1
2022-05-26,2022,5,146,Rice,1359.91,2266.3,4789.35,13157.54,5709.0,7,0,37.4,19.8,0.3,5075.0,-0.294,1.667,2.037,57.78,MEDIUM,1
2022-05-27,2022,5,147,Wheat,1341.36,2293.83,4467.7,11640.37,5133.0,6,0,36.2,15.7,0.7,4739.0,-0.215,1.71,1.9624,47.9,MEDIUM,1
2022-05-28,2022,5,148,Tomato,1291.77,2283.2,4240.28,10506.29,4696.0,6,0,35.6,16.1,0.7,4657.0,0.571,1.768,2.0534,44.52,MEDIUM,1
2022-05-29,2022,5,149,Onion,1280.8,2300.93,4400.59,11256.74,4966.0,6,1,39.5,19.7,0.6,4474.0,0.126,1.796,1.9672,73.62,HIGH,2
2022-05-30,2022,5,150,Sugar,1312.2,2231.52,4252.18,10959.98,4822.0,6,0,35.5,19.6,0.5,4701.0,0.033,1.701,2.0026,46.88,MEDIUM,1
2022-05-31,2022,5,151,Milk,1301.91,2497.31,4721.67,11472.88,5203.0,4,0,34.3,24.7,0.2,4588.0,0.419,1.918,1.9842,33.55,MEDIUM,1
2022-06-01,2022,6,152,Rice,1285.25,2246.44,4463.77,10860.87,4804.0,7,0,31.4,14.0,17.7,4565.0,-0.251,1.748,2.0759,53.04,MEDIUM,1
2022-06-02,2022,6,153,Wheat,1224.1,2289.82,5058.98,13208.38,5836.0,5,0,28.2,16.4,8.2,4710.0,-0.026,1.871,2.0597,43.13,MEDIUM,1
2022-06-03,2022,6,154,Tomato,1305.7,2271.92,4806.25,12127.32,5272.0,5,0,31.0,18.5,6.4,4727.0,0.042,1.74,2.1652,44.54,MEDIUM,1
2022-06-04,2022,6,155,Onion,1299.63,2184.35,4417.35,11425.42,5093.0,6,0,31.4,19.2,1.2,4810.0,0.386,1.681,2.1536,48.47,MEDIUM,1
2022-06-05,2022,6,156,Sugar,1249.16,2058.23,4087.15,10670.94,4865.0,4,0,30.3,13.7,18.9,4828.0,0.023,1.648,2.149,40.4,MEDIUM,1
2022-06-06,2022,6,157,Milk,1254.31,2183.33,4048.0,10190.96,4552.0,4,0,31.1,17.2,6.2,4730.0,-0.197,1.741,2.2234,41.64,MEDIUM,1
2022-06-07,2022,6,158,Rice,1271.38,2556.23,5002.56,13513.49,5901.0,7,0,29.1,15.0,3.6,4708.0,-0.113,2.011,2.2801,56.85,MEDIUM,1
2022-06-08,2022,6,159,Wheat,1274.34,2241.08,4370.07,10406.69,4637.0,5,0,29.7,15.1,11.7,5277.0,-0.19,1.759,2.3364,53.77,MEDIUM,1
2022-06-09,2022,6,160,Tomato,1374.99,2557.31,5221.65,11839.8,5268.0,4,0,29.9,23.2,28.9,4745.0,-0.084,1.86,2.2283,41.29,MEDIUM,1
2022-06-10,2022,6,161,Onion,1339.46,2416.5,4741.96,11650.17,5147.0,6,0,33.4,16.3,15.8,4546.0,-0.112,1.804,2.0473,46.73,MEDIUM,1
2022-06-11,2022,6,162,Sugar,1220.51,2205.43,4685.95,11791.06,5191.0,4,0,33.3,22.0,11.7,4535.0,0.329,1.807,1.9907,33.57,MEDIUM,1
2022-06-12,2022,6,163,Milk,1310.03,2327.57,4609.18,10951.79,4848.0,6,0,30.7,23.0,17.3,4698.0,0.696,1.777,1.9693,43.04,MEDIUM,1
2022-06-13,2022,6,164,Rice,1292.32,2258.69,4286.03,10096.78,4485.0,4,0,31.2,12.1,29.8,4785.0,0.23,1.748,2.1329,38.69,MEDIUM,1
2022-06-14,2022,6,165,Wheat,1250.67,2194.9,4357.65,11007.45,4948.0,5,0,32.9,15.2,6.8,4685.0,0.206,1.755,2.0567,41.67,MEDIUM,1
2022-06-15,2022,6,166,Tomato,1271.01,2360.26,4557.82,10623.11,4799.0,7,0,29.1,13.6,5.7,4758.0,0.02,1.857,2.0935,53.88,MEDIUM,1
2022-06-16,2022,6,167,Onion,1407.47,2565.19,5500.5,13484.03,5857.0,4,1,31.8,16.5,25.2,4576.0,0.25,1.823,2.1911,67.38,HIGH,2
2022-06-17,2022,6,168,Sugar,1205.91,1970.39,4115.74,9507.56,4323.0,4,0,31.7,14.5,2.9,4647.0,-0.115,1.634,2.165,39.52,MEDIUM,1
2022-06-18,2022,6,169,Milk,1372.09,2402.08,5114.38,12413.62,5482.0,7,0,33.3,20.3,17.4,4618.0,0.348,1.751,2.2587,53.32,MEDIUM,1
2022-06-19,2022,6,170,Rice,1304.44,2309.39,4554.26,11182.93,4927.0,6,0,30.9,20.5,1.2,5267.0,0.25,1.77,2.2927,55.81,MEDIUM,1
2022-06-20,2022,6,171,Wheat,1330.67,2309.46,4963.07,12094.12,5361.0,6,0,31.6,19.9,12.3,4659.0,-0.624,1.736,2.1845,52.48,MEDIUM,1
2022-06-21,2022,6,172,Tomato,1275.94,2325.86,4768.59,12146.83,5350.0,7,0,28.0,14.8,20.7,4478.0,0.321,1.823,2.2236,51.53,MEDIUM,1
2022-06-22,2022,6,173,Onion,1345.17,2481.67,5246.07,14622.37,6313.0,4,0,30.8,18.5,11.8,4713.0,0.49,1.845,2.5677,43.2,MEDIUM,1
2022-06-23,2022,6,174,Sugar,1323.83,2574.64,5462.09,13724.55,6002.0,7,0,30.5,13.4,2.5,4680.0,-0.257,1.945,2.8421,65.72,MEDIUM,1
2022-06-24,2022,6,175,Milk,1265.11,2143.82,4353.95,10392.63,4620.0,4,0,31.3,15.9,4.1,4671.0,-0.057,1.695,2.8856,50.28,MEDIUM,1
2022-06-25,2022,6,176,Rice,1361.14,2400.81,4958.46,12283.36,5511.0,7,0,30.6,15.7,18.5,4665.0,0.239,1.764,2.8255,62.84,MEDIUM,1
2022-06-26,2022,6,177,Wheat,1302.68,2365.82,4841.13,11508.46,5100.0,4,0,30.1,17.0,2.6,4777.0,0.334,1.816,2.8655,49.08,MEDIUM,1
2022-06-27,2022,6,178,Tomato,1225.11,2115.02,3917.62,9554.14,4307.0,4,0,32.7,18.5,26.7,4680.0,0.129,1.726,2.8587,49.04,MEDIUM,1
2022-06-28,2022,6,179,Onion,1316.37,2219.5,4280.98,11100.7,4949.0,5,0,31.5,16.0,42.3,5079.0,0.507,1.686,2.8614,56.18,HIGH,2
2022-06-29,2022,6,180,Sugar,1295.53,2270.78,4259.78,10444.82,4640.0,5,0,30.5,18.6,10.8,4842.0,-0.402,1.753,2.8979,58.9,MEDIUM,1
2022-06-30,2022,6,181,Milk,1220.26,2182.18,4499.33,11664.74,5169.0,7,0,33.3,20.8,16.0,4645.0,0.108,1.788,2.7846,62.68,MEDIUM,1
2022-07-01,2022,7,182,Rice,1190.89,2076.1,4061.89,9434.3,4306.0,7,0,23.6,14.7,12.1,4668.0,-0.061,1.743,2.7287,62.92,MEDIUM,1
2022-07-02,2022,7,183,Wheat,1116.98,2028.28,4251.32,10213.75,4601.0,10,0,25.4,17.0,20.6,5263.0,-0.043,1.816,2.3724,78.43,HIGH,2
2022-07-03,2022,7,184,Tomato,1138.22,2044.42,4084.92,9955.3,4471.0,10,1,28.2,16.6,13.8,4705.0,-0.68,1.796,2.2137,100.0,HIGH,2
2022-07-04,2022,7,185,Onion,1201.63,2126.17,4262.51,11830.54,5333.0,7,0,28.9,14.9,3.8,4784.0,0.338,1.769,2.1654,53.63,MEDIUM,1
2022-07-05,2022,7,186,Sugar,1209.78,2330.36,4865.48,12951.13,5604.0,7,0,30.0,18.6,9.0,4744.0,0.122,1.926,2.1612,54.25,MEDIUM,1
2022-07-06,2022,7,187,Milk,1094.84,1935.51,3969.06,9967.58,4534.0,7,0,24.8,13.0,1.1,4734.0,-0.515,1.768,1.9564,54.26,MEDIUM,1
2022-07-07,2022,7,188,Rice,1136.02,2134.08,4351.01,10792.66,4874.0,7,0,27.3,18.6,10.8,4738.0,-0.279,1.879,1.794,50.68,MEDIUM,1
2022-07-08,2022,7,189,Wheat,1136.77,1857.28,3569.02,8924.69,4080.0,7,0,27.1,16.5,24.8,4446.0,0.129,1.634,1.8078,45.93,MEDIUM,1
2022-07-09,2022,7,190,Tomato,1135.48,2198.79,4179.73,10417.12,4614.0,10,0,24.6,19.1,56.7,4627.0,0.017,1.936,1.8055,63.27,MEDIUM,1
2022-07-10,2022,7,191,Onion,1095.86,1880.76,3635.76,8964.07,4029.0,8,0,28.5,18.1,8.1,4614.0,-0.088,1.716,1.8188,53.86,MEDIUM,1
2022-07-11,2022,7,192,Sugar,1141.39,2045.61,4231.37,11027.34,4843.0,7,0,26.5,19.0,30.7,4736.0,-0.087,1.792,1.7726,49.38,MEDIUM,1
2022-07-12,2022,7,193,Milk,1195.25,2258.14,4480.97,10995.89,4872.0,8,0,25.8,23.4,21.6,4781.0,0.398,1.889,1.7775,52.48,MEDIUM,1
2022-07-13,2022,7,194,Rice,1114.88,1887.55,3772.76,9283.26,4199.0,7,0,26.9,22.4,1.4,4663.0,0.279,1.693,1.7645,46.7,MEDIUM,1
2022-07-14,2022,7,195,Wheat,1142.5,1983.39,3792.75,9141.9,4112.0,10,0,26.5,15.1,39.1,4773.0,-0.192,1.736,1.7945,65.61,MEDIUM,1
2022-07-15,2022,7,196,Tomato,1151.62,1984.13,4008.16,9854.19,4486.0,10,0,25.4,20.5,4.4,4760.0,0.201,1.723,1.7958,63.53,MEDIUM,1
2022-07-16,2022,7,197,Onion,1068.77,1929.2,3919.84,9844.58,4411.0,8,0,26.3,20.6,5.4,4702.0,-0.178,1.805,1.7692,54.45,MEDIUM,1
2022-07-17,2022,7,198,Sugar,1032.26,1903.39,3791.07,8701.92,3924.0,10,1,25.7,19.0,2.9,4717.0,0.203,1.844,1.6961,91.6,HIGH,2
2022-07-18,2022,7,199,Milk,1110.22,2245.48,4669.54,11259.57,4945.0,9,0,29.8,15.6,0.4,5281.0,0.023,2.023,1.722,63.52,HIGH,2
2022-07-19,2022,7,200,Rice,1120.34,1950.39,4238.62,9358.63,4258.0,9,0,27.4,18.1,1.5,4730.0,0.419,1.741,1.7705,56.76,MEDIUM,1
2022-07-20,2022,7,201,Wheat,1105.66,1944.5,4024.86,10064.68,4518.0,8,0,23.9,17.7,12.6,4703.0,-0.101,1.759,1.7976,54.5,MEDIUM,1
2022-07-21,2022,7,202,Tomato,984.94,1790.57,3643.74,9167.72,4087.0,10,0,22.5,14.2,15.9,4749.0,0.049,1.818,1.6929,62.64,MEDIUM,1
2022-07-22,2022,7,203,Onion,1069.26,2022.51,4234.21,10715.8,4845.0,7,0,27.6,17.6,4.8,4688.0,0.234,1.892,1.5023,43.24,MEDIUM,1
2022-07-23,2022,7,204,Sugar,1087.49,2066.03,4274.63,10583.35,4678.0,7,0,27.8,16.7,2.2,4722.0,0.4,1.9,1.3608,40.63,LOW,0
2022-07-24,2022,7,205,Milk,1004.22,1783.98,3435.22,8877.68,4037.0,9,0,29.1,19.4,19.9,4722.0,0.337,1.776,1.3681,51.06,MEDIUM,1
2022-07-25,2022,7,206,Rice,1017.43,1866.6,3940.53,10208.43,4529.0,7,0,28.6,17.4,2.5,4725.0,0.076,1.835,1.3758,42.51,LOW,0
2022-07-26,2022,7,207,Wheat,1045.04,1919.48,3991.34,9791.1,4423.0,10,0,27.3,18.6,6.1,4757.0,0.311,1.837,1.4114,57.19,MEDIUM,1
2022-07-27,2022,7,208,Tomato,995.74,1800.27,3879.84,9822.75,4438.0,10,1,27.2,18.7,3.3,4712.0,0.046,1.808,1.3667,87.39,HIGH,2
2022-07-28,2022,7,209,Onion,1124.8,2123.98,4493.19,11701.35,5151.0,8,0,29.8,17.1,6.6,4719.0,0.537,1.888,1.5624,47.94,MEDIUM,1
2022-07-29,2022,7,210,Sugar,1049.89,2072.16,4443.62,10217.26,4676.0,8,1,27.6,18.0,26.7,4599.0,-0.123,1.974,1.7355,82.64,HIGH,2
2022-07-30,2022,7,211,Milk,1141.37,2047.47,4218.43,10895.67,4814.0,8,0,29.6,19.0,11.7,4636.0,0.046,1.794,1.7766,52.78,MEDIUM,1
2022-07-31,2022,7,212,Rice,1052.01,1895.84,3876.01,8980.13,4106.0,9,0,25.9,20.9,7.9,4764.0,-0.21,1.802,1.8436,61.34,MEDIUM,1
2022-08-01,2022,8,213,Wheat,1004.34,1904.63,4029.25,9654.35,4360.0,7,0,25.2,13.8,0.3,4724.0,0.166,1.896,1.774,48.02,MEDIUM,1
2022-08-02,2022,8,214,Tomato,894.0,1723.98,3532.6,8971.31,4028.0,8,0,26.9,18.5,24.0,4602.0,0.156,1.928,1.5579,48.61,MEDIUM,1
2022-08-03,2022,8,215,Onion,979.16,1881.93,3506.27,9628.72,4354.0,7,1,25.6,15.2,19.3,4775.0,0.276,1.922,1.4942,73.78,MEDIUM,1
2022-08-04,2022,8,216,Sugar,964.4,1593.58,3264.84,8829.74,4078.0,8,1,27.5,19.9,19.9,4788.0,-0.109,1.652,1.3001,77.93,MEDIUM,1
2022-08-05,2022,8,217,Milk,959.12,1681.8,3207.93,6991.13,3364.0,9,0,26.3,17.8,2.9,4647.0,-0.298,1.753,1.4869,55.26,MEDIUM,1
2022-08-06,2022,8,218,Rice,1082.06,2025.48,3910.44,9936.79,4424.0,8,1,25.1,20.7,0.4,4612.0,-0.643,1.872,1.4837,81.59,MEDIUM,1
2022-08-07,2022,8,219,Wheat,999.07,1744.81,3408.22,8655.69,3941.0,10,0,27.8,13.6,10.7,4737.0,-0.121,1.746,1.4974,60.44,MEDIUM,1
2022-08-08,2022,8,220,Tomato,1033.9,1777.13,3511.12,9199.16,4128.0,9,0,27.8,16.0,26.8,5093.0,0.191,1.719,1.5194,57.77,HIGH,2
2022-08-09,2022,8,221,Onion,1087.15,2014.64,4090.86,10433.75,4643.0,9,0,26.8,16.6,11.0,4683.0,0.016,1.853,1.5115,54.42,MEDIUM,1
2022-08-10,2022,8,222,Sugar,986.38,1842.53,3332.61,9042.28,4091.0,8,0,27.7,17.9,5.3,4660.0,0.064,1.868,1.4931,48.68,LOW,0
2022-08-11,2022,8,223,Milk,1011.87,1922.24,4142.68,10479.47,4797.0,9,0,24.7,16.5,12.8,5182.0,-0.086,1.9,1.5706,60.81,HIGH,2
2022-08-12,2022,8,224,Rice,979.67,1838.46,3589.6,8693.02,4033.0,7,0,29.9,17.7,64.5,4923.0,0.751,1.877,1.5958,44.41,MEDIUM,1
2022-08-13,2022,8,225,Wheat,1045.22,1795.52,3802.01,10352.77,4643.0,10,0,29.2,14.7,21.5,4609.0,-0.294,1.718,1.6629,62.5,MEDIUM,1
2022-08-14,2022,8,226,Tomato,992.24,1796.26,3553.76,9369.63,4293.0,9,0,26.5,18.7,0.6,4820.0,0.076,1.81,1.7523,59.1,MEDIUM,1
2022-08-15,2022,8,227,Onion,947.0,1764.21,3435.37,8627.07,3854.0,7,0,28.4,15.2,2.7,4777.0,0.1,1.863,1.735,48.3,MEDIUM,1
2022-08-16,2022,8,228,Sugar,913.04,1622.35,3060.56,7458.82,3494.0,9,1,26.2,16.4,10.1,4793.0,0.149,1.777,1.7452,88.36,HIGH,2
2022-08-17,2022,8,229,Milk,914.59,1665.94,3613.11,9059.86,4163.0,9,1,27.0,20.6,0.6,4761.0,0.312,1.822,1.6427,85.69,HIGH,2
2022-08-18,2022,8,230,Rice,1058.52,1906.3,3893.84,9276.5,4262.0,10,0,30.2,17.0,2.4,4668.0,-0.119,1.801,1.7039,62.83,MEDIUM,1
2022-08-19,2022,8,231,Wheat,1090.07,1998.76,4034.3,10660.42,4718.0,7,0,26.3,17.6,27.6,5054.0,-0.334,1.834,1.7486,53.44,MEDIUM,1
2022-08-20,2022,8,232,Tomato,914.52,1568.73,3150.95,8068.48,3762.0,10,0,24.1,16.6,3.0,4619.0,0.006,1.715,1.737,62.22,MEDIUM,1
2022-08-21,2022,8,233,Onion,981.16,1716.06,3568.94,8306.13,3857.0,9,0,30.1,19.1,11.1,4615.0,0.214,1.749,1.7563,56.42,MEDIUM,1
2022-08-22,2022,8,234,Sugar,950.87,1833.57,3751.41,9789.81,4466.0,9,0,27.2,20.0,5.3,4751.0,0.203,1.928,1.7381,57.57,MEDIUM,1
2022-08-23,2022,8,235,Milk,893.46,1654.62,3405.03,8428.15,3866.0,10,0,27.0,16.8,1.9,4745.0,-0.107,1.852,1.6643,62.95,MEDIUM,1
2022-08-24,2022,8,236,Rice,940.99,1804.1,3829.5,9781.21,4457.0,9,0,29.7,12.0,24.1,4768.0,-0.3,1.917,1.6256,58.56,MEDIUM,1
2022-08-25,2022,8,237,Wheat,1030.87,1821.9,3515.53,9757.06,4435.0,8,0,26.8,17.3,3.1,4554.0,0.032,1.767,1.6309,49.84,MEDIUM,1
2022-08-26,2022,8,238,Tomato,900.55,1744.8,3264.58,8652.59,3962.0,10,0,25.9,12.6,2.4,4638.0,-0.404,1.937,1.5813,62.12,MEDIUM,1
2022-08-27,2022,8,239,Onion,859.83,1474.1,3014.67,7573.07,3568.0,9,0,28.7,23.2,15.1,4607.0,-0.12,1.714,1.5051,54.25,MEDIUM,1
2022-08-28,2022,8,240,Sugar,848.8,1453.97,2933.73,7632.2,3535.0,8,1,27.5,17.3,75.2,4704.0,0.403,1.713,1.4665,77.02,MEDIUM,1
2022-08-29,2022,8,241,Milk,923.12,1733.67,3431.26,7735.7,3540.0,7,0,28.5,18.4,64.6,4501.0,-0.092,1.878,1.5535,43.77,MEDIUM,1
2022-08-30,2022,8,242,Rice,921.59,1700.96,3270.84,8773.95,4058.0,9,1,26.5,22.6,6.4,4762.0,0.175,1.846,1.5721,85.33,HIGH,2
2022-08-31,2022,8,243,Wheat,841.52,1575.52,3077.42,8061.78,3651.0,7,0,26.5,16.4,36.1,4496.0,0.094,1.872,1.4987,41.97,LOW,0
2022-09-01,2022,9,244,Tomato,937.05,1560.85,3289.87,8043.25,3750.0,4,0,31.0,10.0,60.6,4844.0,0.08,1.666,1.5515,31.31,MEDIUM,1
2022-09-02,2022,9,245,Onion,925.56,1710.31,3380.34,7927.23,3712.0,7,0,30.3,21.6,6.1,4714.0,0.675,1.848,1.5604,42.17,MEDIUM,1
2022-09-03,2022,9,246,Sugar,944.84,1671.86,3442.1,8785.97,4042.0,4,0,28.1,13.5,10.4,4696.0,0.134,1.769,1.5576,29.65,MEDIUM,1
2022-09-04,2022,9,247,Milk,1048.15,1796.02,3497.3,9298.95,4266.0,7,0,27.3,16.5,7.3,4595.0,-0.025,1.714,1.4169,42.33,LOW,0
2022-09-05,2022,9,248,Rice,914.42,1651.05,3285.97,7617.34,3582.0,5,0,28.9,16.3,8.1,4752.0,-0.269,1.806,1.4965,36.31,LOW,0
2022-09-06,2022,9,249,Wheat,973.94,1781.62,3701.84,8748.07,3978.0,4,0,29.9,17.4,3.1,4648.0,0.028,1.829,1.5012,28.86,MEDIUM,1
2022-09-07,2022,9,250,Tomato,989.06,1813.56,3734.45,9900.44,4500.0,7,0,31.8,18.4,7.4,4820.0,0.418,1.834,1.5506,44.37,MEDIUM,1
2022-09-08,2022,9,251,Onion,871.09,1509.54,3082.27,7000.49,3380.0,6,0,28.1,18.4,5.7,4696.0,0.355,1.733,1.6481,39.91,MEDIUM,1
2022-09-09,2022,9,252,Sugar,921.84,1599.17,3462.63,8342.88,3950.0,7,0,29.8,24.5,21.9,4829.0,0.257,1.735,1.6545,46.82,MEDIUM,1
2022-09-10,2022,9,253,Milk,940.1,1566.44,3020.92,7819.86,3527.0,4,0,28.6,18.0,9.9,4693.0,0.227,1.666,1.6189,30.08,MEDIUM,1
2022-09-11,2022,9,254,Rice,946.91,1619.9,3267.53,7720.68,3592.0,5,0,27.2,22.8,10.4,5044.0,0.026,1.711,1.6584,40.19,MEDIUM,1
2022-09-12,2022,9,255,Wheat,904.36,1601.05,3245.39,7917.08,3645.0,6,0,28.8,14.5,12.3,4617.0,0.429,1.77,1.6405,38.63,MEDIUM,1
2022-09-13,2022,9,256,Tomato,957.02,1682.39,3182.57,8168.44,3715.0,5,0,27.9,16.8,7.2,4732.0,0.014,1.758,1.6433,36.9,MEDIUM,1
2022-09-14,2022,9,257,Onion,1005.2,1760.54,3261.55,8636.23,3901.0,4,0,29.9,24.8,66.5,4779.0,-0.063,1.751,1.6143,32.32,MEDIUM,1
2022-09-15,2022,9,258,Sugar,880.68,1601.14,2997.09,7223.41,3395.0,6,0,30.0,25.8,40.0,4570.0,-0.175,1.818,1.6115,40.75,MEDIUM,1
2022-09-16,2022,9,259,Milk,986.93,1628.3,3126.48,8037.73,3645.0,6,1,29.3,19.8,38.0,4499.0,0.138,1.65,1.6074,68.41,HIGH,2
2022-09-17,2022,9,260,Rice,792.05,1518.88,3052.23,8200.39,3868.0,6,0,31.2,20.2,0.4,4791.0,0.052,1.918,1.5254,40.53,MEDIUM,1
2022-09-18,2022,9,261,Wheat,927.8,1555.74,3098.04,7995.99,3695.0,5,1,29.1,23.1,57.3,4666.0,0.444,1.677,1.5171,62.2,HIGH,2
2022-09-19,2022,9,262,Tomato,911.57,1712.73,3680.86,9069.41,4137.0,6,0,29.4,23.0,1.4,4365.0,-0.107,1.879,1.5298,37.13,MEDIUM,1
2022-09-20,2022,9,263,Onion,828.84,1543.9,3055.41,7400.67,3509.0,4,0,28.1,21.9,12.5,4780.0,0.253,1.863,1.5127,29.23,MEDIUM,1
2022-09-21,2022,9,264,Sugar,907.88,1361.28,2791.09,6489.58,3123.0,7,0,26.2,12.0,6.8,4571.0,0.184,1.499,1.5733,43.39,MEDIUM,1
2022-09-22,2022,9,265,Milk,911.27,1633.64,3025.89,7924.96,3758.0,6,0,28.9,19.2,9.0,4723.0,-0.072,1.793,1.5851,41.37,MEDIUM,1
2022-09-23,2022,9,266,Rice,956.12,1685.13,3285.47,7814.05,3648.0,4,0,28.1,14.3,3.9,4787.0,0.288,1.762,1.4869,28.73,LOW,0
2022-09-24,2022,9,267,Wheat,809.21,1467.25,2885.68,6878.78,3290.0,6,0,31.0,18.0,15.6,4818.0,-0.047,1.813,1.4342,39.93,LOW,0
2022-09-25,2022,9,268,Tomato,822.19,1493.19,3151.45,8221.4,3815.0,4,0,29.2,17.2,8.0,4635.0,-0.003,1.816,1.3589,26.75,LOW,0
2022-09-26,2022,9,269,Onion,843.64,1503.23,3000.37,7729.31,3586.0,5,0,31.3,14.1,1.1,4468.0,-0.132,1.782,1.3392,30.43,LOW,0
2022-09-27,2022,9,270,Sugar,846.23,1655.42,3107.97,7820.19,3648.0,7,0,29.0,17.6,2.2,4812.0,0.283,1.956,1.3306,41.66,LOW,0
2022-09-28,2022,9,271,Milk,772.38,1416.94,2803.66,7376.37,3604.0,7,0,28.0,20.3,5.9,4649.0,0.402,1.835,1.2364,38.03,LOW,0
2022-09-29,2022,9,272,Rice,863.12,1546.93,2928.81,7279.64,3437.0,5,0,27.4,17.4,10.5,4699.0,0.037,1.792,1.2307,30.27,LOW,0
2022-09-30,2022,9,273,Wheat,894.71,1519.94,2933.02,8147.28,3793.0,4,0,29.3,12.8,0.6,4607.0,0.581,1.699,1.2539,21.97,LOW,0
2022-10-01,2022,10,274,Tomato,917.63,1762.23,3802.14,9513.92,4347.0,6,0,34.0,8.3,2.3,4694.0,-0.347,1.92,1.3396,38.77,LOW,0
2022-10-02,2022,10,275,Onion,1036.49,1931.41,3802.21,9954.99,4450.0,7,0,32.6,7.1,1.6,4526.0,0.499,1.863,1.3771,38.42,LOW,0
2022-10-03,2022,10,276,Sugar,1057.65,1884.35,3903.29,10294.76,4563.0,9,0,29.8,11.4,2.0,4473.0,0.248,1.782,1.4104,49.65,MEDIUM,1
2022-10-04,2022,10,277,Milk,965.81,1714.65,3492.72,8685.42,3991.0,6,0,33.2,11.0,1.2,4690.0,0.093,1.775,1.4523,38.22,LOW,0
2022-10-05,2022,10,278,Rice,1071.63,1937.89,3991.71,9511.98,4296.0,9,0,33.2,8.4,0.3,4642.0,-0.293,1.808,1.3806,53.59,MEDIUM,1
2022-10-06,2022,10,279,Wheat,1012.46,1917.16,4008.93,10327.34,4675.0,8,0,32.4,9.4,0.2,4850.0,0.507,1.894,1.4561,47.81,LOW,0
2022-10-07,2022,10,280,Tomato,915.13,1665.67,2993.83,7210.31,3439.0,7,1,33.6,10.0,6.0,4555.0,0.396,1.82,1.442,70.2,MEDIUM,1
2022-10-08,2022,10,281,Onion,958.11,1702.51,3264.63,7650.33,3564.0,6,0,32.5,11.9,4.8,4621.0,0.001,1.777,1.4162,37.45,LOW,0
2022-10-09,2022,10,282,Sugar,963.4,1792.78,3563.93,8760.19,3952.0,9,0,31.7,7.9,4.4,4489.0,0.016,1.861,1.416,51.05,MEDIUM,1
2022-10-10,2022,10,283,Milk,965.03,1899.69,3497.21,8059.5,3757.0,8,0,33.9,10.7,2.7,4515.0,0.673,1.969,1.4061,42.88,LOW,0
2022-10-11,2022,10,284,Rice,951.81,1678.53,3537.86,8920.22,4061.0,7,0,34.6,4.9,0.6,4597.0,0.175,1.764,1.4046,41.16,LOW,0
2022-10-12,2022,10,285,Wheat,987.83,1702.72,3314.56,7918.65,3713.0,7,0,31.7,4.0,1.0,4501.0,-0.02,1.724,1.393,41.0,LOW,0
2022-10-13,2022,10,286,Tomato,926.97,1687.92,3509.48,8532.84,3922.0,7,0,31.0,15.0,4.8,5145.0,0.337,1.821,1.3958,45.7,MEDIUM,1
2022-10-14,2022,10,287,Onion,905.14,1537.45,3301.73,8226.75,3864.0,6,0,34.5,4.2,2.3,4951.0,-0.662,1.699,1.4168,44.07,LOW,0
2022-10-15,2022,10,288,Sugar,843.05,1513.16,3079.87,7214.34,3431.0,8,0,31.2,11.4,0.5,4586.0,0.069,1.795,1.3977,46.48,LOW,0
2022-10-16,2022,10,289,Milk,896.24,1744.24,3823.16,9319.09,4155.0,8,0,30.8,4.6,0.9,4582.0,0.179,1.946,1.4317,46.4,LOW,0
2022-10-17,2022,10,290,Rice,882.83,1531.74,2961.88,6915.93,3276.0,8,0,32.3,5.8,4.1,4463.0,0.015,1.735,1.5574,47.92,MEDIUM,1
2022-10-18,2022,10,291,Wheat,862.8,1599.33,3139.63,8178.61,3748.0,9,0,31.1,8.0,0.9,4494.0,0.409,1.854,1.5369,50.95,MEDIUM,1
2022-10-19,2022,10,292,Tomato,960.32,1744.48,3323.1,8273.06,3774.0,8,0,28.7,7.8,3.4,4445.0,0.876,1.817,1.5176,42.83,MEDIUM,1
2022-10-20,2022,10,293,Onion,914.63,1573.09,3083.97,8021.11,3766.0,8,0,29.4,12.9,13.6,4445.0,0.264,1.72,1.5419,46.26,MEDIUM,1
2022-10-21,2022,10,294,Sugar,965.84,1776.48,3352.64,9366.7,4283.0,7,0,29.9,12.8,0.8,4562.0,0.076,1.839,1.4628,42.18,LOW,0
2022-10-22,2022,10,295,Milk,879.5,1509.32,3074.8,7288.89,3469.0,6,0,31.3,12.6,1.9,4452.0,0.36,1.716,1.4815,34.94,LOW,0
2022-10-23,2022,10,296,Rice,927.43,1713.01,3514.42,9152.76,4214.0,8,0,30.4,13.6,6.2,4419.0,-0.281,1.847,1.4884,47.92,LOW,0
2022-10-24,2022,10,297,Wheat,835.91,1516.01,2847.64,6832.95,3216.0,7,1,29.1,6.3,3.1,4476.0,0.204,1.814,1.5202,71.54,HIGH,2
2022-10-25,2022,10,298,Tomato,929.85,1784.04,3693.81,9593.36,4237.0,7,0,32.4,5.5,4.1,4575.0,0.232,1.919,1.6132,43.79,MEDIUM,1
2022-10-26,2022,10,299,Onion,882.7,1452.44,2772.75,6515.31,3142.0,7,0,30.1,10.2,2.4,4597.0,0.039,1.645,1.7366,46.82,MEDIUM,1
2022-10-27,2022,10,300,Sugar,925.33,1770.53,3511.48,9074.59,4203.0,6,0,33.1,9.0,0.2,4568.0,0.097,1.913,1.7824,41.93,MEDIUM,1
2022-10-28,2022,10,301,Milk,889.77,1657.13,3229.93,7616.95,3571.0,6,0,34.5,12.2,1.0,4567.0,0.151,1.862,1.9693,44.45,MEDIUM,1
2022-10-29,2022,10,302,Rice,855.74,1484.11,3108.55,7741.76,3594.0,7,0,32.4,9.1,1.4,4568.0,0.336,1.734,1.9292,47.94,MEDIUM,1
2022-10-30,2022,10,303,Wheat,965.79,1711.22,3377.86,9034.72,4072.0,8,0,32.0,6.4,2.3,4935.0,0.427,1.772,1.9403,56.32,MEDIUM,1
2022-10-31,2022,10,304,Tomato,938.52,1700.48,3588.31,8494.79,3854.0,8,0,31.1,11.4,2.0,4471.0,-0.234,1.812,1.9168,54.63,MEDIUM,1
2022-11-01,2022,11,305,Onion,880.16,1507.16,3072.81,7764.72,3602.0,6,0,27.1,9.8,0.2,4980.0,-0.107,1.712,1.9318,49.31,MEDIUM,1
2022-11-02,2022,11,306,Sugar,879.79,1589.27,3579.76,9108.7,4281.0,9,0,24.9,8.4,2.5,4453.0,-0.161,1.806,1.9737,59.94,MEDIUM,1
2022-11-03,2022,11,307,Milk,867.67,1515.2,2942.32,7356.17,3456.0,6,0,28.0,13.0,1.9,4473.0,0.334,1.746,1.9897,42.91,MEDIUM,1
2022-11-04,2022,11,308,Rice,947.33,1761.07,3618.47,9622.79,4339.0,6,0,28.0,7.7,0.3,4661.0,0.119,1.859,2.339,51.1,MEDIUM,1
2022-11-05,2022,11,309,Wheat,838.18,1539.04,2769.42,6949.89,3276.0,6,0,29.2,7.2,5.6,4723.0,-0.011,1.836,2.2995,51.78,MEDIUM,1
2022-11-06,2022,11,310,Tomato,877.33,1588.11,3264.88,8094.56,3804.0,9,0,29.4,11.3,5.8,4506.0,0.072,1.81,2.2204,63.01,MEDIUM,1
2022-11-07,2022,11,311,Onion,804.14,1329.73,2691.72,6539.9,3208.0,6,0,29.3,9.1,9.4,4627.0,0.172,1.654,2.1801,48.11,MEDIUM,1
2022-11-08,2022,11,312,Sugar,827.03,1490.69,3081.25,7796.99,3659.0,7,0,27.6,8.7,9.3,4654.0,0.728,1.802,2.1316,49.87,MEDIUM,1
2022-11-09,2022,11,313,Milk,950.25,1869.69,3713.25,9521.39,4281.0,8,0,27.8,13.0,1.1,4683.0,0.434,1.968,2.2267,58.06,MEDIUM,1
2022-11-10,2022,11,314,Rice,791.83,1434.55,2782.35,7166.06,3360.0,9,0,26.7,7.7,2.9,4605.0,-0.257,1.812,2.114,64.04,MEDIUM,1
2022-11-11,2022,11,315,Wheat,912.45,1665.09,3348.17,8353.66,3848.0,6,0,26.6,10.0,1.2,4367.0,-0.193,1.825,2.2406,48.24,MEDIUM,1
2022-11-12,2022,11,316,Tomato,817.53,1427.72,2726.77,6738.48,3225.0,9,0,28.1,9.4,3.8,4557.0,0.198,1.746,2.2477,63.3,MEDIUM,1
2022-11-13,2022,11,317,Onion,775.51,1365.07,3012.59,7461.72,3507.0,8,0,28.2,15.5,0.6,4646.0,0.591,1.76,2.0817,54.73,MEDIUM,1
2022-11-14,2022,11,318,Sugar,819.03,1388.42,2723.06,7053.76,3317.0,7,0,30.7,11.3,38.0,4715.0,0.026,1.695,2.0594,52.91,MEDIUM,1
2022-11-15,2022,11,319,Milk,920.87,1588.86,3376.04,8427.64,3850.0,6,0,31.5,12.6,0.5,4598.0,0.117,1.725,1.9991,45.38,MEDIUM,1
2022-11-16,2022,11,320,Rice,845.71,1631.79,3412.27,8464.21,3864.0,9,0,26.5,7.5,11.2,4584.0,0.252,1.929,1.929,58.52,MEDIUM,1
2022-11-17,2022,11,321,Wheat,880.96,1565.28,2780.74,7201.15,3388.0,9,1,25.6,8.7,8.3,4763.0,-0.067,1.777,1.9677,92.48,HIGH,2
2022-11-18,2022,11,322,Tomato,933.12,1751.92,3595.07,8775.04,4051.0,8,0,29.1,4.9,9.9,4684.0,0.301,1.877,2.021,55.65,MEDIUM,1
2022-11-19,2022,11,323,Onion,779.83,1494.8,3027.64,7878.26,3649.0,7,0,26.1,12.0,3.7,4494.0,-0.472,1.917,1.9107,50.96,MEDIUM,1
2022-11-20,2022,11,324,Sugar,842.73,1452.03,2625.46,6062.25,2875.0,7,0,28.2,8.4,3.2,4571.0,0.487,1.723,2.0688,49.31,MEDIUM,1
2022-11-21,2022,11,325,Milk,891.68,1612.29,3390.57,8298.33,3854.0,7,0,29.0,11.3,0.2,4749.0,0.04,1.808,2.0473,53.0,MEDIUM,1
2022-11-22,2022,11,326,Rice,739.01,1336.35,2787.72,6690.69,3187.0,7,0,26.7,4.4,2.1,4647.0,0.281,1.808,1.8966,48.51,MEDIUM,1
2022-11-23,2022,11,327,Wheat,840.96,1417.26,2780.26,6896.44,3241.0,9,0,26.8,14.6,13.2,4717.0,-0.069,1.685,1.8952,60.94,MEDIUM,1
2022-11-24,2022,11,328,Tomato,873.8,1447.81,2963.02,7007.53,3266.0,8,0,29.4,16.4,1.2,4615.0,0.02,1.657,1.8676,54.06,MEDIUM,1
2022-11-25,2022,11,329,Onion,836.67,1529.57,2828.29,7077.28,3271.0,9,0,29.0,10.8,5.3,4562.0,-0.138,1.828,1.8145,58.53,MEDIUM,1
2022-11-26,2022,11,330,Sugar,866.62,1552.27,3074.17,8205.23,3843.0,8,0,28.8,8.4,0.7,4701.0,0.008,1.791,1.7998,53.97,MEDIUM,1
2022-11-27,2022,11,331,Milk,926.99,1636.12,3343.62,8144.58,3807.0,9,0,26.6,14.7,1.7,4677.0,0.451,1.765,1.7699,56.06,MEDIUM,1
2022-11-28,2022,11,332,Rice,865.58,1584.95,3042.28,7658.39,3604.0,7,0,26.6,6.8,3.3,4646.0,0.009,1.831,1.7724,48.0,MEDIUM,1
2022-11-29,2022,11,333,Wheat,795.74,1450.07,3019.81,7463.58,3523.0,6,0,24.8,9.4,3.7,4515.0,0.376,1.822,1.7784,39.95,MEDIUM,1
2022-11-30,2022,11,334,Tomato,840.77,1435.52,2944.36,7001.23,3370.0,7,0,26.9,7.1,7.6,4634.0,-0.033,1.707,1.8475,49.22,MEDIUM,1
2022-12-01,2022,12,335,Onion,685.85,1234.84,2526.89,5942.51,2879.0,7,0,24.8,8.5,0.3,4751.0,-0.497,1.8,1.7034,50.55,MEDIUM,1
2022-12-02,2022,12,336,Sugar,728.39,1269.17,2619.55,6231.96,2968.0,4,0,25.3,3.5,1.4,4770.0,0.1,1.742,1.6051,31.28,MEDIUM,1
2022-12-03,2022,12,337,Milk,780.55,1410.32,2671.07,6360.02,3006.0,4,0,24.5,9.9,0.5,4684.0,-0.095,1.807,1.6271,31.72,MEDIUM,1
2022-12-04,2022,12,338,Rice,689.36,1250.1,2460.66,6493.79,3096.0,6,0,25.8,5.2,0.9,4643.0,-0.349,1.813,1.455,40.0,LOW,0
2022-12-05,2022,12,339,Wheat,697.9,1191.36,2380.26,5836.28,2756.0,7,0,24.1,9.8,0.4,4702.0,0.287,1.707,1.4333,42.08,LOW,0
2022-12-06,2022,12,340,Tomato,680.28,1189.76,2193.64,5556.56,2694.0,4,0,24.9,16.1,0.7,4453.0,-0.133,1.749,1.4272,26.6,LOW,0
2022-12-07,2022,12,341,Onion,785.97,1378.83,2670.06,7160.99,3402.0,7,1,24.5,7.3,0.5,4592.0,0.106,1.754,1.4039,71.45,MEDIUM,1
2022-12-08,2022,12,342,Sugar,742.2,1362.23,2895.03,7194.86,3327.0,4,0,24.4,9.0,0.5,5004.0,0.339,1.835,1.3727,28.94,MEDIUM,1
2022-12-09,2022,12,343,Milk,668.34,1212.83,2646.24,6363.19,3088.0,6,0,25.1,14.0,1.5,4686.0,0.392,1.815,1.2448,33.57,LOW,0
2022-12-10,2022,12,344,Rice,697.19,1170.22,2344.65,5659.66,2753.0,4,0,24.3,9.6,0.2,4706.0,0.108,1.678,1.2692,25.56,LOW,0
2022-12-11,2022,12,345,Wheat,661.16,1182.65,2367.71,6290.04,3068.0,5,0,26.9,7.0,0.1,4720.0,0.029,1.789,1.2195,30.35,LOW,0
2022-12-12,2022,12,346,Tomato,722.12,1392.95,2952.7,7220.01,3431.0,6,0,22.3,14.2,0.1,5093.0,-0.31,1.929,1.1951,40.41,MEDIUM,1
2022-12-13,2022,12,347,Onion,661.53,1228.78,2422.71,5928.35,2862.0,6,0,26.7,15.4,0.5,4330.0,0.071,1.857,1.178,30.62,LOW,0
2022-12-14,2022,12,348,Sugar,733.47,1324.7,2575.99,6203.94,3008.0,4,0,25.1,7.8,0.1,4706.0,0.458,1.806,1.1883,22.59,LOW,0
2022-12-15,2022,12,349,Milk,716.8,1304.37,2636.43,5965.41,2893.0,6,0,25.7,8.4,0.2,4829.0,-0.022,1.82,1.2016,36.42,LOW,0
2022-12-16,2022,12,350,Rice,694.01,1250.92,2416.36,6362.37,2940.0,7,0,27.1,9.6,0.0,4577.0,-0.057,1.802,1.1394,38.15,LOW,0
2022-12-17,2022,12,351,Wheat,598.93,1109.32,2198.24,5280.52,2593.0,4,0,23.3,12.2,0.4,4610.0,0.581,1.852,1.1467,20.4,LOW,0
2022-12-18,2022,12,352,Tomato,582.89,1007.73,2066.07,5204.6,2608.0,5,0,24.8,7.0,0.1,4987.0,0.261,1.729,1.0963,30.01,LOW,0
2022-12-19,2022,12,353,Onion,718.28,1272.07,2493.63,6294.35,3065.0,5,0,25.6,9.0,0.0,4604.0,0.782,1.771,1.0628,23.07,LOW,0
2022-12-20,2022,12,354,Sugar,640.58,1230.14,2607.06,6429.66,3087.0,4,0,25.5,10.0,0.3,4703.0,-0.028,1.92,1.0377,22.74,LOW,0
2022-12-21,2022,12,355,Milk,781.45,1452.84,2968.07,7364.18,3545.0,5,0,23.0,11.0,0.2,4749.0,0.344,1.859,1.0209,26.08,LOW,0
2022-12-22,2022,12,356,Rice,812.58,1483.65,2990.74,7285.87,3335.0,4,0,26.1,12.1,0.7,4773.0,-0.236,1.826,1.0234,24.26,LOW,0
2022-12-23,2022,12,357,Wheat,737.87,1334.36,2606.02,6519.36,3157.0,4,0,23.4,10.3,0.5,4710.0,-0.193,1.808,1.0418,23.69,LOW,0
2022-12-24,2022,12,358,Tomato,748.21,1451.41,3147.05,7738.37,3573.0,7,0,28.8,10.1,0.2,4514.0,0.582,1.94,1.1146,33.95,LOW,0
2022-12-25,2022,12,359,Onion,770.48,1285.22,2759.45,7403.81,3547.0,7,1,24.0,14.2,0.0,4615.0,-0.042,1.668,1.1491,68.6,MEDIUM,1
2022-12-26,2022,12,360,Sugar,668.28,1223.89,2662.83,6904.58,3313.0,5,0,23.3,5.4,0.7,4594.0,0.265,1.831,1.1159,26.35,LOW,0
2022-12-27,2022,12,361,Milk,735.52,1449.72,3037.29,7690.23,3546.0,5,0,25.8,12.2,0.5,4832.0,-0.204,1.971,1.2311,32.81,LOW,0
2022-12-28,2022,12,362,Rice,754.51,1379.75,2643.17,6237.71,2977.0,7,1,25.4,9.5,0.3,4843.0,-0.251,1.829,1.2971,74.14,MEDIUM,1
2022-12-29,2022,12,363,Wheat,724.36,1268.73,2773.77,7067.72,3368.0,7,0,25.5,8.6,0.4,4767.0,-0.173,1.752,1.3082,43.16,LOW,0
2022-12-30,2022,12,364,Tomato,786.83,1430.87,2896.52,7298.17,3339.0,7,0,23.9,8.2,0.0,4805.0,0.321,1.819,1.3998,42.44,LOW,0
2022-12-31,2022,12,365,Onion,783.38,1427.31,2912.23,6903.58,3270.0,4,1,24.4,5.0,2.1,4632.0,-0.208,1.822,1.3596,57.75,MEDIUM,1
2023-01-01,2023,1,1,Sugar,751.83,1339.9,2729.23,6826.88,3278.0,7,0,24.2,8.1,0.2,4834.0,-0.031,1.782,1.3473,43.7,LOW,0
2023-01-02,2023,1,2,Milk,732.39,1248.62,2447.99,6280.6,3134.0,4,0,23.8,8.5,0.0,4841.0,0.393,1.705,1.3757,27.08,LOW,0
2023-01-03,2023,1,3,Rice,804.6,1451.31,2732.41,7258.85,3316.0,4,0,25.4,5.4,0.1,4714.0,-0.169,1.804,1.3495,28.23,LOW,0
2023-01-04,2023,1,4,Wheat,684.91,1163.37,2205.75,5537.35,2751.0,6,0,25.6,5.9,0.4,4880.0,0.49,1.699,1.3703,36.9,LOW,0
2023-01-05,2023,1,5,Tomato,655.63,1249.5,2510.68,6394.81,3118.0,6,0,22.7,13.8,0.6,5010.0,-0.092,1.906,1.2978,40.03,MEDIUM,1
2023-01-06,2023,1,6,Onion,766.03,1462.57,2859.25,7090.77,3258.0,7,0,25.8,12.7,1.4,5137.0,-0.261,1.909,1.3092,47.31,MEDIUM,1
2023-01-07,2023,1,7,Sugar,729.15,1284.49,2493.69,6317.25,3048.0,6,0,25.7,9.1,0.1,4881.0,0.444,1.762,1.3037,36.15,LOW,0
2023-01-08,2023,1,8,Milk,835.02,1400.42,2647.34,6862.99,3268.0,5,0,27.8,11.7,0.3,5005.0,0.061,1.677,1.245,33.42,MEDIUM,1
2023-01-09,2023,1,9,Rice,757.06,1326.99,2826.52,6284.52,2939.0,5,0,25.9,8.4,0.0,5071.0,-0.169,1.753,1.2056,34.64,MEDIUM,1
2023-01-10,2023,1,10,Wheat,773.75,1404.39,2713.1,6747.01,3232.0,7,0,24.4,11.7,0.5,4956.0,0.097,1.815,1.2168,42.33,LOW,0
2023-01-11,2023,1,11,Tomato,815.48,1566.47,2896.73,7095.56,3268.0,6,0,25.8,4.8,0.2,5113.0,-0.092,1.921,1.1764,39.24,MEDIUM,1
2023-01-12,2023,1,12,Onion,815.11,1370.04,2804.5,6663.94,3134.0,6,0,23.8,9.8,0.2,4937.0,0.759,1.681,1.1502,32.83,LOW,0
2023-01-13,2023,1,13,Sugar,818.0,1559.99,2980.16,7276.75,3372.0,5,0,26.6,7.1,0.5,5046.0,0.33,1.907,1.1245,30.68,MEDIUM,1
2023-01-14,2023,1,14,Milk,729.11,1382.06,2776.79,6272.22,2939.0,6,0,24.5,7.0,0.1,4956.0,0.557,1.896,1.1092,33.41,LOW,0
2023-01-15,2023,1,15,Rice,857.2,1552.79,3226.92,8389.92,3832.0,5,0,25.4,10.1,1.2,4869.0,-0.158,1.811,1.1702,32.03,LOW,0
2023-01-16,2023,1,16,Wheat,765.5,1348.8,2585.63,6224.96,2971.0,4,0,24.8,4.8,0.9,4968.0,0.509,1.762,1.1998,25.13,LOW,0
2023-01-17,2023,1,17,Tomato,772.25,1343.86,2670.88,6541.94,3065.0,6,0,25.8,8.6,0.5,4918.0,0.246,1.74,1.2598,36.85,LOW,0
2023-01-18,2023,1,18,Onion,852.74,1491.21,2876.8,6715.28,3194.0,7,0,23.4,6.3,0.1,4999.0,-0.27,1.749,1.1942,44.25,LOW,0
2023-01-19,2023,1,19,Sugar,810.09,1420.34,2694.72,6565.32,3073.0,7,0,23.5,9.6,1.5,4931.0,0.584,1.753,1.304,40.95,LOW,0
2023-01-20,2023,1,20,Milk,823.75,1542.92,3143.3,7695.06,3553.0,7,0,21.3,8.1,0.0,5356.0,0.516,1.873,1.3073,45.59,MEDIUM,1
2023-01-21,2023,1,21,Rice,746.8,1400.46,2797.61,7402.32,3464.0,6,0,24.7,10.0,1.5,4924.0,-0.056,1.875,1.3238,39.38,LOW,0
2023-01-22,2023,1,22,Wheat,957.83,1846.34,3959.57,10145.43,4591.0,5,0,22.6,13.1,0.0,4731.0,-0.171,1.928,1.5299,36.11,MEDIUM,1
2023-01-23,2023,1,23,Tomato,841.16,1443.43,2928.55,7507.67,3522.0,7,0,25.5,4.7,0.2,5511.0,0.623,1.716,1.502,49.52,MEDIUM,1
2023-01-24,2023,1,24,Onion,806.9,1473.09,2951.21,7221.31,3446.0,5,0,24.3,11.2,0.9,4763.0,-0.09,1.826,1.4958,35.52,LOW,0
2023-01-25,2023,1,25,Sugar,800.69,1473.85,3044.15,8022.77,3669.0,5,0,23.7,16.0,0.5,4980.0,-0.137,1.841,1.6273,39.89,MEDIUM,1
2023-01-26,2023,1,26,Milk,905.44,1634.97,3704.37,9539.56,4265.0,6,0,22.8,11.7,0.2,4852.0,-0.029,1.806,1.7347,44.69,MEDIUM,1
2023-01-27,2023,1,27,Rice,746.04,1307.97,2801.83,6506.35,3081.0,4,0,25.2,12.6,0.8,5158.0,0.512,1.753,1.7144,34.74,MEDIUM,1
2023-01-28,2023,1,28,Wheat,745.29,1302.77,2533.16,6132.52,2878.0,7,0,24.9,9.0,2.7,5074.0,0.239,1.748,1.7702,51.1,MEDIUM,1
2023-01-29,2023,1,29,Tomato,819.58,1509.15,3085.28,8165.33,3849.0,4,0,23.8,5.8,0.6,5036.0,0.151,1.841,1.7947,36.53,MEDIUM,1
2023-01-30,2023,1,30,Onion,844.53,1470.87,3225.86,8554.94,3961.0,6,0,22.9,13.2,0.6,4912.0,0.287,1.742,1.8252,45.06,MEDIUM,1
2023-01-31,2023,1,31,Sugar,875.14,1695.57,3655.65,8605.16,3980.0,6,0,23.7,12.5,0.2,4905.0,0.165,1.937,1.838,45.8,MEDIUM,1
2023-02-01,2023,2,32,Milk,782.16,1418.96,2663.98,6674.59,3158.0,5,0,27.7,8.5,0.3,5013.0,0.135,1.814,1.8537,42.26,MEDIUM,1
2023-02-02,2023,2,33,Rice,958.29,1753.91,3591.93,9212.43,4294.0,5,0,26.9,9.8,0.6,5089.0,0.538,1.83,1.7729,39.79,MEDIUM,1
2023-02-03,2023,2,34,Wheat,883.74,1646.99,2894.72,7884.84,3616.0,5,0,26.1,7.4,0.8,4982.0,0.247,1.864,1.7528,39.88,MEDIUM,1
2023-02-04,2023,2,35,Tomato,984.72,1867.18,3746.91,9173.15,4160.0,5,0,26.8,12.3,0.1,4981.0,0.223,1.896,1.7874,40.51,MEDIUM,1
2023-02-05,2023,2,36,Onion,847.26,1529.91,3042.81,7844.81,3679.0,4,0,26.1,8.8,0.6,4855.0,0.037,1.806,1.8045,35.43,MEDIUM,1
2023-02-06,2023,2,37,Sugar,791.16,1390.24,2713.05,6249.91,3067.0,6,0,28.2,5.9,0.8,5051.0,-0.132,1.757,1.8718,49.25,MEDIUM,1
2023-02-07,2023,2,38,Milk,903.56,1677.41,3371.35,8262.12,3922.0,6,0,26.6,14.8,1.4,5417.0,0.503,1.856,1.827,49.06,MEDIUM,1
2023-02-08,2023,2,39,Rice,914.73,1641.83,3020.62,7693.63,3657.0,6,0,26.8,5.9,0.4,5044.0,0.457,1.795,1.7742,44.77,MEDIUM,1
2023-02-09,2023,2,40,Wheat,969.87,1723.54,3499.02,9237.55,4213.0,7,1,23.3,9.3,1.0,4866.0,0.24,1.777,1.7277,78.38,HIGH,2
2023-02-10,2023,2,41,Tomato,902.87,1583.17,2855.51,6941.65,3245.0,6,0,24.5,11.4,0.7,5064.0,0.16,1.753,1.7206,45.65,MEDIUM,1
2023-02-11,2023,2,42,Onion,883.19,1519.87,2969.0,7772.14,3615.0,5,0,24.7,3.1,0.2,4971.0,0.728,1.721,1.6888,36.4,MEDIUM,1
2023-02-12,2023,2,43,Sugar,908.34,1609.43,2999.99,7467.47,3487.0,6,0,26.5,9.6,0.0,4905.0,0.168,1.772,1.6732,43.31,MEDIUM,1
2023-02-13,2023,2,44,Milk,876.88,1628.69,3532.67,8199.54,3748.0,6,0,25.6,13.3,0.1,4921.0,0.478,1.857,1.7041,42.38,MEDIUM,1
2023-02-14,2023,2,45,Rice,942.03,1708.3,3494.21,8308.32,3882.0,5,0,26.5,9.3,0.1,4959.0,0.552,1.813,1.6615,36.75,MEDIUM,1
2023-02-15,2023,2,46,Wheat,952.0,1638.6,3193.67,8182.25,3675.0,4,0,24.1,11.5,0.1,4980.0,0.315,1.721,1.6008,32.24,MEDIUM,1
2023-02-16,2023,2,47,Tomato,996.89,1874.58,3799.28,9356.72,4288.0,4,0,27.1,11.0,0.3,5293.0,0.523,1.88,1.5627,33.76,MEDIUM,1
2023-02-17,2023,2,48,Onion,909.57,1573.52,3121.59,7807.93,3570.0,6,0,26.6,14.4,0.2,5098.0,-0.099,1.73,1.5157,44.21,MEDIUM,1
2023-02-18,2023,2,49,Sugar,922.97,1659.38,3209.58,8424.76,3883.0,4,0,26.5,11.2,0.5,4784.0,0.45,1.798,1.471,27.66,LOW,0
2023-02-19,2023,2,50,Milk,869.77,1609.41,3276.78,7684.6,3617.0,4,0,28.3,11.7,0.1,4955.0,0.216,1.85,1.4867,30.77,LOW,0
2023-02-20,2023,2,51,Rice,964.48,1653.1,3308.58,8070.9,3730.0,7,0,25.9,7.4,1.4,5068.0,0.293,1.714,1.5398,47.31,MEDIUM,1
2023-02-21,2023,2,52,Wheat,949.52,1738.08,3539.63,8486.18,3912.0,5,0,28.0,10.5,0.2,5117.0,0.632,1.83,1.4272,34.42,MEDIUM,1
2023-02-22,2023,2,53,Tomato,930.89,1735.12,3568.39,8936.34,4054.0,5,0,26.4,8.2,1.6,4947.0,0.428,1.864,1.4421,33.96,LOW,0
2023-02-23,2023,2,54,Onion,933.49,1729.55,3214.71,7824.7,3540.0,4,0,25.9,3.2,0.4,5006.0,0.313,1.853,1.4508,30.26,MEDIUM,1
2023-02-24,2023,2,55,Sugar,929.15,1618.56,3030.17,7614.01,3515.0,6,0,25.9,14.3,0.4,4944.0,-0.315,1.742,1.5062,43.61,MEDIUM,1
2023-02-25,2023,2,56,Milk,971.5,1652.77,3218.01,8106.5,3803.0,5,0,26.5,9.7,0.0,5000.0,0.713,1.701,1.4094,32.58,LOW,0
2023-02-26,2023,2,57,Rice,1006.5,1884.48,3602.0,9340.55,4196.0,5,0,24.5,8.9,0.4,4965.0,0.533,1.872,1.4601,33.89,LOW,0
2023-02-27,2023,2,58,Wheat,1018.26,1822.82,3513.18,8348.35,3922.0,6,0,26.6,10.8,0.2,4918.0,0.031,1.79,1.4098,40.17,LOW,0
2023-02-28,2023,2,59,Tomato,1048.79,1822.98,3540.53,9758.44,4352.0,4,0,24.5,7.9,0.1,4975.0,0.043,1.738,1.4669,31.54,LOW,0
2023-03-01,2023,3,60,Onion,947.59,1687.79,3215.72,7840.24,3662.0,4,0,29.3,16.4,1.6,4891.0,0.416,1.781,1.516,29.57,MEDIUM,1
2023-03-02,2023,3,61,Sugar,974.8,1787.99,3450.04,8709.9,4006.0,7,0,28.6,14.5,0.1,5005.0,0.57,1.834,1.5284,45.13,MEDIUM,1
2023-03-03,2023,3,62,Milk,990.56,1801.48,3379.21,8784.56,4046.0,4,0,30.3,13.7,1.0,4798.0,-0.138,1.819,1.5959,32.61,MEDIUM,1
2023-03-04,2023,3,63,Rice,1084.72,1910.82,3453.12,8784.28,3968.0,5,0,30.0,5.4,0.5,4880.0,0.359,1.762,1.4115,33.18,LOW,0
2023-03-05,2023,3,64,Wheat,1015.13,1834.37,3282.77,7881.95,3723.0,6,0,31.0,11.7,0.2,4733.0,0.01,1.807,1.4063,38.37,LOW,0
2023-03-06,2023,3,65,Tomato,1047.9,1736.25,3342.62,7640.59,3536.0,6,0,31.7,9.9,0.4,4790.0,-0.245,1.657,1.3382,39.2,LOW,0
2023-03-07,2023,3,66,Onion,1109.84,1969.55,3834.65,9543.38,4353.0,7,0,27.4,2.9,0.3,5224.0,0.021,1.775,1.3302,47.09,MEDIUM,1
2023-03-08,2023,3,67,Sugar,1043.99,1962.24,4111.7,10416.28,4656.0,7,0,30.6,13.6,0.7,4778.0,0.223,1.88,1.4487,43.4,LOW,0
2023-03-09,2023,3,68,Milk,1036.18,1808.97,3840.3,9489.85,4294.0,4,0,31.3,10.7,0.5,4846.0,0.942,1.746,1.4891,26.09,LOW,0
2023-03-10,2023,3,69,Rice,1035.57,1935.75,3803.02,9546.5,4384.0,5,0,32.1,10.1,0.4,4781.0,0.46,1.869,1.5011,33.03,MEDIUM,1
2023-03-11,2023,3,70,Wheat,1005.95,1753.64,3358.3,8107.23,3840.0,5,0,30.8,12.4,0.6,4955.0,-0.021,1.743,1.4842,36.92,LOW,0
2023-03-12,2023,3,71,Tomato,1104.8,2114.45,4283.04,10527.18,4706.0,7,0,31.4,13.8,0.1,4717.0,-0.022,1.914,1.4681,44.3,LOW,0
2023-03-13,2023,3,72,Onion,1146.0,1987.13,3891.28,9306.63,4112.0,5,0,31.3,13.3,0.1,4803.0,0.105,1.734,1.3824,33.24,LOW,0
2023-03-14,2023,3,73,Sugar,1113.9,2078.18,4157.49,9631.63,4352.0,4,0,31.8,8.0,0.5,4784.0,0.423,1.866,1.3296,25.67,LOW,0
2023-03-15,2023,3,74,Milk,1043.24,1873.99,3525.72,8731.96,4029.0,5,0,28.3,9.3,0.5,5314.0,0.426,1.796,1.3876,36.82,MEDIUM,1
2023-03-16,2023,3,75,Rice,1016.04,1910.15,3629.64,9062.6,4190.0,6,0,27.6,9.5,0.2,4846.0,0.448,1.88,1.4036,37.27,LOW,0
2023-03-17,2023,3,76,Wheat,1014.34,1857.15,3829.73,9597.47,4343.0,6,0,27.0,11.2,0.0,4784.0,0.074,1.831,1.4274,38.88,LOW,0
2023-03-18,2023,3,77,Tomato,1084.69,1879.47,4075.23,9460.81,4174.0,7,0,31.1,9.7,0.4,4814.0,0.126,1.733,1.4042,43.57,LOW,0
2023-03-19,2023,3,78,Onion,1024.56,1639.9,3422.95,8641.36,4050.0,7,0,32.1,10.1,0.2,5023.0,-0.199,1.601,1.4258,47.61,MEDIUM,1
2023-03-20,2023,3,79,Sugar,1159.07,2030.87,4002.89,9035.85,4162.0,4,0,27.6,6.6,0.0,4871.0,0.404,1.752,1.368,27.21,LOW,0
2023-03-21,2023,3,80,Milk,1115.95,1822.66,3647.49,9693.98,4291.0,7,0,29.5,9.4,0.0,4784.0,0.233,1.633,1.4283,43.1,LOW,0
2023-03-22,2023,3,81,Rice,1228.19,2164.75,4491.07,11208.65,4939.0,7,0,28.8,7.2,1.3,4973.0,0.487,1.763,1.4011,43.31,LOW,0
2023-03-23,2023,3,82,Wheat,1108.86,1874.16,3889.25,10073.59,4614.0,5,0,27.7,6.1,0.0,4681.0,-0.274,1.69,1.4412,34.8,LOW,0
2023-03-24,2023,3,83,Tomato,1096.62,2009.91,4364.79,11133.82,4912.0,4,0,33.3,10.4,0.3,4872.0,-0.471,1.833,1.6171,35.33,MEDIUM,1
2023-03-25,2023,3,84,Onion,1128.7,2246.25,4450.76,10507.34,4682.0,4,0,27.8,11.0,0.2,5009.0,-0.097,1.99,1.6591,35.46,MEDIUM,1
2023-03-26,2023,3,85,Sugar,1130.79,2039.64,4340.44,11653.96,5168.0,6,0,28.7,10.3,0.7,4907.0,0.287,1.804,1.8084,44.76,MEDIUM,1
2023-03-27,2023,3,86,Milk,1101.81,1903.32,3784.46,8779.49,4055.0,5,0,30.6,10.5,0.7,4864.0,-0.406,1.727,1.8292,43.11,MEDIUM,1
2023-03-28,2023,3,87,Rice,1067.51,1992.24,3857.37,9965.13,4506.0,4,0,30.7,8.4,0.6,4796.0,0.533,1.866,1.8698,33.34,MEDIUM,1
2023-03-29,2023,3,88,Wheat,1114.92,2079.95,3977.23,10089.07,4606.0,4,0,30.0,15.6,0.2,4942.0,-0.058,1.866,1.8464,37.41,MEDIUM,1
2023-03-30,2023,3,89,Tomato,1224.81,2013.5,4045.61,9919.98,4387.0,6,0,25.6,5.7,0.5,4925.0,0.297,1.644,1.6955,43.2,MEDIUM,1
2023-03-31,2023,3,90,Onion,1199.26,2053.38,4113.01,9851.15,4505.0,4,0,29.8,11.0,0.1,4745.0,-0.07,1.712,1.6442,32.46,MEDIUM,1
2023-04-01,2023,4,91,Sugar,1172.35,1967.69,3853.49,9843.47,4424.0,7,0,33.5,10.4,1.3,4843.0,0.46,1.678,1.669,46.16,MEDIUM,1
2023-04-02,2023,4,92,Milk,1171.72,2120.14,4478.11,11605.3,5155.0,7,0,35.7,14.1,0.5,5160.0,0.027,1.809,1.8037,53.52,MEDIUM,1
2023-04-03,2023,4,93,Rice,1089.94,2033.8,4383.51,10979.72,4906.0,4,0,33.0,11.1,0.4,5360.0,0.148,1.866,1.8166,40.11,MEDIUM,1
2023-04-04,2023,4,94,Wheat,1231.8,2170.27,4793.36,12014.39,5326.0,6,0,32.2,9.0,1.4,4758.0,0.39,1.762,1.7698,42.18,MEDIUM,1
2023-04-05,2023,4,95,Tomato,1079.24,1969.64,3677.39,8638.17,3965.0,6,0,32.3,7.7,0.5,4572.0,0.026,1.825,1.6817,40.82,MEDIUM,1
2023-04-06,2023,4,96,Onion,1068.02,1955.94,4102.43,10080.21,4628.0,4,0,33.5,7.8,0.7,4836.0,0.043,1.831,1.6636,33.1,MEDIUM,1
2023-04-07,2023,4,97,Sugar,1116.25,1915.18,3765.0,9383.69,4232.0,7,0,35.4,11.4,0.2,4823.0,-0.074,1.716,1.6997,49.1,MEDIUM,1
2023-04-08,2023,4,98,Milk,1222.47,2185.02,3952.72,9068.69,4198.0,7,0,32.1,12.4,0.9,4919.0,0.045,1.787,1.6795,49.16,MEDIUM,1
2023-04-09,2023,4,99,Rice,1215.64,2273.78,4425.32,11501.16,5101.0,4,0,35.2,11.6,0.0,4828.0,0.249,1.87,1.7273,32.94,MEDIUM,1
2023-04-10,2023,4,100,Wheat,1195.92,2205.64,4587.32,11319.23,4977.0,7,0,34.4,9.8,1.0,4729.0,0.845,1.844,1.7246,43.93,MEDIUM,1
2023-04-11,2023,4,101,Tomato,1248.77,2175.68,4161.88,10032.74,4427.0,7,0,33.9,11.7,0.1,4773.0,-0.075,1.742,1.6363,47.65,MEDIUM,1
2023-04-12,2023,4,102,Onion,1151.8,2068.78,4043.37,10631.22,4788.0,6,0,34.8,10.3,0.5,4714.0,-0.08,1.796,1.6221,41.87,MEDIUM,1
2023-04-13,2023,4,103,Sugar,1178.66,2019.69,3794.96,9804.99,4486.0,4,0,30.2,7.0,0.1,4966.0,0.097,1.714,1.6099,33.32,MEDIUM,1
2023-04-14,2023,4,104,Milk,1110.01,2138.0,4569.86,11592.35,5160.0,7,0,35.3,9.5,0.8,4532.0,0.746,1.926,1.6514,41.36,MEDIUM,1
2023-04-15,2023,4,105,Rice,1266.78,2054.63,3947.44,9645.99,4393.0,5,0,33.6,8.5,0.4,4899.0,0.681,1.622,1.6267,34.99,MEDIUM,1
2023-04-16,2023,4,106,Wheat,1250.97,2313.78,4570.06,11040.3,4932.0,5,0,35.6,10.6,0.1,4796.0,-0.005,1.85,1.6866,38.28,MEDIUM,1
2023-04-17,2023,4,107,Tomato,1219.52,2300.9,4469.28,11093.09,4929.0,5,0,35.2,9.3,0.0,4844.0,0.401,1.887,1.6889,36.77,MEDIUM,1
2023-04-18,2023,4,108,Onion,1238.71,2323.3,4392.09,11302.11,5005.0,5,1,30.0,7.8,0.2,4927.0,0.517,1.876,1.7112,67.35,HIGH,2
2023-04-19,2023,4,109,Sugar,1229.59,2374.1,4500.64,11361.37,5066.0,4,0,34.7,11.6,0.5,4755.0,0.638,1.931,1.6365,28.91,MEDIUM,1
2023-04-20,2023,4,110,Milk,1241.97,2322.64,4789.66,12028.31,5302.0,4,0,34.6,11.6,0.4,4947.0,0.192,1.87,1.6651,33.49,MEDIUM,1
2023-04-21,2023,4,111,Rice,1260.43,2053.36,4204.08,10717.49,4727.0,6,0,31.9,4.2,0.1,4815.0,0.255,1.629,1.6231,41.22,MEDIUM,1
2023-04-22,2023,4,112,Wheat,1225.7,2315.89,4819.26,12183.31,5354.0,7,0,33.1,9.9,0.1,4771.0,0.415,1.889,1.7007,46.15,MEDIUM,1
2023-04-23,2023,4,113,Tomato,1238.98,2194.34,4556.87,12175.77,5360.0,4,0,35.2,12.8,0.6,4771.0,0.71,1.771,1.7866,30.96,MEDIUM,1
2023-04-24,2023,4,114,Onion,1266.19,2270.3,4605.22,11351.5,5094.0,7,0,32.4,17.0,0.4,4855.0,0.222,1.793,1.7715,49.01,MEDIUM,1
2023-04-25,2023,4,115,Sugar,1227.3,2281.75,4554.44,10991.08,4950.0,5,0,35.4,7.0,1.6,4854.0,0.497,1.859,1.7636,37.51,MEDIUM,1
2023-04-26,2023,4,116,Milk,1321.23,2250.02,4692.92,12659.15,5570.0,5,0,31.6,9.9,1.0,4821.0,0.505,1.703,1.6966,36.13,MEDIUM,1
2023-04-27,2023,4,117,Rice,1214.43,2178.07,4456.03,11625.73,5243.0,5,0,34.5,8.9,0.9,4896.0,-0.051,1.793,1.8153,41.44,MEDIUM,1
2023-04-28,2023,4,118,Wheat,1281.12,2265.02,4401.38,10696.98,4833.0,6,0,33.0,10.6,0.7,4900.0,0.301,1.768,1.8164,44.74,MEDIUM,1
2023-04-29,2023,4,119,Tomato,1226.82,2193.39,4130.81,10925.28,4932.0,7,0,36.9,9.0,1.2,4693.0,-0.087,1.788,1.7836,49.12,MEDIUM,1
2023-04-30,2023,4,120,Onion,1235.18,2218.35,4484.53,11188.91,4903.0,7,0,34.5,4.2,0.2,4857.0,0.643,1.796,1.7408,46.47,MEDIUM,1
2023-05-01,2023,5,121,Sugar,1243.5,2169.05,4086.59,10079.14,4544.0,5,0,35.7,18.0,0.0,5010.0,0.131,1.744,1.7286,40.37,MEDIUM,1
2023-05-02,2023,5,122,Milk,1276.34,2312.73,4448.49,11090.7,4862.0,5,0,37.4,13.8,0.5,5047.0,-0.384,1.812,1.7012,42.91,MEDIUM,1
2023-05-03,2023,5,123,Rice,1150.27,2077.84,4268.72,10857.04,4879.0,4,0,36.6,19.2,1.1,5130.0,-0.079,1.806,1.7945,38.61,MEDIUM,1
2023-05-04,2023,5,124,Wheat,1378.58,2371.02,5018.01,13072.14,5694.0,4,1,36.8,15.1,1.3,4993.0,0.517,1.72,1.7059,62.93,HIGH,2
2023-05-05,2023,5,125,Tomato,1329.69,2487.23,5112.93,13158.36,5853.0,7,0,36.1,23.6,2.1,4991.0,-0.079,1.871,1.7298,51.25,MEDIUM,1
2023-05-06,2023,5,126,Onion,1240.28,2049.88,4463.22,11433.01,5027.0,6,1,37.8,17.0,0.8,4858.0,-0.002,1.653,1.9261,77.48,HIGH,2
2023-05-07,2023,5,127,Sugar,1241.46,2284.2,4516.37,11678.02,5166.0,4,0,35.3,20.1,0.1,5165.0,0.302,1.84,1.9723,39.72,MEDIUM,1
2023-05-08,2023,5,128,Milk,1226.85,2086.79,4456.59,11409.29,5032.0,6,0,36.3,14.5,0.2,5004.0,0.231,1.701,1.769,45.42,MEDIUM,1
2023-05-09,2023,5,129,Rice,1222.89,2318.74,4511.13,11352.64,4987.0,7,0,37.4,16.2,0.2,5067.0,0.274,1.896,1.7713,50.87,MEDIUM,1
2023-05-10,2023,5,130,Wheat,1351.46,2389.01,4551.83,11747.96,5115.0,7,0,36.1,14.7,0.0,5118.0,0.452,1.768,1.6799,49.12,MEDIUM,1
2023-05-11,2023,5,131,Tomato,1280.11,2303.08,4540.39,11051.56,4894.0,7,0,35.9,18.8,0.4,5003.0,0.054,1.799,1.6004,48.77,MEDIUM,1
2023-05-12,2023,5,132,Onion,1323.49,2468.27,5038.2,10986.58,4907.0,6,0,35.8,19.4,2.5,5185.0,0.634,1.865,1.6195,42.97,MEDIUM,1
2023-05-13,2023,5,133,Sugar,1294.91,2551.72,5166.3,12476.7,5531.0,4,0,36.6,14.6,0.5,5139.0,0.564,1.971,1.5868,32.37,MEDIUM,1
2023-05-14,2023,5,134,Milk,1243.39,2169.11,4341.96,11486.96,5088.0,4,0,36.5,13.7,0.0,5082.0,0.575,1.745,1.8396,35.54,MEDIUM,1
2023-05-15,2023,5,135,Rice,1264.44,2293.48,4755.91,12648.1,5515.0,5,0,36.3,16.7,1.0,5056.0,0.85,1.814,1.7178,37.08,MEDIUM,1
2023-05-16,2023,5,136,Wheat,1342.1,2209.28,4292.9,10630.79,4700.0,6,0,35.6,16.3,0.5,5163.0,0.432,1.646,1.6682,44.49,MEDIUM,1
2023-05-17,2023,5,137,Tomato,1255.73,2336.32,4471.99,10599.25,4728.0,4,0,35.2,19.1,0.1,5053.0,0.658,1.861,1.7274,33.15,MEDIUM,1
2023-05-18,2023,5,138,Onion,1283.37,2395.51,5038.18,12268.89,5425.0,6,0,38.6,19.8,0.3,5138.0,-0.099,1.867,1.7537,48.18,MEDIUM,1
2023-05-19,2023,5,139,Sugar,1232.27,2219.45,4119.86,10956.18,4976.0,4,0,36.5,15.9,0.1,4763.0,-0.173,1.801,1.7731,35.09,MEDIUM,1
2023-05-20,2023,5,140,Milk,1348.4,2418.41,4566.95,11652.88,5189.0,7,0,36.7,20.2,0.4,4986.0,0.212,1.794,1.691,49.16,MEDIUM,1
2023-05-21,2023,5,141,Rice,1362.52,2384.55,4693.17,11741.96,5153.0,7,1,38.3,20.7,0.1,5537.0,-0.253,1.75,1.5721,85.22,HIGH,2
2023-05-22,2023,5,142,Wheat,1241.52,2300.46,5014.18,13432.08,5992.0,6,0,35.2,18.6,0.5,5147.0,0.137,1.853,1.7186,46.56,MEDIUM,1
2023-05-23,2023,5,143,Tomato,1293.09,2339.22,4801.99,12487.33,5451.0,6,0,37.1,19.5,0.0,4974.0,0.41,1.809,1.7468,43.89,MEDIUM,1
2023-05-24,2023,5,144,Onion,1290.58,2230.95,4738.37,11560.62,5112.0,4,0,37.7,19.9,0.1,5307.0,0.648,1.729,1.7419,35.96,MEDIUM,1
2023-05-25,2023,5,145,Sugar,1240.84,2208.95,4258.28,10870.97,4836.0,4,0,36.0,12.3,0.1,5076.0,-0.156,1.78,1.7619,37.97,MEDIUM,1
2023-05-26,2023,5,146,Milk,1306.06,2360.41,4768.41,11839.92,5302.0,6,0,37.6,20.4,0.2,5594.0,0.287,1.807,1.7305,50.46,MEDIUM,1
2023-05-27,2023,5,147,Rice,1285.55,2227.67,4479.88,10326.89,4520.0,7,0,36.7,21.5,0.3,4994.0,0.773,1.733,1.848,48.79,MEDIUM,1
2023-05-28,2023,5,148,Wheat,1190.41,2249.02,4633.81,11185.1,4976.0,7,0,36.4,19.0,3.0,5004.0,0.499,1.889,1.7351,48.57,MEDIUM,1
2023-05-29,2023,5,149,Tomato,1247.89,2393.62,4638.32,12450.48,5477.0,4,0,38.9,19.8,0.4,5048.0,-0.043,1.918,1.7608,37.11,MEDIUM,1
2023-05-30,2023,5,150,Onion,1371.18,2433.08,5188.55,12782.35,5627.0,4,0,35.4,20.0,0.3,5100.0,0.142,1.774,1.7316,36.26,MEDIUM,1
2023-05-31,2023,5,151,Sugar,1304.24,2203.44,4340.6,10910.82,4816.0,7,0,36.6,13.5,0.2,4965.0,0.212,1.689,1.6585,48.47,MEDIUM,1
2023-06-01,2023,6,152,Milk,1242.9,2216.68,4502.75,12230.03,5498.0,4,1,31.6,18.6,16.4,5017.0,-0.775,1.783,1.6361,68.59,HIGH,2
2023-06-02,2023,6,153,Rice,1310.59,2262.12,4626.62,11671.67,5224.0,7,0,31.9,21.6,1.9,5092.0,0.441,1.726,1.7839,50.47,MEDIUM,1
2023-06-03,2023,6,154,Wheat,1303.39,2479.19,5387.08,15175.01,6603.0,4,1,31.1,22.2,16.0,5095.0,0.356,1.902,2.3244,74.04,HIGH,2
2023-06-04,2023,6,155,Tomato,1328.99,2302.04,4876.37,12660.96,5598.0,7,1,30.4,16.9,4.0,5081.0,0.447,1.732,2.284,87.84,HIGH,2
2023-06-05,2023,6,156,Onion,1265.5,2205.48,4312.93,11238.24,5033.0,6,0,28.3,15.5,10.3,5151.0,0.216,1.743,2.3218,55.26,MEDIUM,1
2023-06-06,2023,6,157,Sugar,1222.61,2362.27,4848.59,12912.61,5603.0,5,0,32.3,18.0,7.1,5156.0,0.616,1.932,2.3261,48.37,MEDIUM,1
2023-06-07,2023,6,158,Milk,1295.39,2376.43,4869.46,11942.71,5273.0,5,0,29.5,16.1,5.9,4880.0,0.589,1.835,2.3787,46.54,MEDIUM,1
2023-06-08,2023,6,159,Rice,1310.64,2385.64,4758.06,12700.96,5614.0,4,0,32.7,16.8,10.1,4938.0,0.207,1.82,2.4637,45.3,MEDIUM,1
2023-06-09,2023,6,160,Wheat,1250.33,2172.75,4466.85,12234.3,5273.0,6,0,29.4,17.8,2.5,5003.0,0.409,1.738,2.5248,55.86,HIGH,2
2023-06-10,2023,6,161,Tomato,1301.34,2233.63,4727.0,11734.03,5180.0,4,0,31.0,13.5,50.7,4914.0,0.388,1.716,2.485,44.48,MEDIUM,1
2023-06-11,2023,6,162,Onion,1320.97,2476.98,4736.1,12080.07,5335.0,5,0,31.8,13.4,20.5,5059.0,0.163,1.875,2.4427,51.42,MEDIUM,1
2023-06-12,2023,6,163,Sugar,1215.31,2076.04,4420.54,10968.73,4899.0,5,1,31.5,23.4,0.2,5024.0,0.145,1.708,2.3782,80.19,HIGH,2
2023-06-13,2023,6,164,Milk,1330.04,2575.06,5043.29,12817.54,5594.0,7,0,30.8,18.6,22.5,4987.0,0.354,1.936,2.3884,58.93,MEDIUM,1
2023-06-14,2023,6,165,Rice,1295.37,2266.68,4367.99,10705.9,4812.0,7,0,29.9,20.1,3.8,5177.0,0.488,1.75,2.4501,61.08,MEDIUM,1
2023-06-15,2023,6,166,Wheat,1245.92,2352.95,4563.21,11305.97,5042.0,6,0,32.9,16.9,6.1,5064.0,-0.08,1.889,2.425,57.42,MEDIUM,1
2023-06-16,2023,6,167,Tomato,1387.98,2343.99,4859.13,12647.08,5575.0,5,1,33.6,20.2,33.1,5338.0,0.327,1.689,2.1852,79.52,HIGH,2
2023-06-17,2023,6,168,Onion,1333.83,2317.34,4957.14,14011.43,6098.0,4,1,30.4,12.7,2.6,4899.0,0.477,1.737,2.2926,70.99,HIGH,2
2023-06-18,2023,6,169,Sugar,1337.29,2571.65,5363.15,13751.85,6045.0,7,0,31.5,20.6,33.1,5088.0,0.092,1.923,2.3566,60.77,MEDIUM,1
2023-06-19,2023,6,170,Milk,1237.82,2306.23,4442.4,11293.67,5040.0,7,0,33.3,20.8,16.9,4966.0,0.038,1.863,2.3777,60.14,MEDIUM,1
2023-06-20,2023,6,171,Rice,1200.24,2110.4,4083.76,10266.62,4604.0,5,0,31.7,16.1,3.1,5009.0,0.185,1.758,2.4601,51.07,MEDIUM,1
2023-06-21,2023,6,172,Wheat,1358.82,2350.43,4584.95,12338.01,5475.0,4,0,32.6,14.7,13.6,4895.0,0.353,1.73,2.355,42.51,MEDIUM,1
2023-06-22,2023,6,173,Tomato,1343.74,2330.02,4576.53,10400.72,4655.0,6,0,35.7,17.6,5.4,5122.0,0.757,1.734,2.3994,53.43,MEDIUM,1
2023-06-23,2023,6,174,Onion,1380.44,2481.41,5337.93,12976.81,5684.0,5,0,32.1,23.7,2.6,4975.0,-0.465,1.798,2.3004,51.58,MEDIUM,1
2023-06-24,2023,6,175,Sugar,1274.17,2433.01,4862.52,12253.12,5413.0,6,0,31.3,16.6,0.7,5148.0,-0.038,1.909,2.2861,55.96,MEDIUM,1
2023-06-25,2023,6,176,Milk,1338.59,2410.22,4777.93,11042.38,4931.0,6,0,29.8,18.9,21.6,5061.0,0.009,1.801,2.2969,55.02,MEDIUM,1
2023-06-26,2023,6,177,Rice,1302.45,2331.17,4729.3,11801.73,5223.0,5,0,31.1,17.4,13.0,5070.0,0.394,1.79,2.198,46.7,MEDIUM,1
2023-06-27,2023,6,178,Wheat,1212.94,2272.17,4452.8,11673.2,4988.0,7,0,32.2,14.8,7.8,4988.0,0.288,1.873,2.2336,56.94,MEDIUM,1
2023-06-28,2023,6,179,Tomato,1306.91,2237.05,4260.71,11353.19,5128.0,6,0,31.5,20.5,18.7,5036.0,0.235,1.712,2.2902,53.54,MEDIUM,1
2023-06-29,2023,6,180,Onion,1214.6,2180.81,4128.98,10703.58,4859.0,4,0,31.6,19.6,28.2,5138.0,0.101,1.796,2.3229,45.72,MEDIUM,1
2023-06-30,2023,6,181,Sugar,1307.75,2474.01,5150.88,13462.08,5885.0,7,0,30.0,17.4,0.2,4970.0,0.137,1.892,2.33,58.96,MEDIUM,1
2023-07-01,2023,7,182,Milk,1141.52,1897.46,3817.16,9742.19,4403.0,10,0,27.2,22.8,15.6,4984.0,0.43,1.662,2.229,71.12,MEDIUM,1
2023-07-02,2023,7,183,Rice,1106.09,1943.83,4218.07,12311.54,5428.0,9,0,26.5,16.8,7.9,4942.0,0.066,1.757,1.921,62.9,MEDIUM,1
2023-07-03,2023,7,184,Wheat,1127.11,1947.9,4062.28,10286.4,4603.0,7,0,26.0,16.5,52.4,5012.0,-0.088,1.728,1.6121,49.74,MEDIUM,1
2023-07-04,2023,7,185,Tomato,1140.72,1940.42,3799.37,8552.39,3958.0,8,0,29.9,15.2,41.5,5139.0,0.211,1.701,1.758,56.71,MEDIUM,1
2023-07-05,2023,7,186,Onion,1138.65,2218.88,4496.55,10998.35,4911.0,10,0,27.9,17.7,5.5,5022.0,-0.063,1.949,1.6764,65.68,HIGH,2
2023-07-06,2023,7,187,Sugar,1174.86,2135.42,4340.37,10258.88,4613.0,7,0,26.2,11.8,5.1,5015.0,0.907,1.818,1.6663,45.61,MEDIUM,1
2023-07-07,2023,7,188,Milk,1205.82,2279.24,4365.67,10914.78,4904.0,9,0,29.5,19.7,17.0,5055.0,0.171,1.89,1.6643,59.66,HIGH,2
2023-07-08,2023,7,189,Rice,1173.05,1990.76,4274.75,9958.31,4520.0,8,0,28.4,13.4,4.8,5063.0,0.759,1.697,1.6723,51.92,MEDIUM,1
2023-07-09,2023,7,190,Wheat,1135.12,2241.79,4712.95,11222.12,4976.0,9,0,28.8,18.8,16.7,5168.0,0.103,1.975,1.6051,60.24,HIGH,2
2023-07-10,2023,7,191,Tomato,1165.85,1981.81,4391.42,10034.08,4547.0,8,1,27.3,17.1,23.0,4965.0,0.147,1.7,1.6222,83.25,HIGH,2
2023-07-11,2023,7,192,Onion,1177.79,2203.71,4203.2,10339.51,4701.0,9,0,29.7,16.4,6.1,5166.0,0.292,1.871,1.6378,59.77,HIGH,2
2023-07-12,2023,7,193,Sugar,1154.61,1985.15,3628.25,9206.14,4186.0,7,0,26.2,15.1,11.7,5139.0,0.077,1.719,1.6892,51.34,MEDIUM,1
2023-07-13,2023,7,194,Milk,1089.65,1905.84,3881.81,9481.77,4268.0,8,0,29.8,18.4,6.1,5128.0,0.073,1.749,1.6546,55.73,MEDIUM,1
2023-07-14,2023,7,195,Rice,1119.45,1901.85,3554.17,8876.24,4105.0,9,0,25.8,22.0,3.1,5154.0,0.341,1.699,1.7024,60.37,HIGH,2
2023-07-15,2023,7,196,Wheat,1096.25,2045.89,4228.55,10893.8,4923.0,7,0,25.2,18.4,10.8,5052.0,0.08,1.866,1.6436,49.77,MEDIUM,1
2023-07-16,2023,7,197,Tomato,1091.71,1793.97,3517.74,8386.25,3806.0,9,0,26.6,17.2,37.0,5418.0,0.409,1.643,1.7579,63.5,HIGH,2
2023-07-17,2023,7,198,Onion,1069.89,1901.28,4028.15,9347.44,4283.0,9,0,23.9,12.7,5.1,5255.0,0.618,1.777,1.6489,59.19,HIGH,2
2023-07-18,2023,7,199,Sugar,1136.0,2160.26,4426.34,10883.04,4897.0,9,0,28.4,20.6,85.1,5023.0,-0.16,1.902,1.5582,59.4,HIGH,2
2023-07-19,2023,7,200,Milk,1046.11,1757.18,3206.43,8330.46,3896.0,7,0,24.8,21.2,49.4,4789.0,0.254,1.68,1.582,45.35,MEDIUM,1
2023-07-20,2023,7,201,Rice,1063.46,1817.2,3690.38,9191.78,4170.0,7,0,27.8,17.9,7.6,5028.0,0.109,1.709,1.563,48.18,MEDIUM,1
2023-07-21,2023,7,202,Wheat,1080.49,2045.4,4268.78,10684.35,4801.0,8,0,24.6,16.7,2.2,5119.0,0.543,1.893,1.5733,52.07,MEDIUM,1
2023-07-22,2023,7,203,Tomato,1058.27,1952.53,3684.68,9461.22,4318.0,10,0,29.6,20.5,88.4,5123.0,0.087,1.845,1.6367,65.35,HIGH,2
2023-07-23,2023,7,204,Onion,1000.89,1674.35,3249.54,7906.44,3734.0,10,0,27.9,17.7,9.4,5021.0,0.325,1.673,1.7234,64.44,HIGH,2
2023-07-24,2023,7,205,Sugar,1130.42,1952.45,3867.81,9685.65,4377.0,8,0,27.2,20.7,30.4,5361.0,-0.681,1.727,1.7274,62.93,MEDIUM,1
2023-07-25,2023,7,206,Milk,1080.42,1969.79,4189.67,9912.68,4442.0,7,0,29.5,13.5,15.7,5059.0,-0.009,1.823,1.8735,53.74,MEDIUM,1
2023-07-26,2023,7,207,Rice,1075.52,1775.03,3695.78,8398.7,3859.0,7,0,27.0,16.0,6.9,4897.0,0.021,1.65,2.0375,54.43,MEDIUM,1
2023-07-27,2023,7,208,Wheat,1096.77,1878.38,3773.45,9602.62,4245.0,10,0,26.3,19.1,27.0,5069.0,0.014,1.713,2.028,71.04,HIGH,2
2023-07-28,2023,7,209,Tomato,1139.09,2027.91,3966.92,9892.31,4490.0,8,0,28.0,19.0,10.8,4995.0,0.032,1.78,2.2726,63.88,MEDIUM,1
2023-07-29,2023,7,210,Onion,1029.21,1851.16,3883.45,10234.69,4561.0,9,1,26.2,17.2,6.5,5040.0,0.12,1.799,2.2522,98.58,HIGH,2
2023-07-30,2023,7,211,Sugar,1092.17,2048.28,4311.42,10949.33,4877.0,8,0,27.9,17.0,7.6,4965.0,0.14,1.875,2.3882,64.77,MEDIUM,1
2023-07-31,2023,7,212,Milk,1026.02,1961.35,3962.63,9573.19,4333.0,10,0,28.5,22.2,93.4,5126.0,-0.284,1.912,2.2842,76.94,HIGH,2
2023-08-01,2023,8,213,Rice,1017.45,1910.05,3543.65,8628.61,3843.0,8,0,29.7,15.2,2.7,4898.0,0.664,1.877,2.0003,55.66,MEDIUM,1
2023-08-02,2023,8,214,Wheat,1020.97,1755.63,3711.51,9118.87,4163.0,8,0,25.9,13.2,3.7,4972.0,0.418,1.72,1.9311,56.6,MEDIUM,1
2023-08-03,2023,8,215,Tomato,996.78,1930.85,4119.54,9914.75,4440.0,10,1,28.0,22.4,5.2,4922.0,0.277,1.937,1.7756,94.47,HIGH,2
2023-08-04,2023,8,216,Onion,1046.21,1803.96,3576.02,9810.79,4425.0,9,0,24.3,16.4,2.1,4996.0,0.171,1.724,1.712,59.78,MEDIUM,1
2023-08-05,2023,8,217,Sugar,1020.09,1919.21,3836.91,9945.44,4393.0,8,0,26.3,18.6,20.5,4942.0,0.103,1.881,1.7157,54.64,MEDIUM,1
2023-08-06,2023,8,218,Milk,1015.44,1824.75,3443.2,8472.01,3859.0,9,0,27.6,15.1,17.3,5091.0,0.136,1.797,1.8115,62.4,HIGH,2
2023-08-07,2023,8,219,Rice,1055.22,1820.86,3943.58,9827.99,4453.0,8,0,25.7,18.1,19.9,5023.0,0.463,1.726,1.8985,56.39,MEDIUM,1
2023-08-08,2023,8,220,Wheat,999.68,1916.15,4286.31,11092.18,4958.0,9,1,26.2,14.5,3.5,5031.0,0.751,1.917,1.8471,89.26,HIGH,2
2023-08-09,2023,8,221,Tomato,996.08,1859.48,3876.98,10454.63,4674.0,8,0,26.9,17.5,20.5,4889.0,0.433,1.867,1.9036,55.28,MEDIUM,1
2023-08-10,2023,8,222,Onion,941.99,1647.58,3446.38,9645.58,4369.0,10,0,27.5,13.9,38.2,4996.0,-0.575,1.749,1.8491,70.57,MEDIUM,1
2023-08-11,2023,8,223,Sugar,934.6,1710.05,3375.35,8026.19,3774.0,7,0,25.9,15.6,33.5,5171.0,0.149,1.83,1.8794,54.16,MEDIUM,1
2023-08-12,2023,8,224,Milk,974.79,1890.85,3667.1,8301.68,3886.0,10,0,25.1,13.9,0.6,4956.0,0.699,1.94,1.8921,64.45,MEDIUM,1
2023-08-13,2023,8,225,Rice,935.7,1679.24,3405.08,8406.6,3810.0,8,1,27.6,20.5,16.4,4989.0,-0.209,1.795,1.8445,88.6,HIGH,2
2023-08-14,2023,8,226,Wheat,948.58,1745.13,3648.92,9514.07,4272.0,10,1,26.9,17.8,26.0,5002.0,0.679,1.84,1.7226,92.46,HIGH,2
2023-08-15,2023,8,227,Tomato,1007.61,1720.72,3251.17,8457.62,3941.0,8,0,29.5,20.7,9.4,5036.0,0.218,1.708,1.7332,55.27,MEDIUM,1
2023-08-16,2023,8,228,Onion,992.05,1915.18,4113.09,9083.38,4149.0,7,0,27.4,18.8,20.8,5016.0,-0.327,1.931,1.7318,52.77,MEDIUM,1
2023-08-17,2023,8,229,Sugar,826.28,1468.16,3071.28,7287.78,3392.0,7,0,28.1,21.5,10.4,4789.0,0.165,1.777,1.5904,45.92,MEDIUM,1
2023-08-18,2023,8,230,Milk,830.12,1395.59,2869.64,7056.35,3328.0,8,0,25.3,18.2,27.5,4953.0,0.307,1.681,1.5083,50.62,MEDIUM,1
2023-08-19,2023,8,231,Rice,973.08,1755.14,3268.68,8017.21,3622.0,10,1,30.3,18.9,5.7,4941.0,-0.161,1.804,1.5538,93.52,HIGH,2
2023-08-20,2023,8,232,Wheat,951.19,1654.98,3011.28,7393.7,3419.0,9,0,27.5,16.7,13.3,5069.0,0.269,1.74,1.5993,58.33,HIGH,2
2023-08-21,2023,8,233,Tomato,1055.98,2022.37,3894.72,9677.29,4328.0,9,0,27.4,20.6,1.8,4965.0,0.199,1.915,1.6037,57.71,MEDIUM,1
2023-08-22,2023,8,234,Onion,995.02,1697.31,3473.2,8702.8,3979.0,9,0,29.5,19.0,6.6,4899.0,-0.223,1.706,1.5645,58.57,MEDIUM,1
2023-08-23,2023,8,235,Sugar,956.63,1582.68,3334.54,8051.44,3800.0,7,0,26.7,19.8,24.6,5074.0,0.156,1.654,1.6634,49.91,MEDIUM,1
2023-08-24,2023,8,236,Milk,878.02,1470.02,2967.74,7579.45,3551.0,9,0,28.1,15.7,14.7,4898.0,0.351,1.674,1.6622,57.16,MEDIUM,1
2023-08-25,2023,8,237,Rice,922.84,1664.71,3095.64,7522.26,3516.0,9,0,27.1,15.8,4.8,5043.0,0.235,1.804,1.7177,60.02,HIGH,2
2023-08-26,2023,8,238,Wheat,934.14,1632.25,3321.19,7719.79,3473.0,10,0,23.7,19.1,3.0,5110.0,0.166,1.747,1.8086,67.4,HIGH,2
2023-08-27,2023,8,239,Tomato,957.02,1791.16,3648.77,8609.93,3969.0,8,1,27.6,18.1,20.7,5013.0,0.254,1.872,1.9724,88.45,HIGH,2
2023-08-28,2023,8,240,Onion,935.69,1684.99,3189.68,8241.68,3746.0,10,0,24.7,14.5,20.2,5032.0,0.552,1.801,1.9502,66.81,HIGH,2
2023-08-29,2023,8,241,Sugar,923.65,1693.14,3225.67,8092.47,3759.0,9,0,25.6,22.2,1.3,4938.0,0.004,1.833,1.948,63.58,MEDIUM,1
2023-08-30,2023,8,242,Milk,846.63,1485.02,2948.33,7310.58,3463.0,7,0,28.1,20.8,7.7,5047.0,-0.042,1.754,1.8905,54.04,MEDIUM,1
2023-08-31,2023,8,243,Rice,938.21,1737.71,3619.61,8626.95,3937.0,10,0,26.2,21.4,2.8,5059.0,0.217,1.852,1.908,68.12,HIGH,2
2023-09-01,2023,9,244,Wheat,949.3,1629.32,3380.83,8248.03,3815.0,6,0,29.6,23.3,2.2,4979.0,0.33,1.716,1.9424,47.28,MEDIUM,1
2023-09-02,2023,9,245,Tomato,990.39,1572.34,2925.4,7348.85,3369.0,4,0,29.9,18.9,2.7,4950.0,0.481,1.588,1.9596,36.49,MEDIUM,1
2023-09-03,2023,9,246,Onion,931.86,1699.96,3576.71,8819.16,3964.0,5,0,27.2,17.6,2.5,5000.0,-0.154,1.824,1.9856,45.55,MEDIUM,1
2023-09-04,2023,9,247,Sugar,968.2,1813.68,3506.74,9074.8,4131.0,5,0,29.2,19.8,21.4,5098.0,0.195,1.873,1.9742,44.62,MEDIUM,1
2023-09-05,2023,9,248,Milk,992.2,1840.59,3772.95,9317.91,4223.0,7,0,28.7,22.7,15.2,5031.0,0.066,1.855,2.0167,55.23,MEDIUM,1
2023-09-06,2023,9,249,Rice,946.29,1641.49,3401.82,8387.68,3832.0,6,1,26.8,19.7,6.0,5120.0,-0.159,1.735,2.0947,83.42,HIGH,2
2023-09-07,2023,9,250,Wheat,961.33,1697.08,3297.63,8293.55,3805.0,7,0,32.1,19.8,2.0,4883.0,0.313,1.765,1.8429,49.91,MEDIUM,1
2023-09-08,2023,9,251,Tomato,997.8,1875.87,3694.84,9172.39,4206.0,6,0,28.4,20.5,3.3,5059.0,0.647,1.88,1.6641,42.32,MEDIUM,1
2023-09-09,2023,9,252,Onion,965.98,1688.28,3476.51,8517.89,3829.0,7,0,29.3,15.8,44.9,5000.0,0.725,1.748,1.5754,45.01,MEDIUM,1
2023-09-10,2023,9,253,Sugar,889.3,1582.12,3468.79,8543.67,3901.0,5,0,29.0,22.3,2.7,4995.0,0.611,1.779,1.5364,34.94,MEDIUM,1
2023-09-11,2023,9,254,Milk,838.34,1449.68,2692.84,6942.52,3261.0,6,0,29.1,16.6,15.7,5038.0,0.16,1.729,1.5361,42.62,MEDIUM,1
2023-09-12,2023,9,255,Rice,979.0,1649.13,3376.97,8860.36,4044.0,4,0,30.1,17.8,26.6,5076.0,0.727,1.684,1.5396,30.22,MEDIUM,1
2023-09-13,2023,9,256,Wheat,963.81,1798.72,3564.38,9399.43,4305.0,6,1,25.9,25.0,42.7,5576.0,0.046,1.866,1.5248,78.4,HIGH,2
2023-09-14,2023,9,257,Tomato,889.87,1562.23,3013.56,7928.82,3607.0,5,0,28.3,19.4,10.2,5120.0,0.701,1.756,1.5408,35.81,MEDIUM,1
2023-09-15,2023,9,258,Onion,955.97,1745.24,3477.11,8677.12,4033.0,6,0,29.2,21.3,36.4,5412.0,0.025,1.826,1.5393,47.08,MEDIUM,1
2023-09-16,2023,9,259,Sugar,898.69,1494.21,2959.34,7884.15,3632.0,7,0,28.5,14.9,2.1,5383.0,0.278,1.663,1.6086,51.57,MEDIUM,1
2023-09-17,2023,9,260,Milk,951.12,1624.24,3265.05,8378.08,3855.0,6,0,30.1,16.6,9.8,5036.0,-0.089,1.708,1.6715,45.88,MEDIUM,1
2023-09-18,2023,9,261,Rice,898.55,1573.63,2962.24,7390.83,3422.0,6,1,28.4,20.1,22.9,4934.0,0.32,1.751,1.7024,73.28,HIGH,2
2023-09-19,2023,9,262,Wheat,812.83,1554.41,3041.29,7295.76,3472.0,6,0,28.1,23.5,1.9,5140.0,0.353,1.912,1.5216,42.46,MEDIUM,1
2023-09-20,2023,9,263,Tomato,823.52,1455.5,2920.21,7032.27,3266.0,5,0,30.5,16.5,22.0,4953.0,-0.099,1.767,1.521,37.84,MEDIUM,1
2023-09-21,2023,9,264,Onion,977.09,1720.89,3303.91,7845.31,3776.0,7,0,29.1,14.9,18.0,5280.0,0.288,1.761,1.5376,49.42,MEDIUM,1
2023-09-22,2023,9,265,Sugar,890.02,1606.43,3339.53,8365.28,3790.0,6,0,26.4,21.4,9.4,5134.0,0.093,1.805,1.5266,43.77,MEDIUM,1
2023-09-23,2023,9,266,Milk,872.28,1648.85,3565.89,8152.34,3683.0,7,0,28.7,21.8,21.5,5007.0,0.048,1.89,1.4955,47.26,MEDIUM,1
2023-09-24,2023,9,267,Rice,901.53,1666.08,3345.45,8909.46,4079.0,6,1,28.6,19.9,2.6,5132.0,0.238,1.848,1.4789,72.31,HIGH,2
2023-09-25,2023,9,268,Wheat,873.13,1546.56,3455.65,8628.8,4001.0,7,0,29.3,18.4,6.0,5057.0,0.411,1.771,1.4366,45.06,MEDIUM,1
2023-09-26,2023,9,269,Tomato,868.74,1735.76,3614.57,8930.82,4116.0,6,0,27.8,15.1,2.0,5175.0,0.64,1.998,1.4319,40.03,MEDIUM,1
2023-09-27,2023,9,270,Onion,923.57,1655.83,3310.8,8697.44,4038.0,7,0,28.2,21.5,3.4,4680.0,-0.392,1.793,1.4391,45.35,LOW,0
2023-09-28,2023,9,271,Sugar,768.7,1399.07,2616.39,6274.55,3044.0,4,0,30.0,18.5,29.1,5020.0,0.569,1.82,1.4502,29.11,MEDIUM,1
2023-09-29,2023,9,272,Milk,850.35,1500.79,3051.96,7294.49,3317.0,5,0,27.2,16.9,16.8,4976.0,0.706,1.765,1.4554,33.06,LOW,0
2023-09-30,2023,9,273,Rice,904.18,1645.62,3443.28,8380.75,3829.0,5,0,26.3,19.8,5.2,4939.0,0.38,1.82,1.4525,34.28,LOW,0
2023-10-01,2023,10,274,Wheat,1038.04,2002.11,4113.04,9955.74,4519.0,9,0,31.8,11.2,7.0,4833.0,0.622,1.929,1.466,52.21,MEDIUM,1
2023-10-02,2023,10,275,Tomato,1014.61,1813.16,3512.39,9489.73,4253.0,9,0,33.2,9.6,3.4,4743.0,0.072,1.787,1.4435,53.72,MEDIUM,1
2023-10-03,2023,10,276,Onion,1054.3,1862.33,3787.17,9210.57,4223.0,9,0,28.7,5.0,2.4,5206.0,0.22,1.766,1.3663,56.45,MEDIUM,1
2023-10-04,2023,10,277,Sugar,952.6,1716.15,3401.98,8830.29,3930.0,7,0,33.8,9.7,3.8,4926.0,0.045,1.802,1.3636,44.49,LOW,0
2023-10-05,2023,10,278,Milk,981.09,1815.62,3507.74,8517.45,3919.0,6,0,32.9,7.4,8.6,4796.0,0.223,1.851,1.3444,37.01,LOW,0
2023-10-06,2023,10,279,Rice,1026.8,1970.98,3741.03,9511.86,4367.0,6,0,28.7,12.6,2.3,4833.0,-0.069,1.92,1.3363,38.72,LOW,0
2023-10-07,2023,10,280,Wheat,1012.3,1830.67,3576.31,9198.4,4237.0,8,0,31.3,12.6,7.4,5005.0,0.184,1.808,1.3253,49.01,MEDIUM,1
2023-10-08,2023,10,281,Tomato,940.91,1761.98,3736.89,8995.14,4117.0,8,0,31.0,12.1,14.4,4874.0,-0.006,1.873,1.3389,48.85,LOW,0
2023-10-09,2023,10,282,Onion,918.79,1721.68,3424.49,8659.97,4045.0,7,0,32.2,14.7,8.5,4767.0,0.543,1.874,1.346,40.14,LOW,0
2023-10-10,2023,10,283,Sugar,872.96,1514.66,2747.06,6858.22,3200.0,6,0,31.3,11.1,5.8,4732.0,0.192,1.735,1.4174,37.62,LOW,0
2023-10-11,2023,10,284,Milk,981.57,1747.5,3345.16,9237.63,4218.0,6,1,30.9,11.9,1.4,4891.0,0.62,1.78,1.3905,66.67,MEDIUM,1
2023-10-12,2023,10,285,Rice,909.4,1837.23,3688.9,8966.73,3998.0,8,0,34.1,8.6,2.1,4979.0,0.26,2.02,1.4027,49.53,LOW,0
2023-10-13,2023,10,286,Wheat,920.82,1580.23,3200.87,7750.37,3703.0,6,0,32.1,12.0,2.9,5055.0,0.191,1.716,1.4001,40.6,MEDIUM,1
2023-10-14,2023,10,287,Tomato,983.18,1813.35,3502.92,8275.32,3840.0,6,0,31.6,5.5,8.7,4945.0,0.097,1.844,1.3852,39.74,LOW,0
2023-10-15,2023,10,288,Onion,904.86,1660.85,3239.67,8859.1,4002.0,6,0,31.5,9.5,1.1,5229.0,0.669,1.835,1.3888,39.78,MEDIUM,1
2023-10-16,2023,10,289,Sugar,957.81,1804.27,3610.57,8037.15,3671.0,7,0,32.4,12.3,2.0,4776.0,-0.571,1.884,1.3849,46.39,LOW,0
2023-10-17,2023,10,290,Milk,897.98,1601.81,3090.7,7635.91,3550.0,7,0,33.0,8.3,2.4,4893.0,0.306,1.784,1.4036,43.45,LOW,0
2023-10-18,2023,10,291,Rice,972.2,1721.9,3397.04,8220.95,3825.0,7,0,31.3,9.6,0.5,4944.0,0.651,1.771,1.3651,41.66,LOW,0
2023-10-19,2023,10,292,Wheat,958.0,1695.35,3385.31,8681.64,4024.0,7,0,30.9,9.3,0.6,4855.0,0.167,1.77,1.3906,43.57,LOW,0
2023-10-20,2023,10,293,Tomato,848.49,1625.95,3223.93,7775.74,3632.0,7,0,29.6,12.1,7.5,4799.0,0.104,1.916,1.3587,42.85,LOW,0
2023-10-21,2023,10,294,Onion,841.34,1652.23,3245.53,8160.7,3724.0,9,0,32.5,13.4,4.0,4894.0,-0.236,1.964,1.3094,54.76,MEDIUM,1
2023-10-22,2023,10,295,Sugar,958.61,1748.05,3333.7,7651.62,3475.0,6,0,32.3,11.0,15.9,4993.0,-0.548,1.824,1.3432,42.82,LOW,0
2023-10-23,2023,10,296,Milk,943.89,1745.01,3499.81,8277.39,3849.0,6,0,30.3,17.0,0.0,4664.0,-0.042,1.849,1.3618,37.28,LOW,0
2023-10-24,2023,10,297,Rice,908.14,1660.22,3321.64,8559.84,3972.0,8,0,28.1,5.7,1.6,4832.0,0.184,1.828,1.359,47.78,LOW,0
2023-10-25,2023,10,298,Wheat,970.04,1890.8,3889.29,10139.53,4619.0,8,0,32.1,8.5,1.6,4789.0,-0.337,1.949,1.4663,51.57,LOW,0
2023-10-26,2023,10,299,Tomato,898.91,1555.78,2999.6,7966.33,3692.0,9,0,32.7,13.3,0.6,4896.0,-0.051,1.731,1.4956,56.65,MEDIUM,1
2023-10-27,2023,10,300,Onion,832.4,1387.65,2874.56,7119.91,3332.0,8,0,33.3,10.7,6.3,4763.0,0.327,1.667,1.4926,48.38,LOW,0
2023-10-28,2023,10,301,Sugar,819.24,1538.04,3215.81,8313.8,3814.0,8,0,31.7,11.8,4.6,4957.0,0.219,1.877,1.4046,49.54,LOW,0
2023-10-29,2023,10,302,Milk,903.61,1374.22,2576.53,6800.37,3318.0,9,0,31.1,9.7,0.0,4870.0,0.135,1.521,1.5051,55.6,MEDIUM,1
2023-10-30,2023,10,303,Rice,875.76,1444.27,3232.57,8169.66,3810.0,6,0,33.0,5.2,20.1,5200.0,0.206,1.649,1.4895,43.31,MEDIUM,1
2023-10-31,2023,10,304,Wheat,911.13,1554.78,2924.77,8049.84,3729.0,6,0,32.7,13.6,9.4,4800.0,-0.257,1.706,1.4797,41.48,LOW,0
2023-11-01,2023,11,305,Tomato,919.42,1548.45,3065.33,7926.66,3637.0,9,0,23.6,14.0,8.6,4878.0,-0.317,1.684,1.4915,57.74,MEDIUM,1
2023-11-02,2023,11,306,Onion,898.82,1690.27,3369.2,8726.41,3981.0,9,1,27.0,6.7,1.3,4967.0,0.347,1.881,1.5972,86.89,HIGH,2
2023-11-03,2023,11,307,Sugar,898.98,1606.8,3081.71,7295.25,3401.0,7,0,30.0,11.9,2.8,5230.0,0.146,1.787,1.6432,51.22,MEDIUM,1
2023-11-04,2023,11,308,Milk,872.84,1636.04,3363.79,8459.95,3876.0,7,0,29.5,8.8,6.2,5155.0,-0.089,1.874,1.651,51.76,MEDIUM,1
2023-11-05,2023,11,309,Rice,998.09,1790.24,3780.35,9888.08,4416.0,8,0,25.8,10.9,11.4,4854.0,-0.135,1.794,1.7614,55.64,MEDIUM,1
2023-11-06,2023,11,310,Wheat,759.12,1429.81,2682.29,6734.12,3218.0,8,0,31.2,11.1,7.1,4943.0,0.533,1.884,1.6715,51.84,MEDIUM,1
2023-11-07,2023,11,311,Tomato,908.53,1676.85,3557.36,9258.79,4188.0,9,0,27.2,8.2,1.4,5444.0,0.887,1.846,1.6988,60.49,HIGH,2
2023-11-08,2023,11,312,Onion,818.07,1452.84,2825.92,7348.6,3429.0,8,0,27.7,14.5,0.7,4897.0,0.306,1.776,1.6491,52.18,MEDIUM,1
2023-11-09,2023,11,313,Sugar,823.96,1388.02,2638.43,6317.58,3110.0,7,0,28.6,8.4,9.8,4932.0,0.585,1.685,1.6686,46.42,MEDIUM,1
2023-11-10,2023,11,314,Milk,925.04,1834.61,4113.5,9839.3,4431.0,8,0,27.5,5.3,3.6,5125.0,0.642,1.983,1.7759,54.68,MEDIUM,1
2023-11-11,2023,11,315,Rice,897.72,1621.23,3309.7,7873.5,3659.0,7,0,29.8,8.9,0.3,4993.0,-0.238,1.806,1.7617,52.55,MEDIUM,1
2023-11-12,2023,11,316,Wheat,882.88,1662.29,3251.45,7978.29,3731.0,6,0,27.1,11.9,1.7,4973.0,-0.032,1.883,1.7539,46.2,MEDIUM,1
2023-11-13,2023,11,317,Tomato,894.39,1730.69,3524.77,9032.17,4161.0,9,0,30.1,8.1,12.6,4801.0,0.26,1.935,1.8455,59.39,MEDIUM,1
2023-11-14,2023,11,318,Onion,876.42,1457.25,3189.79,7834.28,3629.0,6,0,27.7,11.3,1.3,4914.0,0.183,1.663,1.8323,45.71,MEDIUM,1
2023-11-15,2023,11,319,Sugar,834.39,1513.79,3154.31,7837.24,3580.0,6,0,27.0,13.0,10.4,4914.0,0.526,1.814,1.835,44.04,MEDIUM,1
2023-11-16,2023,11,320,Milk,870.72,1618.03,3362.88,7879.88,3756.0,7,0,28.7,8.2,2.9,5345.0,0.283,1.858,1.8201,54.34,MEDIUM,1
2023-11-17,2023,11,321,Rice,863.63,1469.19,2847.53,7189.51,3375.0,8,0,30.0,9.0,1.3,4808.0,0.055,1.701,1.9272,56.71,MEDIUM,1
2023-11-18,2023,11,322,Wheat,820.93,1431.72,2644.12,6358.31,3062.0,7,0,27.2,11.2,1.2,4917.0,-0.132,1.744,2.0518,55.61,MEDIUM,1
2023-11-19,2023,11,323,Tomato,949.79,1813.64,3462.36,9319.0,4207.0,9,0,29.4,6.9,10.6,4839.0,0.412,1.91,2.0641,62.29,MEDIUM,1
2023-11-20,2023,11,324,Onion,781.8,1320.77,2697.38,7162.88,3397.0,7,0,25.3,6.9,2.7,4900.0,0.232,1.689,1.9905,52.7,MEDIUM,1
2023-11-21,2023,11,325,Sugar,851.99,1531.39,3075.86,7619.87,3503.0,7,0,25.5,7.7,0.7,4915.0,0.103,1.797,2.0416,54.26,MEDIUM,1
2023-11-22,2023,11,326,Milk,952.83,1657.76,3465.54,8965.68,4100.0,8,1,28.3,9.5,3.3,4916.0,0.511,1.74,2.0489,87.34,HIGH,2
2023-11-23,2023,11,327,Rice,783.22,1435.19,2908.76,7080.4,3268.0,9,0,26.8,11.6,0.1,5063.0,0.401,1.832,1.9801,63.33,HIGH,2
2023-11-24,2023,11,328,Wheat,780.69,1547.74,2877.18,6630.53,3145.0,6,0,27.5,12.5,0.6,5062.0,-0.064,1.983,1.9019,49.47,MEDIUM,1
2023-11-25,2023,11,329,Tomato,891.08,1649.84,3157.56,8141.02,3691.0,8,0,26.7,5.2,7.2,4983.0,0.2,1.851,1.9059,57.42,MEDIUM,1
2023-11-26,2023,11,330,Onion,843.29,1495.55,3108.69,8463.16,3876.0,6,0,30.2,6.3,18.8,4936.0,0.386,1.773,1.8905,45.79,MEDIUM,1
2023-11-27,2023,11,331,Sugar,836.97,1570.35,3056.55,7736.24,3636.0,6,0,27.8,19.6,0.8,5072.0,0.513,1.876,1.9089,46.79,MEDIUM,1
2023-11-28,2023,11,332,Milk,817.96,1556.9,3190.91,8244.17,3769.0,8,0,29.0,12.6,0.1,4908.0,-0.109,1.903,1.8317,57.1,MEDIUM,1
2023-11-29,2023,11,333,Rice,819.12,1529.81,2924.09,6694.14,3184.0,8,0,25.0,5.6,2.8,4974.0,0.361,1.868,1.8706,55.99,MEDIUM,1
2023-11-30,2023,11,334,Wheat,833.48,1498.4,3127.82,8052.83,3652.0,7,0,29.4,11.9,0.9,4991.0,-0.118,1.798,1.8767,53.65,MEDIUM,1
2023-12-01,2023,12,335,Tomato,724.94,1306.79,2617.18,6833.99,3209.0,4,0,24.7,12.5,0.1,4976.0,0.836,1.803,1.7729,32.17,MEDIUM,1
2023-12-02,2023,12,336,Onion,661.41,1136.52,2193.26,5318.62,2688.0,5,0,26.6,8.1,1.2,4813.0,0.262,1.718,1.6927,37.21,MEDIUM,1
2023-12-03,2023,12,337,Sugar,730.12,1255.69,2429.75,5942.61,2913.0,5,0,24.1,14.6,0.0,5123.0,0.397,1.72,1.7027,39.79,MEDIUM,1
2023-12-04,2023,12,338,Milk,684.2,1208.3,2336.39,6138.15,2964.0,7,0,24.6,11.4,0.3,4959.0,0.115,1.766,1.6285,48.44,MEDIUM,1
2023-12-05,2023,12,339,Rice,784.49,1543.59,3253.93,7998.19,3629.0,7,1,25.0,9.5,0.1,5004.0,0.298,1.968,1.6398,78.15,HIGH,2
2023-12-06,2023,12,340,Wheat,751.88,1415.61,2804.46,7054.58,3355.0,4,0,25.5,10.3,1.6,5328.0,0.112,1.883,1.6203,37.02,MEDIUM,1
2023-12-07,2023,12,341,Tomato,747.96,1400.11,2816.71,6690.26,3190.0,6,0,24.1,11.8,0.3,5017.0,0.033,1.872,1.5776,43.67,MEDIUM,1
2023-12-08,2023,12,342,Onion,752.92,1401.32,2827.36,7624.6,3728.0,5,0,26.0,12.4,0.9,4968.0,-0.011,1.861,1.546,37.93,MEDIUM,1
2023-12-09,2023,12,343,Sugar,732.54,1301.95,2720.86,6707.15,3215.0,5,0,24.2,10.9,0.9,5096.0,0.556,1.777,1.4815,35.4,MEDIUM,1
2023-12-10,2023,12,344,Milk,687.53,1303.21,2605.37,6295.84,3023.0,7,0,24.2,8.8,0.7,5022.0,0.289,1.895,1.3679,44.29,MEDIUM,1
2023-12-11,2023,12,345,Rice,725.02,1477.88,2788.5,6688.48,3220.0,4,0,22.9,9.3,0.0,4940.0,0.243,2.038,1.377,28.84,LOW,0
2023-12-12,2023,12,346,Wheat,762.17,1323.83,2797.57,6692.1,3168.0,4,0,26.2,12.8,0.0,4970.0,0.246,1.737,1.3991,29.46,LOW,0
2023-12-13,2023,12,347,Tomato,734.73,1302.93,2746.62,7276.81,3373.0,4,0,24.2,9.5,0.9,5090.0,-0.3,1.773,1.342,32.53,MEDIUM,1
2023-12-14,2023,12,348,Onion,722.83,1347.83,2986.1,7672.15,3572.0,4,0,23.2,13.7,1.0,5025.0,0.035,1.865,1.3378,30.14,MEDIUM,1
2023-12-15,2023,12,349,Sugar,776.8,1388.99,2765.73,7504.31,3520.0,4,0,26.3,11.7,0.4,4828.0,0.45,1.788,1.3366,26.08,LOW,0
2023-12-16,2023,12,350,Milk,699.88,1275.3,2482.29,5994.01,2909.0,4,0,23.5,7.0,0.0,5030.0,0.138,1.822,1.3686,30.14,MEDIUM,1
2023-12-17,2023,12,351,Rice,681.39,1354.64,2956.55,6770.93,3232.0,4,0,23.3,11.4,0.4,4989.0,0.188,1.988,1.353,29.24,LOW,0
2023-12-18,2023,12,352,Wheat,690.7,1198.27,2424.33,6113.13,2954.0,5,0,26.4,6.1,1.0,5063.0,0.098,1.735,1.3383,35.21,MEDIUM,1
2023-12-19,2023,12,353,Tomato,784.31,1408.95,2693.06,6209.21,2924.0,6,0,25.8,10.7,0.0,5238.0,0.508,1.796,1.3809,40.55,MEDIUM,1
2023-12-20,2023,12,354,Onion,721.81,1342.71,2843.41,6880.6,3298.0,7,0,24.5,11.5,0.0,5067.0,0.476,1.86,1.3708,43.85,MEDIUM,1
2023-12-21,2023,12,355,Sugar,704.67,1238.92,2301.0,5898.44,2768.0,5,0,22.7,10.0,2.1,4958.0,0.267,1.758,1.4283,34.67,LOW,0
2023-12-22,2023,12,356,Milk,782.28,1429.14,2968.32,7194.71,3398.0,4,0,23.4,9.3,0.7,5007.0,0.249,1.827,1.5429,31.97,MEDIUM,1
2023-12-23,2023,12,357,Rice,694.37,1182.99,2652.98,6464.42,3060.0,7,0,25.9,15.8,0.2,5288.0,-0.05,1.704,1.5283,51.05,MEDIUM,1
2023-12-24,2023,12,358,Wheat,765.2,1353.27,3022.73,7589.74,3585.0,7,0,22.2,11.3,0.1,4910.0,-0.065,1.769,1.5384,47.5,MEDIUM,1
2023-12-25,2023,12,359,Tomato,666.81,1174.0,2350.1,6012.06,2901.0,7,0,24.6,12.3,1.0,5095.0,0.013,1.761,1.6414,50.51,MEDIUM,1
2023-12-26,2023,12,360,Onion,655.07,1269.45,2492.01,6104.0,2804.0,6,0,24.9,9.2,1.8,5156.0,0.539,1.938,1.5832,42.61,MEDIUM,1
2023-12-27,2023,12,361,Sugar,633.2,1166.47,2394.42,5802.86,2870.0,5,0,25.2,2.4,0.5,4793.0,0.206,1.842,1.5887,35.73,MEDIUM,1
2023-12-28,2023,12,362,Milk,658.63,1213.97,2632.03,7188.29,3368.0,6,0,24.5,9.0,0.3,4792.0,-0.079,1.843,1.5124,41.0,MEDIUM,1
2023-12-29,2023,12,363,Rice,816.38,1493.98,2911.75,6868.76,3199.0,7,0,25.7,9.6,0.2,5089.0,-0.314,1.83,1.5174,50.22,MEDIUM,1
2023-12-30,2023,12,364,Wheat,770.45,1463.86,2682.36,6893.65,3246.0,4,1,23.1,9.9,0.7,4989.0,0.398,1.9,1.5302,60.85,HIGH,2
2023-12-31,2023,12,365,Tomato,763.62,1476.94,3102.49,8627.51,4040.0,6,0,24.0,15.0,0.6,5059.0,0.047,1.934,1.7084,45.98,MEDIUM,1
2024-01-01,2024,1,1,Onion,808.85,1401.37,2691.71,6895.32,3201.0,6,0,25.0,13.6,0.9,5428.0,-0.01,1.733,1.5635,47.78,MEDIUM,1
2024-01-02,2024,1,2,Sugar,752.27,1330.81,2543.88,6405.82,3149.0,4,0,23.1,13.5,0.0,5263.0,-0.402,1.769,1.5229,37.48,MEDIUM,1
2024-01-03,2024,1,3,Milk,710.43,1313.4,2396.01,5802.51,2805.0,4,0,24.3,11.1,0.9,5408.0,-0.355,1.849,1.58,39.56,MEDIUM,1
2024-01-04,2024,1,4,Rice,779.61,1428.49,3113.89,7466.07,3566.0,4,0,24.1,7.9,0.0,5120.0,0.466,1.832,1.5315,31.84,MEDIUM,1
2024-01-05,2024,1,5,Wheat,693.95,1203.35,2337.78,6075.18,3026.0,6,0,24.3,7.3,0.2,5094.0,0.106,1.734,1.5476,43.62,MEDIUM,1
2024-01-06,2024,1,6,Tomato,755.99,1304.95,2641.34,6427.88,3067.0,7,0,24.2,6.5,0.4,4965.0,0.308,1.726,1.5515,46.38,MEDIUM,1
2024-01-07,2024,1,7,Onion,790.62,1426.79,2658.85,6652.89,3173.0,7,1,23.2,4.8,0.7,5337.0,-0.239,1.805,1.4785,81.74,HIGH,2
2024-01-08,2024,1,8,Sugar,757.53,1431.0,3009.55,8000.09,3674.0,4,0,22.3,7.6,0.2,5125.0,0.36,1.889,1.5546,32.77,MEDIUM,1
2024-01-09,2024,1,9,Milk,762.99,1307.67,2619.34,6602.43,3179.0,7,0,25.8,9.5,0.1,5756.0,0.52,1.714,1.5603,53.36,MEDIUM,1
2024-01-10,2024,1,10,Rice,769.87,1294.99,2617.51,6432.61,3067.0,4,0,24.8,11.9,0.2,5419.0,0.469,1.682,1.5581,35.22,MEDIUM,1
2024-01-11,2024,1,11,Wheat,742.98,1393.61,3025.03,7909.29,3598.0,5,0,22.3,6.7,0.1,5284.0,0.397,1.876,1.6244,40.22,MEDIUM,1
2024-01-12,2024,1,12,Tomato,852.32,1518.39,3074.06,7891.19,3636.0,5,0,24.9,5.8,1.8,5816.0,0.291,1.781,1.5353,44.73,MEDIUM,1
2024-01-13,2024,1,13,Onion,700.16,1415.86,2757.94,6926.29,3181.0,6,0,21.5,9.8,0.2,5385.0,-0.192,2.022,1.4927,47.2,MEDIUM,1
2024-01-14,2024,1,14,Sugar,725.56,1265.39,2772.96,6789.41,3212.0,7,0,25.2,12.2,0.2,5251.0,0.134,1.744,1.4817,49.07,MEDIUM,1
2024-01-15,2024,1,15,Milk,823.97,1520.57,3041.16,7700.78,3649.0,4,0,19.3,9.6,0.3,5249.0,0.114,1.845,1.4365,33.47,MEDIUM,1
2024-01-16,2024,1,16,Rice,768.29,1477.95,3165.0,7887.6,3660.0,4,0,23.1,9.1,0.4,5263.0,0.018,1.924,1.5108,35.2,MEDIUM,1
2024-01-17,2024,1,17,Wheat,798.29,1418.27,2975.82,7485.78,3416.0,6,0,22.9,11.0,0.8,5217.0,0.144,1.777,1.4992,43.94,MEDIUM,1
2024-01-18,2024,1,18,Tomato,809.68,1508.67,2914.67,6967.11,3283.0,7,0,23.8,12.4,0.4,5151.0,0.029,1.863,1.4508,48.13,MEDIUM,1
2024-01-19,2024,1,19,Onion,846.21,1495.9,3023.72,7793.22,3510.0,4,0,24.3,12.0,1.4,5119.0,-0.203,1.768,1.4177,33.47,MEDIUM,1
2024-01-20,2024,1,20,Sugar,787.71,1476.53,2990.8,7784.67,3586.0,4,0,21.0,10.9,0.1,5325.0,0.167,1.874,1.3946,33.33,MEDIUM,1
2024-01-21,2024,1,21,Milk,735.97,1341.15,2731.67,6939.61,3267.0,6,0,24.6,11.0,0.2,5135.0,0.022,1.822,1.3959,42.18,MEDIUM,1
2024-01-22,2024,1,22,Rice,924.63,1687.34,3302.15,7819.39,3617.0,5,0,23.9,12.2,0.8,5069.0,0.184,1.825,1.2604,33.68,MEDIUM,1
2024-01-23,2024,1,23,Wheat,898.02,1529.89,3091.94,7630.71,3500.0,5,0,22.0,4.9,0.1,5024.0,-0.201,1.704,1.1812,33.96,MEDIUM,1
2024-01-24,2024,1,24,Tomato,798.32,1405.9,2905.19,7340.51,3351.0,4,0,21.1,10.2,0.1,5255.0,0.257,1.761,1.1811,28.98,MEDIUM,1
2024-01-25,2024,1,25,Onion,851.43,1637.95,3476.48,8617.05,4026.0,4,0,25.2,4.9,0.2,5283.0,-0.051,1.924,1.2579,31.95,MEDIUM,1
2024-01-26,2024,1,26,Sugar,832.67,1427.07,2649.96,6658.36,3156.0,4,0,22.3,9.1,0.4,5138.0,0.182,1.714,1.3032,30.02,MEDIUM,1
2024-01-27,2024,1,27,Milk,932.55,1759.67,3405.66,8389.9,3881.0,7,0,25.2,11.4,1.2,5325.0,0.268,1.887,1.3406,47.02,MEDIUM,1
2024-01-28,2024,1,28,Rice,806.86,1415.0,2722.43,6522.85,3110.0,4,0,25.0,6.5,0.1,5147.0,0.461,1.754,1.3609,29.58,MEDIUM,1
2024-01-29,2024,1,29,Wheat,827.18,1396.95,2485.88,6204.87,3029.0,6,0,24.9,7.5,0.8,5348.0,0.466,1.689,1.403,42.2,MEDIUM,1
2024-01-30,2024,1,30,Tomato,779.74,1482.72,3041.16,7740.85,3579.0,5,0,24.6,3.3,0.1,5176.0,0.054,1.902,1.3411,36.61,MEDIUM,1
2024-01-31,2024,1,31,Onion,839.02,1550.11,3008.25,7829.41,3648.0,4,0,23.0,14.7,0.4,5284.0,0.572,1.848,1.3382,30.05,MEDIUM,1
2024-02-01,2024,2,32,Sugar,937.88,1756.55,3421.16,9083.78,4151.0,4,0,26.4,8.8,0.9,5332.0,0.747,1.873,1.3317,29.56,MEDIUM,1
2024-02-02,2024,2,33,Milk,905.96,1671.05,3304.25,8399.57,3757.0,7,0,26.9,13.6,0.2,5252.0,0.605,1.845,1.2705,43.55,MEDIUM,1
2024-02-03,2024,2,34,Rice,917.02,1635.74,3486.65,8686.86,3987.0,7,0,26.5,11.1,0.6,5525.0,0.121,1.784,1.2771,48.8,MEDIUM,1
2024-02-04,2024,2,35,Wheat,902.72,1562.6,3308.21,8660.47,3971.0,5,0,28.0,5.9,0.2,5205.0,0.213,1.731,1.2882,35.31,MEDIUM,1
2024-02-05,2024,2,36,Tomato,978.04,1679.21,3365.05,7984.82,3660.0,7,0,25.3,15.1,0.5,5330.0,0.193,1.717,1.1659,44.82,MEDIUM,1
2024-02-06,2024,2,37,Onion,895.28,1591.44,3043.27,7866.47,3692.0,7,0,26.8,12.5,0.3,5287.0,0.111,1.778,1.1244,44.18,MEDIUM,1
2024-02-07,2024,2,38,Sugar,845.73,1367.99,2564.57,6663.24,3121.0,7,0,23.4,8.6,0.7,5319.0,0.32,1.618,1.1808,44.3,MEDIUM,1
2024-02-08,2024,2,39,Milk,786.35,1454.24,3262.89,8378.87,3902.0,6,0,25.9,8.8,0.6,5272.0,0.235,1.849,1.1698,39.09,MEDIUM,1
2024-02-09,2024,2,40,Rice,953.9,1714.58,3479.0,8834.65,4107.0,5,0,22.6,5.2,0.1,5754.0,0.032,1.797,1.124,39.24,MEDIUM,1
2024-02-10,2024,2,41,Wheat,935.91,1706.29,3351.4,8361.63,3863.0,5,0,23.8,9.0,0.1,5333.0,-0.11,1.823,1.1492,36.12,MEDIUM,1
2024-02-11,2024,2,42,Tomato,911.1,1595.29,3067.8,7291.74,3425.0,4,0,27.1,6.3,0.4,5421.0,0.24,1.751,1.1449,30.18,MEDIUM,1
2024-02-12,2024,2,43,Onion,957.27,1872.81,3627.88,8842.74,4111.0,7,0,27.2,9.5,0.1,5229.0,0.665,1.956,1.2158,42.2,MEDIUM,1
2024-02-13,2024,2,44,Sugar,820.91,1477.42,3174.16,9036.43,4032.0,7,0,27.1,8.9,0.5,5364.0,-0.054,1.8,1.3021,48.44,MEDIUM,1
2024-02-14,2024,2,45,Milk,948.56,1608.64,3303.22,7971.52,3710.0,6,0,27.1,6.1,0.6,5181.0,0.222,1.696,1.2766,39.85,MEDIUM,1
2024-02-15,2024,2,46,Rice,951.4,1748.44,3539.55,8812.53,4022.0,4,0,25.9,10.7,0.5,5349.0,0.313,1.838,1.3265,31.82,MEDIUM,1
2024-02-16,2024,2,47,Wheat,993.24,1869.49,3843.35,9299.66,4233.0,6,0,26.2,6.7,0.6,5301.0,0.237,1.882,1.3425,41.96,MEDIUM,1
2024-02-17,2024,2,48,Tomato,878.78,1651.82,3366.37,8645.1,3998.0,5,0,28.5,8.2,1.0,5799.0,0.298,1.88,1.3409,41.61,MEDIUM,1
2024-02-18,2024,2,49,Onion,908.36,1571.98,3278.34,7809.52,3658.0,7,0,25.6,7.0,0.5,5262.0,0.0,1.731,1.3457,47.81,MEDIUM,1
2024-02-19,2024,2,50,Sugar,936.43,1799.7,3543.01,8626.93,3937.0,7,0,28.2,8.3,0.0,5384.0,0.589,1.922,1.3941,46.81,MEDIUM,1
2024-02-20,2024,2,51,Milk,1011.04,1839.89,3682.78,10304.39,4656.0,5,0,27.6,15.7,0.3,5226.0,0.175,1.82,1.5699,39.93,MEDIUM,1
2024-02-21,2024,2,52,Rice,902.52,1740.6,3328.17,7554.19,3555.0,7,0,26.0,15.1,0.8,5315.0,0.154,1.929,1.5838,51.14,MEDIUM,1
2024-02-22,2024,2,53,Wheat,961.2,1726.5,3659.89,8493.36,3835.0,4,0,27.2,11.4,0.6,5417.0,-0.146,1.796,1.5485,38.13,MEDIUM,1
2024-02-23,2024,2,54,Tomato,956.53,1866.8,4208.08,10766.89,4822.0,5,0,25.6,10.5,0.8,5216.0,0.558,1.952,1.7635,40.82,MEDIUM,1
2024-02-24,2024,2,55,Onion,940.51,1713.39,3680.02,9077.21,4095.0,5,0,24.1,12.4,0.1,5902.0,0.473,1.822,1.7925,48.54,MEDIUM,1
2024-02-25,2024,2,56,Sugar,997.81,1801.09,3362.25,8566.29,3973.0,5,0,28.8,10.1,0.7,5188.0,0.209,1.805,1.6881,41.16,MEDIUM,1
2024-02-26,2024,2,57,Milk,912.25,1579.79,3414.6,8028.16,3739.0,7,0,26.5,7.7,0.0,5244.0,0.145,1.732,1.6961,52.16,MEDIUM,1
2024-02-27,2024,2,58,Rice,1063.24,1862.58,3650.18,8778.56,3973.0,4,0,25.8,6.9,0.4,5371.0,-0.142,1.752,1.5208,37.23,MEDIUM,1
2024-02-28,2024,2,59,Wheat,931.34,1647.35,3127.54,7590.83,3553.0,7,0,25.0,12.1,0.0,5214.0,0.348,1.769,1.4264,46.8,MEDIUM,1
2024-02-29,2024,2,60,Tomato,976.03,1676.57,3437.31,7889.24,3696.0,7,0,25.6,2.3,0.2,5406.0,0.406,1.718,1.5603,50.43,MEDIUM,1
2024-03-01,2024,3,61,Onion,983.19,1710.73,3632.24,9864.94,4473.0,6,0,29.1,11.7,0.4,5708.0,0.306,1.74,1.6604,50.46,MEDIUM,1
2024-03-02,2024,3,62,Sugar,1002.12,1858.43,3900.73,10174.78,4544.0,6,0,31.5,3.8,0.2,5067.0,-0.016,1.855,1.7049,46.32,MEDIUM,1
2024-03-03,2024,3,63,Milk,1019.43,1774.93,3553.57,8692.12,3967.0,6,0,28.8,12.4,0.0,4996.0,-0.251,1.741,1.6598,46.11,MEDIUM,1
2024-03-04,2024,3,64,Rice,958.21,1740.63,3363.01,8524.79,3911.0,7,0,31.6,14.8,0.3,5108.0,0.338,1.817,1.6646,49.36,MEDIUM,1
2024-03-05,2024,3,65,Wheat,968.14,1699.51,3761.39,9343.01,4238.0,4,0,30.5,7.6,1.0,5138.0,0.137,1.755,1.6909,36.06,MEDIUM,1
2024-03-06,2024,3,66,Tomato,1032.16,1835.69,3373.41,7561.16,3444.0,7,0,31.1,9.5,0.2,5434.0,0.479,1.779,1.6671,51.95,MEDIUM,1
2024-03-07,2024,3,67,Onion,1023.23,1837.24,3828.95,8771.27,4052.0,4,0,28.4,15.4,0.3,5071.0,0.411,1.796,1.627,33.06,MEDIUM,1
2024-03-08,2024,3,68,Sugar,954.1,1652.17,3266.11,8156.39,3728.0,6,0,29.0,12.7,0.0,5294.0,0.256,1.732,1.5749,45.28,MEDIUM,1
2024-03-09,2024,3,69,Milk,1049.63,1807.34,3543.92,9230.08,4275.0,5,0,30.4,16.3,0.0,5039.0,0.447,1.722,1.7883,39.98,MEDIUM,1
2024-03-10,2024,3,70,Rice,1019.45,1872.08,3773.5,9692.88,4308.0,4,0,29.3,11.9,0.7,5008.0,-0.23,1.836,1.7913,38.1,MEDIUM,1
2024-03-11,2024,3,71,Wheat,1048.92,1851.49,3610.39,8330.3,3755.0,6,0,29.9,6.4,0.3,5150.0,0.439,1.765,1.7356,45.34,MEDIUM,1
2024-03-12,2024,3,72,Tomato,1122.95,1964.08,3689.0,9530.27,4382.0,5,0,30.5,7.0,0.3,5043.0,-0.118,1.749,1.5088,38.65,MEDIUM,1
2024-03-13,2024,3,73,Onion,1008.49,1908.12,3861.52,10344.73,4737.0,4,0,32.0,8.7,0.2,5027.0,0.247,1.892,1.5819,32.76,MEDIUM,1
2024-03-14,2024,3,74,Sugar,1098.25,2093.0,4227.89,10381.17,4682.0,7,0,31.5,12.2,0.1,5222.0,-0.038,1.906,1.7655,53.89,MEDIUM,1
2024-03-15,2024,3,75,Milk,1079.63,1944.47,3907.76,9598.86,4290.0,7,0,29.5,11.5,0.4,5257.0,-0.316,1.801,1.6866,54.45,MEDIUM,1
2024-03-16,2024,3,76,Rice,1060.07,2024.15,4230.7,11401.17,4972.0,6,0,32.5,8.4,0.9,5427.0,0.077,1.909,1.8397,51.48,MEDIUM,1
2024-03-17,2024,3,77,Wheat,1091.0,1925.77,3939.26,10232.09,4604.0,6,0,26.9,9.3,0.3,5227.0,0.113,1.765,1.8035,48.76,MEDIUM,1
2024-03-18,2024,3,78,Tomato,1006.33,1739.82,3187.04,8244.96,3785.0,5,0,28.0,14.2,1.0,5092.0,-0.137,1.729,1.9528,45.9,MEDIUM,1
2024-03-19,2024,3,79,Onion,1116.33,1974.02,4062.06,9790.63,4385.0,4,0,31.5,12.3,0.1,5099.0,0.242,1.768,1.8858,38.07,MEDIUM,1
2024-03-20,2024,3,80,Sugar,1070.41,1999.25,4195.36,10883.02,4822.0,5,0,31.2,11.7,1.2,5156.0,0.147,1.868,1.9766,45.47,MEDIUM,1
2024-03-21,2024,3,81,Milk,1117.23,2055.02,4074.43,9944.57,4484.0,5,0,31.1,8.7,0.1,5170.0,0.719,1.839,1.8714,41.18,MEDIUM,1
2024-03-22,2024,3,82,Rice,1096.91,1925.4,3826.76,9912.02,4486.0,6,0,27.3,10.7,0.8,5211.0,-0.009,1.755,1.8624,50.09,MEDIUM,1
2024-03-23,2024,3,83,Wheat,1051.17,1848.93,3482.75,8392.16,3847.0,6,0,28.2,12.1,0.6,5291.0,0.236,1.759,1.902,50.26,MEDIUM,1
2024-03-24,2024,3,84,Tomato,1138.48,2176.49,4530.9,11593.25,5108.0,7,1,27.1,11.3,0.3,5204.0,0.152,1.912,1.9392,85.37,HIGH,2
2024-03-25,2024,3,85,Onion,1080.02,1940.16,3661.92,9107.57,4086.0,4,0,31.5,6.2,0.3,5501.0,0.245,1.796,2.0075,43.9,MEDIUM,1
2024-03-26,2024,3,86,Sugar,1150.73,1992.16,3686.41,8497.85,3877.0,6,0,30.0,14.8,0.6,5267.0,0.355,1.731,1.9219,49.72,MEDIUM,1
2024-03-27,2024,3,87,Milk,1041.39,1851.97,3610.64,8487.0,3891.0,4,1,30.9,11.9,0.0,5169.0,0.478,1.778,2.0595,70.19,HIGH,2
2024-03-28,2024,3,88,Rice,1226.41,2151.71,3890.76,8708.11,3982.0,6,0,28.2,12.4,0.7,5284.0,-0.13,1.754,1.8016,50.51,MEDIUM,1
2024-03-29,2024,3,89,Wheat,1127.92,2001.95,4345.96,10930.47,4905.0,7,0,29.6,14.2,0.1,5240.0,0.571,1.775,1.8446,52.21,MEDIUM,1
2024-03-30,2024,3,90,Tomato,1093.44,1926.24,3717.32,9178.52,4111.0,4,0,31.6,5.6,1.1,5107.0,0.082,1.762,1.82,37.96,MEDIUM,1
2024-03-31,2024,3,91,Onion,1111.73,2085.12,4385.58,10768.47,4823.0,4,0,30.3,6.9,0.5,5150.0,0.221,1.876,1.9024,38.93,MEDIUM,1
2024-04-01,2024,4,92,Sugar,1143.88,2193.85,3842.27,10122.11,4530.0,5,0,35.2,11.4,0.4,5063.0,0.048,1.918,1.8964,43.84,MEDIUM,1
2024-04-02,2024,4,93,Milk,1170.69,2087.89,4294.81,10153.33,4586.0,7,0,34.1,10.5,0.0,5177.0,0.375,1.783,1.8336,52.4,MEDIUM,1
2024-04-03,2024,4,94,Rice,1221.93,2086.27,4396.52,10527.46,4606.0,6,0,37.5,7.3,0.3,5230.0,0.307,1.707,1.7903,47.62,MEDIUM,1
2024-04-04,2024,4,95,Wheat,1152.8,2099.54,4115.23,9250.63,4192.0,6,0,34.6,8.6,0.1,5136.0,0.27,1.821,1.8792,48.2,MEDIUM,1
2024-04-05,2024,4,96,Tomato,1275.44,2285.62,4470.28,10829.24,4845.0,7,0,31.4,12.5,0.3,5132.0,0.872,1.792,1.5896,45.8,MEDIUM,1
2024-04-06,2024,4,97,Onion,1112.77,2162.49,4207.53,10755.57,4886.0,7,0,32.4,14.4,0.2,4992.0,0.048,1.943,1.6192,48.97,MEDIUM,1
2024-04-07,2024,4,98,Sugar,1213.12,2291.24,4609.2,10073.79,4511.0,4,0,34.1,10.6,1.2,5221.0,0.189,1.889,1.6128,35.46,MEDIUM,1
2024-04-08,2024,4,99,Milk,1164.07,2099.16,4722.05,12184.13,5366.0,4,0,33.5,9.1,0.1,5196.0,-0.196,1.803,1.7568,39.29,MEDIUM,1
2024-04-09,2024,4,100,Rice,1164.42,2127.28,4101.8,9951.59,4496.0,4,0,35.6,10.4,0.4,5262.0,0.288,1.827,1.8132,38.38,MEDIUM,1
2024-04-10,2024,4,101,Wheat,1143.6,2115.51,3969.2,9625.59,4271.0,5,0,33.2,16.1,0.5,5267.0,0.338,1.85,1.7676,42.49,MEDIUM,1
2024-04-11,2024,4,102,Tomato,1310.61,2335.24,4556.48,11245.89,4935.0,4,0,32.6,6.5,1.7,5171.0,0.19,1.782,1.5822,34.49,MEDIUM,1
2024-04-12,2024,4,103,Onion,1254.85,2444.3,4848.36,12517.65,5595.0,7,0,32.8,7.3,0.4,5163.0,-0.192,1.948,1.7361,53.63,MEDIUM,1
2024-04-13,2024,4,104,Sugar,1228.13,2129.74,4208.08,10374.27,4675.0,4,0,34.8,13.1,0.5,5283.0,-0.063,1.734,1.7056,38.73,MEDIUM,1
2024-04-14,2024,4,105,Milk,1237.27,2131.09,4235.02,9337.88,4184.0,4,0,34.6,1.7,0.4,5224.0,0.073,1.722,1.6966,37.32,MEDIUM,1
2024-04-15,2024,4,106,Rice,1176.11,2015.02,3656.06,9619.14,4306.0,6,0,31.2,15.6,0.2,5035.0,0.315,1.713,1.7117,44.45,MEDIUM,1
2024-04-16,2024,4,107,Wheat,1213.11,1952.79,3839.93,10064.46,4522.0,5,0,34.0,13.6,0.2,5125.0,-0.282,1.61,1.7173,43.42,MEDIUM,1
2024-04-17,2024,4,108,Tomato,1182.61,2210.99,4588.67,11751.33,5049.0,5,0,32.9,12.7,0.3,5056.0,0.19,1.87,1.8263,42.0,MEDIUM,1
2024-04-18,2024,4,109,Onion,1140.5,2117.3,4535.34,11293.35,5040.0,7,0,35.2,10.3,0.7,5162.0,0.435,1.856,1.8594,52.34,MEDIUM,1
2024-04-19,2024,4,110,Sugar,1226.84,2265.97,4073.86,10906.01,4851.0,4,0,33.8,7.8,0.8,5082.0,0.22,1.847,1.9022,38.25,MEDIUM,1
2024-04-20,2024,4,111,Milk,1282.45,2404.79,4405.97,10959.98,4907.0,6,0,36.0,5.2,0.1,5044.0,0.062,1.875,1.8419,47.76,MEDIUM,1
2024-04-21,2024,4,112,Rice,1189.27,2254.49,4714.88,12108.77,5337.0,7,0,35.2,7.8,0.8,5100.0,0.634,1.896,1.9575,52.19,MEDIUM,1
2024-04-22,2024,4,113,Wheat,1291.23,2393.74,4774.06,12321.95,5447.0,5,0,33.5,19.0,1.0,5260.0,0.144,1.854,1.9681,46.4,MEDIUM,1
2024-04-23,2024,4,114,Tomato,1217.45,2025.2,4317.26,10379.86,4771.0,7,0,35.9,12.1,0.9,4986.0,0.188,1.663,1.9508,53.18,MEDIUM,1
2024-04-24,2024,4,115,Onion,1340.23,2537.42,5197.71,13477.94,5891.0,5,0,35.2,15.0,0.3,5124.0,-0.245,1.893,2.0323,47.95,MEDIUM,1
2024-04-25,2024,4,116,Sugar,1248.12,2116.51,3921.2,10031.99,4532.0,4,0,35.3,10.6,0.3,5460.0,-0.075,1.696,1.9265,43.87,MEDIUM,1
2024-04-26,2024,4,117,Milk,1240.48,2212.22,4308.25,10989.43,4811.0,5,0,37.3,14.3,0.1,5682.0,0.768,1.783,1.9896,47.82,MEDIUM,1
2024-04-27,2024,4,118,Rice,1311.07,2342.08,4463.53,10379.39,4581.0,6,0,33.3,8.4,0.5,5126.0,-0.222,1.786,1.7866,49.17,MEDIUM,1
2024-04-28,2024,4,119,Wheat,1184.7,2183.93,4488.95,11389.73,5075.0,7,0,36.1,7.4,0.2,5029.0,0.189,1.843,1.8414,51.97,MEDIUM,1
2024-04-29,2024,4,120,Tomato,1228.13,2065.23,4187.97,11581.2,5024.0,4,0,33.4,14.7,0.5,5230.0,0.197,1.682,1.8863,39.61,MEDIUM,1
2024-04-30,2024,4,121,Onion,1325.57,2338.15,4487.22,11621.9,5101.0,7,0,33.1,4.5,0.3,5202.0,-0.111,1.764,1.9017,56.1,MEDIUM,1
2024-05-01,2024,5,122,Sugar,1294.24,2328.98,4993.46,12980.5,5662.0,5,0,36.5,17.9,0.5,5333.0,-0.096,1.799,2.0139,49.02,MEDIUM,1
2024-05-02,2024,5,123,Milk,1231.25,2199.48,4448.58,11045.26,4881.0,4,0,38.5,17.6,0.1,5395.0,0.838,1.786,2.0212,40.08,MEDIUM,1
2024-05-03,2024,5,124,Rice,1208.62,2188.31,4859.87,11035.22,4931.0,4,0,36.8,19.4,2.0,5284.0,0.02,1.811,2.0078,42.86,MEDIUM,1
2024-05-04,2024,5,125,Wheat,1330.46,2352.34,4775.83,12191.09,5506.0,6,0,37.2,19.5,0.2,5287.0,0.324,1.768,1.8992,49.74,MEDIUM,1
2024-05-05,2024,5,126,Tomato,1246.79,2306.32,4899.98,11942.44,5304.0,4,0,33.4,20.1,0.0,5350.0,0.293,1.85,1.9247,40.91,MEDIUM,1
2024-05-06,2024,5,127,Onion,1269.28,2207.39,4103.35,9855.94,4491.0,7,1,38.1,23.3,0.5,5354.0,-0.304,1.739,2.1239,91.92,HIGH,2
2024-05-07,2024,5,128,Sugar,1239.67,2141.41,4275.19,10357.48,4785.0,5,0,37.2,17.4,0.2,5381.0,0.213,1.727,2.1137,49.45,MEDIUM,1
2024-05-08,2024,5,129,Milk,1305.98,2230.38,4440.22,11615.86,5158.0,4,0,38.9,17.8,0.2,5388.0,0.198,1.708,2.1115,44.56,MEDIUM,1
2024-05-09,2024,5,130,Rice,1372.59,2523.31,4863.76,11567.18,5060.0,7,0,37.4,15.8,0.1,5321.0,0.421,1.838,1.9703,55.66,MEDIUM,1
2024-05-10,2024,5,131,Wheat,1266.43,2303.02,4847.95,13399.25,5863.0,4,0,34.3,15.2,0.7,5123.0,-0.34,1.819,2.1526,45.22,MEDIUM,1
2024-05-11,2024,5,132,Tomato,1232.99,2148.01,4231.33,10406.22,4801.0,7,0,37.2,20.1,0.9,5350.0,0.481,1.742,2.2173,59.35,MEDIUM,1
2024-05-12,2024,5,133,Onion,1291.95,2145.85,3687.87,9583.03,4305.0,5,0,37.2,22.3,1.5,5298.0,-0.126,1.661,2.2464,52.31,MEDIUM,1
2024-05-13,2024,5,134,Sugar,1338.24,2237.49,4798.23,11356.35,5072.0,7,0,38.2,14.9,0.2,5498.0,0.372,1.672,2.1469,60.32,MEDIUM,1
2024-05-14,2024,5,135,Milk,1311.1,2412.2,5080.69,13258.05,5780.0,4,0,38.0,17.0,0.1,5486.0,0.348,1.84,2.1087,44.75,MEDIUM,1
2024-05-15,2024,5,136,Rice,1258.95,2073.72,4271.49,11344.65,5005.0,4,0,35.6,13.4,0.2,5449.0,-0.071,1.647,2.0864,46.14,MEDIUM,1
2024-05-16,2024,5,137,Wheat,1282.24,2560.24,5280.01,12663.95,5626.0,4,0,38.9,22.6,0.7,5400.0,0.056,1.997,2.0887,45.05,MEDIUM,1
2024-05-17,2024,5,138,Tomato,1317.67,2406.31,4935.27,12698.19,5540.0,6,0,38.7,20.3,1.9,5348.0,-0.024,1.826,2.1904,56.46,MEDIUM,1
2024-05-18,2024,5,139,Onion,1249.51,2321.14,4397.89,10424.26,4683.0,5,0,34.4,19.9,0.1,5289.0,-0.115,1.858,2.499,55.95,MEDIUM,1
2024-05-19,2024,5,140,Sugar,1296.54,2333.49,4546.0,11048.68,5012.0,7,0,35.4,19.4,0.8,5337.0,-0.118,1.8,2.5258,66.85,HIGH,2
2024-05-20,2024,5,141,Milk,1274.59,2276.8,4406.24,10787.81,4855.0,7,0,35.1,19.3,0.3,5254.0,0.102,1.786,2.5359,65.07,HIGH,2
2024-05-21,2024,5,142,Rice,1309.18,2254.64,4770.9,11666.14,5176.0,5,0,39.8,15.7,0.2,5476.0,-0.27,1.722,2.665,61.08,HIGH,2
2024-05-22,2024,5,143,Wheat,1319.22,2224.67,4422.57,11180.36,5062.0,4,0,36.3,14.3,1.7,5358.0,0.845,1.686,2.6112,48.52,HIGH,2
2024-05-23,2024,5,144,Tomato,1334.98,2300.37,4806.18,11877.84,5258.0,4,0,33.8,18.9,0.1,5338.0,0.051,1.723,2.5905,51.98,HIGH,2
2024-05-24,2024,5,145,Onion,1259.68,2249.75,4926.11,11826.63,5309.0,7,1,35.3,17.4,0.0,5327.0,0.295,1.786,2.4921,94.18,HIGH,2
2024-05-25,2024,5,146,Sugar,1333.51,2506.72,4981.66,13335.02,5865.0,4,0,37.1,12.1,0.3,5402.0,-0.121,1.88,2.5015,52.15,HIGH,2
2024-05-26,2024,5,147,Milk,1294.96,2269.87,4924.64,13083.6,5669.0,5,0,36.7,20.3,0.2,5138.0,0.487,1.753,2.6152,53.17,HIGH,2
2024-05-27,2024,5,148,Rice,1340.06,2351.12,4959.89,12598.85,5582.0,7,0,36.7,16.2,0.7,5319.0,-0.14,1.754,2.5224,66.73,HIGH,2
2024-05-28,2024,5,149,Wheat,1311.21,2309.41,4349.41,10830.96,4830.0,7,0,38.7,19.8,1.0,5423.0,-0.003,1.761,2.8111,71.41,HIGH,2
2024-05-29,2024,5,150,Tomato,1398.33,2383.43,4308.94,10495.16,4664.0,7,0,36.9,15.6,0.9,5441.0,0.263,1.704,2.6942,68.51,HIGH,2
2024-05-30,2024,5,151,Onion,1268.42,2103.61,4039.25,10567.03,4672.0,7,0,38.6,16.0,0.1,5214.0,0.126,1.658,2.7502,67.76,HIGH,2
2024-05-31,2024,5,152,Sugar,1307.16,2309.2,4755.08,11876.77,5342.0,6,0,34.2,15.1,3.1,5252.0,-0.261,1.767,2.6734,63.93,HIGH,2
2024-06-01,2024,6,153,Milk,1263.14,2279.52,4865.29,11654.96,5225.0,7,0,30.0,20.4,7.2,5288.0,0.428,1.805,2.7359,66.78,HIGH,2
2024-06-02,2024,6,154,Rice,1279.12,2326.11,4496.94,11467.21,5131.0,7,0,31.7,17.5,10.5,5823.0,-0.064,1.819,2.9393,77.64,HIGH,2
2024-06-03,2024,6,155,Wheat,1308.26,2290.69,4621.63,11683.4,5089.0,5,0,32.5,11.2,6.2,5213.0,0.096,1.751,2.9572,61.01,HIGH,2
2024-06-04,2024,6,156,Tomato,1336.31,2487.31,5169.66,12942.07,5591.0,6,0,29.7,15.6,14.3,5338.0,0.045,1.861,3.0775,69.32,HIGH,2
2024-06-05,2024,6,157,Onion,1321.41,2360.57,4427.29,11200.43,4984.0,6,0,30.7,20.4,4.6,5199.0,0.386,1.786,2.9449,64.23,HIGH,2
2024-06-06,2024,6,158,Sugar,1219.7,2279.88,4862.84,13018.15,5720.0,5,0,29.3,19.0,15.1,5332.0,0.089,1.869,2.8324,60.36,HIGH,2
2024-06-07,2024,6,159,Milk,1209.5,2165.31,4177.94,10204.44,4606.0,6,0,31.4,17.8,28.7,5392.0,-0.246,1.79,2.7141,65.86,HIGH,2
2024-06-08,2024,6,160,Rice,1312.83,2240.48,4313.85,11385.76,5022.0,6,1,29.7,18.5,41.0,5263.0,0.227,1.707,2.8702,94.55,HIGH,2
2024-06-09,2024,6,161,Wheat,1324.3,2337.14,5069.34,12921.92,5633.0,7,0,31.7,14.8,50.1,5147.0,0.138,1.765,2.8139,67.99,HIGH,2
2024-06-10,2024,6,162,Tomato,1337.21,2459.18,5138.69,14024.78,6051.0,6,0,30.1,23.2,1.4,5983.0,-0.031,1.839,3.0499,75.73,HIGH,2
2024-06-11,2024,6,163,Onion,1294.48,2373.45,4982.74,12532.86,5561.0,4,0,31.7,20.8,14.6,5419.0,0.254,1.834,2.8193,55.21,HIGH,2
2024-06-12,2024,6,164,Sugar,1235.42,2260.21,4695.21,11499.48,5129.0,5,0,29.1,17.9,16.6,5301.0,-0.185,1.83,2.7308,59.9,HIGH,2
2024-06-13,2024,6,165,Milk,1330.98,2329.9,4461.83,11831.45,5296.0,5,0,35.1,15.2,40.9,5407.0,-0.005,1.751,2.6219,58.42,HIGH,2
2024-06-14,2024,6,166,Rice,1320.21,2551.29,5075.23,12950.93,5668.0,7,0,33.1,21.7,1.3,5849.0,-0.083,1.932,2.6912,74.27,HIGH,2
2024-06-15,2024,6,167,Wheat,1328.95,2414.38,5176.13,13614.0,5938.0,5,0,30.5,17.2,0.4,5230.0,-0.171,1.817,2.7834,59.91,HIGH,2
2024-06-16,2024,6,168,Tomato,1251.88,2119.36,4268.21,10306.72,4694.0,7,0,30.1,18.5,7.7,5392.0,-0.379,1.693,2.8165,73.06,HIGH,2
2024-06-17,2024,6,169,Onion,1185.99,2256.85,4380.03,10200.35,4578.0,5,0,32.6,16.5,6.1,5548.0,0.201,1.903,2.5876,58.29,HIGH,2
2024-06-18,2024,6,170,Sugar,1277.26,2288.66,4956.45,12518.76,5510.0,7,0,33.6,15.3,10.1,5273.0,-0.248,1.792,2.5606,67.38,HIGH,2
2024-06-19,2024,6,171,Milk,1319.51,2421.33,5220.13,12506.32,5555.0,7,0,31.3,17.7,13.3,5124.0,0.676,1.835,2.5175,60.62,HIGH,2
2024-06-20,2024,6,172,Rice,1264.86,2120.81,4539.61,12095.73,5255.0,5,0,30.0,20.8,22.1,5300.0,0.794,1.677,2.4914,51.4,MEDIUM,1
2024-06-21,2024,6,173,Wheat,1346.96,2265.43,4438.9,10624.48,4776.0,4,0,29.9,21.3,22.3,5352.0,0.429,1.682,2.5002,48.88,HIGH,2
2024-06-22,2024,6,174,Tomato,1306.41,2226.29,4711.87,11933.98,5239.0,4,0,30.3,17.6,18.8,5191.0,0.696,1.704,2.5256,46.31,HIGH,2
2024-06-23,2024,6,175,Onion,1259.81,2410.28,4737.44,10898.41,4874.0,4,0,30.5,15.7,6.3,5380.0,-0.018,1.913,2.5709,52.45,HIGH,2
2024-06-24,2024,6,176,Sugar,1264.02,2164.62,4484.49,10907.52,4840.0,6,1,28.8,16.4,21.3,5357.0,0.615,1.712,2.5446,88.66,HIGH,2
2024-06-25,2024,6,177,Milk,1279.1,2287.81,4494.12,10952.05,4872.0,4,0,31.6,14.0,3.2,5330.0,-0.161,1.789,2.5143,51.82,HIGH,2
2024-06-26,2024,6,178,Rice,1179.29,2147.33,4278.6,10226.97,4624.0,4,0,30.2,18.3,7.7,5325.0,0.11,1.821,2.3866,48.5,MEDIUM,1
2024-06-27,2024,6,179,Wheat,1314.19,2360.66,4617.83,11840.47,5308.0,6,0,32.1,22.7,12.0,5101.0,0.46,1.796,2.3525,54.0,MEDIUM,1
2024-06-28,2024,6,180,Tomato,1283.61,2095.5,4512.73,10814.17,4815.0,6,0,29.8,18.5,15.5,5420.0,0.106,1.633,2.5555,62.0,HIGH,2
2024-06-29,2024,6,181,Onion,1316.42,2430.74,5372.46,14363.26,6227.0,5,0,31.3,18.9,10.5,5403.0,0.103,1.846,2.7172,59.27,HIGH,2
2024-06-30,2024,6,182,Sugar,1222.22,2269.32,4557.94,11555.19,5128.0,7,0,29.5,20.1,33.5,5377.0,0.286,1.857,2.6423,66.97,HIGH,2
2024-07-01,2024,7,183,Milk,1176.7,2229.33,4285.43,11120.44,4942.0,8,0,24.9,18.2,45.4,5291.0,0.546,1.895,2.4555,67.01,MEDIUM,1
2024-07-02,2024,7,184,Rice,1256.59,2216.84,4876.59,11621.06,5165.0,8,0,27.8,16.1,6.8,5335.0,0.005,1.764,2.4414,69.95,MEDIUM,1
2024-07-03,2024,7,185,Wheat,1151.45,2065.26,4221.15,9981.35,4479.0,7,0,28.3,19.3,8.6,5266.0,0.56,1.794,2.3248,59.73,MEDIUM,1
2024-07-04,2024,7,186,Tomato,1275.9,2235.1,4385.1,11354.48,5100.0,10,0,28.1,19.3,3.4,5259.0,-0.255,1.752,2.3461,79.06,HIGH,2
2024-07-05,2024,7,187,Onion,1173.25,1996.79,4078.42,10424.91,4666.0,10,0,26.8,17.1,7.3,5302.0,0.152,1.702,2.2938,76.67,HIGH,2
2024-07-06,2024,7,188,Sugar,1203.26,2185.86,4753.39,11114.75,4890.0,10,0,27.2,18.5,3.2,5449.0,0.204,1.817,2.237,77.03,HIGH,2
2024-07-07,2024,7,189,Milk,1065.29,1743.0,3401.63,8432.83,3889.0,9,0,25.5,15.9,9.6,5239.0,-0.169,1.636,2.083,69.48,HIGH,2
2024-07-08,2024,7,190,Rice,1132.02,2018.52,3899.96,9697.34,4322.0,9,0,26.2,21.2,36.7,5314.0,-0.008,1.783,2.0532,68.98,HIGH,2
2024-07-09,2024,7,191,Wheat,1079.79,1890.39,3725.49,9363.42,4225.0,10,0,26.1,12.1,33.5,5399.0,0.504,1.751,1.9443,70.63,HIGH,2
2024-07-10,2024,7,192,Tomato,1102.02,2009.59,3845.15,9741.48,4427.0,7,0,25.9,16.3,2.9,5217.0,0.274,1.824,1.8019,52.83,MEDIUM,1
2024-07-11,2024,7,193,Onion,1175.71,2319.4,4715.38,11628.22,5009.0,8,0,28.4,16.2,18.1,5356.0,0.356,1.973,1.7679,58.3,MEDIUM,1
2024-07-12,2024,7,194,Sugar,1046.86,1944.8,3777.54,8218.92,3869.0,9,0,28.6,20.2,20.1,5256.0,0.013,1.858,1.7695,64.04,HIGH,2
2024-07-13,2024,7,195,Milk,1005.84,1940.66,4084.76,10547.97,4750.0,8,0,27.2,14.9,12.6,5476.0,0.334,1.929,1.6235,57.44,MEDIUM,1
2024-07-14,2024,7,196,Rice,1071.4,2084.56,4362.26,11404.32,5024.0,7,0,28.8,19.6,8.9,5189.0,0.325,1.946,1.5373,48.32,MEDIUM,1
2024-07-15,2024,7,197,Wheat,1108.08,1860.66,4010.36,10797.52,4768.0,10,0,27.1,17.1,20.0,5204.0,0.21,1.679,1.4442,62.65,MEDIUM,1
2024-07-16,2024,7,198,Tomato,1131.91,2039.38,3814.56,9969.59,4493.0,7,0,26.2,16.9,21.2,5285.0,0.233,1.802,1.443,48.33,MEDIUM,1
2024-07-17,2024,7,199,Onion,1100.76,1911.21,4049.85,10047.45,4438.0,7,0,26.6,19.0,3.0,5301.0,0.01,1.736,1.4187,49.24,MEDIUM,1
2024-07-18,2024,7,200,Sugar,1134.57,2078.04,4272.56,10192.07,4596.0,8,0,25.2,18.2,0.7,5301.0,0.713,1.832,1.3941,50.36,MEDIUM,1
2024-07-19,2024,7,201,Milk,1121.72,2191.78,4590.74,12027.72,5298.0,8,0,26.2,13.4,27.0,5310.0,0.752,1.954,1.3996,50.33,MEDIUM,1
2024-07-20,2024,7,202,Rice,1139.15,2032.24,4069.47,10724.08,4717.0,9,0,27.3,22.5,4.5,5186.0,0.576,1.784,1.3835,54.73,MEDIUM,1
2024-07-21,2024,7,203,Wheat,1109.56,2015.67,3892.5,10650.59,4755.0,7,0,27.8,21.9,37.9,5314.0,0.013,1.817,1.448,49.8,MEDIUM,1
2024-07-22,2024,7,204,Tomato,1084.77,1973.79,3954.88,9684.51,4384.0,9,0,27.5,19.4,18.1,5423.0,0.412,1.82,1.4808,59.38,MEDIUM,1
2024-07-23,2024,7,205,Onion,931.59,1739.77,3254.25,7679.74,3603.0,7,0,24.8,18.8,45.9,5446.0,-0.384,1.868,1.4948,53.8,MEDIUM,1
2024-07-24,2024,7,206,Sugar,1111.69,1949.92,3893.73,9278.19,4178.0,8,1,25.8,18.8,11.0,5261.0,0.433,1.754,1.5532,83.74,HIGH,2
2024-07-25,2024,7,207,Milk,1060.15,1946.41,4045.28,10175.66,4602.0,7,1,29.1,18.4,16.4,5186.0,-0.069,1.836,1.5802,80.91,HIGH,2
2024-07-26,2024,7,208,Rice,1049.36,1818.16,3572.4,9034.86,4091.0,7,0,27.1,19.3,19.1,5354.0,-0.121,1.733,1.5896,52.99,MEDIUM,1
2024-07-27,2024,7,209,Wheat,988.73,1888.05,3591.61,8872.8,3965.0,9,0,27.1,17.7,8.8,5219.0,0.175,1.91,1.637,60.87,HIGH,2
2024-07-28,2024,7,210,Tomato,1090.32,1846.14,3730.22,9122.11,4130.0,8,0,30.6,17.6,31.7,5360.0,0.192,1.693,1.7541,58.95,MEDIUM,1
2024-07-29,2024,7,211,Onion,1056.16,1955.17,3665.74,9297.76,4221.0,8,0,26.1,17.7,26.5,5430.0,0.343,1.851,1.618,56.86,MEDIUM,1
2024-07-30,2024,7,212,Sugar,1069.55,1914.98,3708.3,8841.99,4107.0,9,0,23.4,17.5,16.5,5956.0,0.419,1.79,1.6683,67.49,HIGH,2
2024-07-31,2024,7,213,Milk,1066.81,1869.93,3738.55,9430.09,4256.0,7,0,28.7,13.9,9.3,5195.0,1.0,1.753,1.6706,47.01,MEDIUM,1
2024-08-01,2024,8,214,Rice,1089.32,1851.51,3313.46,8295.8,3771.0,10,0,27.8,20.3,7.5,5312.0,0.446,1.7,1.8315,68.36,HIGH,2
2024-08-02,2024,8,215,Wheat,1045.61,1741.16,3391.66,7964.21,3647.0,9,1,27.6,18.6,35.3,5203.0,-0.014,1.665,1.9353,96.13,HIGH,2
2024-08-03,2024,8,216,Tomato,1015.35,1817.93,3642.26,9506.16,4308.0,7,0,26.3,18.6,0.8,5314.0,0.501,1.79,2.1363,57.68,MEDIUM,1
2024-08-04,2024,8,217,Onion,1020.24,1952.15,3712.59,9295.56,4233.0,9,0,28.2,21.3,5.1,5256.0,-0.233,1.913,2.1745,71.34,HIGH,2
2024-08-05,2024,8,218,Sugar,1115.7,1966.14,4052.38,11294.58,5022.0,9,1,24.5,14.9,15.2,5253.0,0.931,1.762,2.3786,98.55,HIGH,2
2024-08-06,2024,8,219,Milk,1092.12,1819.26,3541.91,8681.62,4031.0,8,0,27.7,16.7,97.5,5449.0,0.216,1.666,2.3582,68.78,MEDIUM,1
2024-08-07,2024,8,220,Rice,978.07,1713.45,3342.0,8822.34,4080.0,7,1,28.9,13.8,48.9,5892.0,0.446,1.752,2.2868,95.99,HIGH,2
2024-08-08,2024,8,221,Wheat,1020.06,1865.51,3496.77,8819.86,4070.0,10,0,27.5,22.8,2.1,5311.0,0.264,1.829,2.2713,75.86,HIGH,2
2024-08-09,2024,8,222,Tomato,1008.16,1789.3,3721.55,9374.7,4346.0,9,0,23.8,16.9,14.8,5316.0,-0.385,1.775,2.2345,73.6,HIGH,2
2024-08-10,2024,8,223,Onion,910.49,1636.72,3055.51,7758.83,3601.0,8,0,27.7,20.7,2.4,5216.0,0.389,1.798,2.0954,61.65,MEDIUM,1
2024-08-11,2024,8,224,Sugar,1037.67,1841.02,3734.04,8924.51,4165.0,8,1,28.6,18.9,0.0,5473.0,0.918,1.774,2.0453,90.82,HIGH,2
2024-08-12,2024,8,225,Milk,954.03,1771.52,3385.55,8424.9,3909.0,7,0,25.8,14.5,1.2,5886.0,0.366,1.857,1.9816,61.75,MEDIUM,1
2024-08-13,2024,8,226,Rice,1069.98,1813.35,3601.3,9598.43,4298.0,10,0,28.1,19.5,9.4,5125.0,0.09,1.695,1.879,68.98,HIGH,2
2024-08-14,2024,8,227,Wheat,961.76,1648.96,3300.68,7554.36,3550.0,10,0,26.9,20.0,5.1,5816.0,0.366,1.715,1.8805,74.54,HIGH,2
2024-08-15,2024,8,228,Tomato,807.36,1411.5,2623.59,6685.01,3167.0,10,0,26.6,18.0,9.7,5407.0,0.623,1.748,1.7136,66.66,HIGH,2
2024-08-16,2024,8,229,Onion,944.39,1857.1,3682.09,9367.23,4310.0,9,0,26.7,13.2,5.7,5294.0,0.315,1.966,1.6673,61.37,HIGH,2
2024-08-17,2024,8,230,Sugar,963.01,1767.55,3662.05,9478.45,4340.0,9,0,29.2,18.0,4.5,5371.0,0.168,1.835,1.6673,62.88,HIGH,2
2024-08-18,2024,8,231,Milk,913.62,1693.79,3575.79,9288.84,4160.0,10,0,28.3,17.5,1.4,5269.0,0.556,1.854,1.4433,61.56,MEDIUM,1
2024-08-19,2024,8,232,Rice,965.26,1727.58,3635.35,9348.31,4270.0,8,0,27.2,16.3,11.2,5364.0,-0.272,1.79,1.4155,56.23,MEDIUM,1
2024-08-20,2024,8,233,Wheat,963.4,1681.31,3207.51,7482.58,3444.0,10,0,28.6,19.6,3.4,5289.0,0.408,1.745,1.4356,62.38,MEDIUM,1
2024-08-21,2024,8,234,Tomato,905.95,1698.24,3316.04,8252.65,3768.0,10,0,28.1,15.9,14.0,5383.0,0.027,1.875,1.4038,64.75,MEDIUM,1
2024-08-22,2024,8,235,Onion,964.76,1825.54,3688.66,8859.17,4055.0,8,0,25.5,19.4,5.2,5232.0,0.339,1.892,1.373,51.22,MEDIUM,1
2024-08-23,2024,8,236,Sugar,869.28,1586.43,3113.5,7566.69,3549.0,7,1,27.0,15.1,1.1,5234.0,-0.585,1.825,1.3882,81.09,HIGH,2
2024-08-24,2024,8,237,Milk,891.33,1756.83,3612.34,9320.98,4264.0,7,0,26.9,23.6,4.5,5266.0,0.05,1.971,1.3087,47.04,MEDIUM,1
2024-08-25,2024,8,238,Rice,972.97,1659.58,3208.51,7749.01,3662.0,9,0,28.6,14.5,33.0,5340.0,0.582,1.706,1.3537,55.8,MEDIUM,1
2024-08-26,2024,8,239,Wheat,954.14,1780.77,3386.21,7756.09,3622.0,10,0,26.4,11.0,3.9,5363.0,0.486,1.866,1.3808,61.91,MEDIUM,1
2024-08-27,2024,8,240,Tomato,981.77,1796.91,3901.73,8995.87,4012.0,10,0,27.5,18.8,17.8,5209.0,0.004,1.83,1.4196,63.36,MEDIUM,1
2024-08-28,2024,8,241,Onion,851.0,1590.54,3017.62,7720.22,3637.0,7,0,29.2,18.5,46.0,5258.0,0.21,1.869,1.3821,47.26,MEDIUM,1
2024-08-29,2024,8,242,Sugar,877.01,1590.37,3354.09,8799.62,3992.0,10,0,25.2,16.2,37.0,5310.0,0.225,1.813,1.3672,62.48,MEDIUM,1
2024-08-30,2024,8,243,Milk,926.07,1789.08,3615.44,9095.7,4062.0,7,1,26.9,16.8,68.5,5377.0,0.565,1.932,1.3811,76.66,HIGH,2
2024-08-31,2024,8,244,Rice,874.82,1569.64,2719.84,6445.17,3072.0,8,0,25.8,20.8,3.7,5397.0,-0.285,1.794,1.5433,58.54,MEDIUM,1
2024-09-01,2024,9,245,Wheat,997.67,1785.69,4078.85,11143.97,4999.0,6,0,29.0,17.6,2.8,5357.0,0.407,1.79,1.6972,46.99,MEDIUM,1
2024-09-02,2024,9,246,Tomato,966.77,1643.64,3533.75,8645.44,3992.0,7,0,31.3,19.1,23.1,5414.0,0.225,1.7,1.702,53.54,MEDIUM,1
2024-09-03,2024,9,247,Onion,960.09,1760.95,3296.26,7709.48,3643.0,4,0,29.5,23.7,5.8,5271.0,-0.668,1.834,1.7452,42.23,MEDIUM,1
2024-09-04,2024,9,248,Sugar,1061.37,1858.47,3518.71,8738.89,3949.0,6,0,28.7,21.0,1.2,5218.0,0.46,1.751,1.6503,44.63,MEDIUM,1
2024-09-05,2024,9,249,Milk,942.21,1686.81,3331.81,8502.71,3933.0,7,0,28.3,22.6,0.8,5042.0,-0.084,1.79,1.7875,52.65,MEDIUM,1
2024-09-06,2024,9,250,Rice,874.41,1673.22,3366.16,8986.14,4119.0,5,0,27.9,16.0,7.6,5526.0,0.368,1.914,1.7465,44.62,MEDIUM,1
2024-09-07,2024,9,251,Wheat,900.83,1597.21,3175.33,7265.05,3397.0,6,0,31.1,13.9,0.1,5264.0,0.296,1.773,1.8289,48.59,MEDIUM,1
2024-09-08,2024,9,252,Tomato,967.08,1861.65,3634.29,8952.86,4097.0,6,0,29.3,17.3,8.9,5382.0,0.631,1.925,1.8442,48.33,MEDIUM,1
2024-09-09,2024,9,253,Onion,930.93,1701.05,3553.7,9139.04,4130.0,4,1,29.0,18.2,6.7,5346.0,0.107,1.827,1.8383,70.5,HIGH,2
2024-09-10,2024,9,254,Sugar,948.73,1658.01,3302.07,8283.29,3888.0,6,0,30.7,22.1,35.0,5281.0,0.119,1.748,1.9251,51.09,MEDIUM,1
2024-09-11,2024,9,255,Milk,975.97,1768.57,3464.2,8836.56,3980.0,4,0,27.6,18.8,1.5,5320.0,-0.058,1.812,1.915,42.22,MEDIUM,1
2024-09-12,2024,9,256,Rice,911.48,1639.4,3239.13,7368.37,3450.0,7,0,31.6,17.2,26.9,5143.0,0.046,1.799,2.1258,58.09,MEDIUM,1
2024-09-13,2024,9,257,Wheat,902.99,1707.78,3561.6,8544.89,3836.0,7,0,28.7,12.7,44.0,5401.0,0.079,1.891,2.0808,59.83,MEDIUM,1
2024-09-14,2024,9,258,Tomato,921.56,1824.2,3690.23,9128.78,4172.0,6,0,24.8,14.7,23.1,5360.0,0.43,1.979,2.1956,54.38,MEDIUM,1
2024-09-15,2024,9,259,Onion,820.44,1521.98,2831.84,6750.03,3202.0,5,0,24.8,18.4,4.6,5355.0,0.052,1.855,2.1023,49.82,MEDIUM,1
2024-09-16,2024,9,260,Sugar,904.18,1770.76,3643.31,9340.2,4204.0,6,0,26.5,16.9,2.6,5270.0,-0.342,1.958,2.0933,55.81,MEDIUM,1
2024-09-17,2024,9,261,Milk,972.54,1784.29,3573.77,8460.21,3919.0,4,0,31.1,18.3,11.0,5835.0,-0.5,1.835,2.0564,51.7,MEDIUM,1
2024-09-18,2024,9,262,Rice,1014.98,1888.63,3727.63,8820.17,4064.0,5,0,27.2,14.0,1.4,5303.0,-0.12,1.861,1.9622,48.06,MEDIUM,1
2024-09-19,2024,9,263,Wheat,929.3,1608.49,3368.78,8455.22,3828.0,6,0,27.5,20.1,9.5,5240.0,-0.058,1.731,1.9274,51.6,MEDIUM,1
2024-09-20,2024,9,264,Tomato,843.77,1546.83,3253.84,8269.17,3826.0,5,0,28.7,16.1,14.1,5348.0,0.482,1.833,1.8424,43.71,MEDIUM,1
2024-09-21,2024,9,265,Onion,876.58,1564.55,2884.84,6832.97,3272.0,7,1,27.2,20.3,0.2,5352.0,0.137,1.785,1.9227,86.68,HIGH,2
2024-09-22,2024,9,266,Sugar,825.03,1446.53,2866.5,7255.13,3451.0,4,0,30.3,18.9,0.5,5479.0,-0.097,1.753,1.8701,43.33,MEDIUM,1
2024-09-23,2024,9,267,Milk,937.06,1766.98,3575.55,8807.99,3964.0,4,0,28.1,19.8,1.1,5339.0,0.631,1.886,1.8634,38.19,MEDIUM,1
2024-09-24,2024,9,268,Rice,809.69,1372.92,2622.38,6903.44,3227.0,5,0,29.8,16.4,24.5,5493.0,0.278,1.696,1.8154,45.77,MEDIUM,1
2024-09-25,2024,9,269,Wheat,903.03,1674.48,3515.88,8670.93,3986.0,5,0,32.0,21.2,65.5,5247.0,-0.308,1.854,1.8041,46.07,MEDIUM,1
2024-09-26,2024,9,270,Tomato,959.69,1723.32,3189.27,8058.15,3763.0,5,1,27.8,21.2,4.9,5383.0,0.263,1.796,1.8182,74.79,HIGH,2
2024-09-27,2024,9,271,Onion,847.97,1519.42,3059.72,8034.55,3717.0,7,0,25.9,18.3,51.7,5436.0,0.105,1.792,1.8024,55.87,MEDIUM,1
2024-09-28,2024,9,272,Sugar,849.38,1416.29,3052.46,7721.18,3698.0,6,0,27.3,11.8,11.5,5294.0,0.064,1.667,1.786,49.41,MEDIUM,1
2024-09-29,2024,9,273,Milk,931.84,1709.22,3344.68,8325.05,3828.0,4,0,31.6,18.6,7.6,5314.0,0.267,1.834,1.7696,38.35,MEDIUM,1
2024-09-30,2024,9,274,Rice,858.42,1420.99,2808.79,7299.77,3353.0,5,0,28.4,15.4,6.4,5360.0,0.137,1.655,1.6668,42.92,MEDIUM,1
2024-10-01,2024,10,275,Wheat,986.24,1736.31,3683.02,9570.84,4318.0,8,0,32.8,10.1,1.2,5139.0,0.105,1.761,1.4445,52.53,MEDIUM,1
2024-10-02,2024,10,276,Tomato,948.39,1726.25,3255.98,7401.61,3452.0,6,0,32.3,10.1,1.0,5181.0,-0.097,1.82,1.4827,44.54,MEDIUM,1
2024-10-03,2024,10,277,Onion,1000.82,1840.51,3862.11,9535.59,4300.0,8,0,33.5,11.8,0.3,5028.0,0.691,1.839,1.4924,49.21,MEDIUM,1
2024-10-04,2024,10,278,Sugar,916.65,1672.99,3131.61,7407.54,3509.0,6,1,30.8,6.2,2.9,5516.0,0.353,1.825,1.6832,78.64,HIGH,2
2024-10-05,2024,10,279,Milk,1034.03,1761.5,3210.1,8325.54,3832.0,6,0,32.2,10.5,1.9,5224.0,0.421,1.704,1.5712,43.7,MEDIUM,1
2024-10-06,2024,10,280,Rice,1001.2,1851.27,3328.6,7866.12,3617.0,9,0,30.5,7.6,17.9,5127.0,0.5,1.849,1.5301,56.72,HIGH,2
2024-10-07,2024,10,281,Wheat,1097.74,1828.25,4147.65,10686.99,4742.0,7,1,31.9,7.5,5.8,5158.0,0.159,1.665,1.5058,78.37,HIGH,2
2024-10-08,2024,10,282,Tomato,952.34,1727.43,3782.77,9720.6,4312.0,8,0,32.1,5.3,9.7,5194.0,-0.114,1.814,1.5532,55.81,MEDIUM,1
2024-10-09,2024,10,283,Onion,1004.59,1734.87,3249.49,8397.45,3780.0,9,0,30.8,8.2,7.0,5276.0,-0.11,1.727,1.5093,60.95,HIGH,2
2024-10-10,2024,10,284,Sugar,914.84,1616.7,3365.98,7962.21,3659.0,9,0,34.3,6.0,3.1,5175.0,-0.294,1.767,1.5138,60.93,HIGH,2
2024-10-11,2024,10,285,Milk,900.65,1660.15,3409.02,8336.37,3768.0,7,0,34.7,10.1,0.6,5164.0,0.375,1.843,1.5128,47.46,MEDIUM,1
2024-10-12,2024,10,286,Rice,959.65,1793.85,3657.38,9121.78,4028.0,6,0,34.1,7.9,0.1,5152.0,0.388,1.869,1.494,41.99,MEDIUM,1
2024-10-13,2024,10,287,Wheat,991.82,1729.1,3408.64,8535.43,3915.0,6,0,30.3,6.3,2.2,5183.0,0.409,1.743,1.4814,42.01,MEDIUM,1
2024-10-14,2024,10,288,Tomato,868.91,1527.84,3190.21,7809.87,3672.0,7,0,28.7,9.9,3.1,5292.0,0.431,1.758,1.4556,47.6,MEDIUM,1
2024-10-15,2024,10,289,Onion,942.34,1666.92,3317.49,8337.51,3819.0,8,0,32.1,11.3,6.7,4887.0,-0.157,1.769,1.4391,51.24,LOW,0
2024-10-16,2024,10,290,Sugar,938.81,1646.85,3194.88,8411.68,3900.0,7,0,33.8,8.7,1.0,5346.0,0.205,1.754,1.4169,48.69,MEDIUM,1
2024-10-17,2024,10,291,Milk,884.53,1710.74,3556.59,9282.44,4189.0,7,0,33.4,8.6,3.6,5149.0,0.029,1.934,1.4337,47.85,MEDIUM,1
2024-10-18,2024,10,292,Rice,901.68,1588.47,3177.87,7993.87,3765.0,6,0,28.8,12.0,4.7,5075.0,-0.06,1.762,1.465,43.03,MEDIUM,1
2024-10-19,2024,10,293,Wheat,939.6,1687.8,3329.04,8340.12,3867.0,8,0,32.4,6.6,1.5,5268.0,0.648,1.796,1.4647,51.41,MEDIUM,1
2024-10-20,2024,10,294,Tomato,917.58,1651.51,3388.7,7804.45,3583.0,6,0,33.0,8.5,2.6,5188.0,0.243,1.8,1.5227,43.51,MEDIUM,1
2024-10-21,2024,10,295,Onion,891.47,1670.86,3325.6,8122.53,3703.0,6,0,32.2,11.6,0.7,5235.0,0.368,1.874,1.4482,42.23,MEDIUM,1
2024-10-22,2024,10,296,Sugar,897.88,1719.73,3333.77,8758.94,4061.0,9,0,29.9,6.4,2.8,5131.0,0.609,1.915,1.4693,55.3,MEDIUM,1
2024-10-23,2024,10,297,Milk,971.39,1722.93,3306.41,8565.43,3963.0,7,0,29.3,11.2,5.6,5295.0,0.062,1.774,1.4572,49.5,MEDIUM,1
2024-10-24,2024,10,298,Rice,882.95,1596.74,3132.52,7931.53,3670.0,9,0,33.9,9.0,4.8,5136.0,0.168,1.808,1.4647,57.49,MEDIUM,1
2024-10-25,2024,10,299,Wheat,940.51,1801.65,3776.63,8718.4,3901.0,9,0,30.0,6.8,3.5,5297.0,0.288,1.916,1.4764,58.68,MEDIUM,1
2024-10-26,2024,10,300,Tomato,917.2,1621.59,3112.3,7656.23,3643.0,9,0,28.3,8.2,5.1,5621.0,0.367,1.768,1.4967,61.83,MEDIUM,1
2024-10-27,2024,10,301,Onion,843.24,1569.72,3277.53,7506.37,3440.0,8,0,33.4,5.6,1.5,5137.0,-0.559,1.862,1.521,56.98,MEDIUM,1
2024-10-28,2024,10,302,Sugar,867.43,1537.43,2953.14,7503.17,3555.0,9,0,32.3,10.1,1.4,5267.0,-0.161,1.772,1.5605,61.88,HIGH,2
2024-10-29,2024,10,303,Milk,839.48,1566.82,3021.63,7719.83,3582.0,6,0,32.8,12.1,3.1,5599.0,0.126,1.866,1.5047,47.93,MEDIUM,1
2024-10-30,2024,10,304,Rice,955.78,1727.16,3379.92,8681.84,3984.0,6,0,33.6,10.9,2.1,4974.0,0.234,1.807,1.4987,41.05,LOW,0
2024-10-31,2024,10,305,Wheat,846.53,1595.28,3427.27,8830.71,4016.0,6,0,33.2,13.8,4.7,5160.0,0.172,1.884,1.407,41.84,MEDIUM,1
2024-11-01,2024,11,306,Tomato,843.58,1391.74,3009.98,7532.49,3519.0,7,0,25.6,6.9,7.0,5152.0,-0.123,1.65,1.3439,47.29,MEDIUM,1
2024-11-02,2024,11,307,Onion,826.23,1434.13,2942.5,7089.02,3359.0,8,0,28.6,10.3,1.4,5403.0,-0.395,1.736,1.3281,55.93,MEDIUM,1
2024-11-03,2024,11,308,Sugar,845.79,1462.15,2740.5,6760.72,3197.0,8,0,30.4,8.5,4.5,5227.0,-0.436,1.729,1.3565,54.8,MEDIUM,1
2024-11-04,2024,11,309,Milk,906.9,1710.04,3146.36,8033.85,3782.0,8,0,27.9,14.4,7.9,5544.0,0.096,1.886,1.4354,56.49,MEDIUM,1
2024-11-05,2024,11,310,Rice,842.76,1574.09,3012.83,7227.72,3428.0,9,0,29.8,11.3,2.4,5009.0,0.087,1.868,1.4849,56.93,MEDIUM,1
2024-11-06,2024,11,311,Wheat,831.67,1508.38,2929.74,7559.97,3550.0,6,0,26.3,12.0,3.9,5232.0,-0.145,1.814,1.4757,45.18,MEDIUM,1
2024-11-07,2024,11,312,Tomato,803.72,1428.03,2966.19,7918.55,3693.0,8,0,27.6,8.1,0.6,5203.0,0.198,1.777,1.2697,50.09,MEDIUM,1
2024-11-08,2024,11,313,Onion,866.32,1586.78,3083.98,7257.9,3342.0,7,0,26.5,7.4,1.8,5114.0,0.395,1.832,1.404,45.22,MEDIUM,1
2024-11-09,2024,11,314,Sugar,866.83,1617.24,3130.93,7942.55,3667.0,6,0,28.8,5.6,1.3,5635.0,-0.485,1.866,1.4008,49.79,MEDIUM,1
2024-11-10,2024,11,315,Milk,924.23,1733.48,3459.58,9048.14,3988.0,6,0,28.3,5.7,5.2,5216.0,0.22,1.876,1.4444,42.73,MEDIUM,1
2024-11-11,2024,11,316,Rice,789.8,1431.6,3039.0,7100.79,3269.0,7,0,28.1,8.9,1.3,5254.0,0.004,1.813,1.3802,48.22,MEDIUM,1
2024-11-12,2024,11,317,Wheat,918.45,1700.48,3133.64,8313.7,3899.0,7,0,26.5,13.4,1.6,5232.0,0.198,1.851,1.4721,48.41,MEDIUM,1
2024-11-13,2024,11,318,Tomato,849.29,1474.73,3116.56,7481.93,3431.0,7,0,28.6,10.7,2.0,5284.0,0.182,1.736,1.4765,49.08,MEDIUM,1
2024-11-14,2024,11,319,Onion,896.36,1768.89,3439.03,8732.13,3983.0,6,0,28.7,10.6,8.0,5286.0,0.608,1.973,1.5396,42.91,MEDIUM,1
2024-11-15,2024,11,320,Sugar,837.4,1600.32,3506.6,8770.42,3971.0,7,0,26.9,12.4,15.9,5203.0,0.38,1.911,1.5797,48.83,MEDIUM,1
2024-11-16,2024,11,321,Milk,705.25,1278.78,2765.34,7183.98,3333.0,9,0,25.4,14.2,3.9,5320.0,0.39,1.813,1.2415,54.87,MEDIUM,1
2024-11-17,2024,11,322,Rice,853.91,1432.88,2978.3,7392.12,3416.0,9,0,28.8,9.5,2.5,5784.0,0.36,1.678,1.262,59.97,MEDIUM,1
2024-11-18,2024,11,323,Wheat,850.84,1500.73,3033.47,7857.26,3671.0,7,0,27.3,7.0,15.4,5351.0,0.057,1.764,1.2844,47.49,MEDIUM,1
2024-11-19,2024,11,324,Tomato,789.59,1395.14,2842.84,7342.93,3547.0,6,0,26.9,8.7,4.0,5243.0,-0.471,1.767,1.2738,43.89,MEDIUM,1
2024-11-20,2024,11,325,Onion,854.78,1509.34,3084.67,7951.79,3638.0,8,0,27.9,7.3,5.3,5242.0,0.358,1.766,1.2757,49.77,MEDIUM,1
2024-11-21,2024,11,326,Sugar,878.4,1603.7,3258.48,7717.48,3594.0,7,0,26.6,15.4,2.6,5524.0,0.867,1.826,1.2439,44.56,MEDIUM,1
2024-11-22,2024,11,327,Milk,846.18,1518.44,2859.81,7765.91,3598.0,8,0,26.7,10.5,1.8,4993.0,0.617,1.794,1.3105,46.5,LOW,0
2024-11-23,2024,11,328,Rice,826.66,1493.55,2974.49,7203.23,3385.0,8,0,27.2,8.9,4.3,5225.0,0.107,1.807,1.3318,51.69,MEDIUM,1
2024-11-24,2024,11,329,Wheat,896.23,1697.14,3417.45,8792.2,4029.0,8,0,29.4,14.8,1.8,5345.0,0.389,1.894,1.3931,52.4,MEDIUM,1
2024-11-25,2024,11,330,Tomato,889.77,1558.99,2677.83,7047.7,3338.0,7,0,29.1,14.7,14.1,5418.0,-0.355,1.752,1.459,52.84,MEDIUM,1
2024-11-26,2024,11,331,Onion,820.52,1519.92,3009.26,8170.16,3652.0,6,0,27.2,12.9,1.6,5390.0,0.614,1.852,1.4473,42.54,MEDIUM,1
2024-11-27,2024,11,332,Sugar,788.19,1372.99,2597.93,6965.57,3214.0,6,0,29.9,11.8,5.7,5106.0,0.843,1.742,1.4432,38.49,MEDIUM,1
2024-11-28,2024,11,333,Milk,888.39,1573.11,3202.23,8191.07,3820.0,8,0,27.8,9.2,5.9,5223.0,0.094,1.771,1.4389,53.34,MEDIUM,1
2024-11-29,2024,11,334,Rice,942.75,1587.68,3461.01,8735.86,4094.0,7,0,28.1,8.4,0.5,5158.0,0.335,1.684,1.4707,46.97,MEDIUM,1
2024-11-30,2024,11,335,Wheat,891.66,1522.86,2892.24,6755.82,3137.0,7,0,27.9,14.7,7.5,5220.0,0.176,1.708,1.4619,48.25,MEDIUM,1
2024-12-01,2024,12,336,Tomato,708.23,1241.75,2316.19,5893.52,2831.0,6,0,24.1,10.7,0.1,5284.0,-0.343,1.753,1.4507,46.32,MEDIUM,1
2024-12-02,2024,12,337,Onion,680.65,1256.92,2488.2,6587.93,3117.0,5,0,21.9,12.4,0.7,5779.0,0.644,1.847,1.3014,39.09,MEDIUM,1
2024-12-03,2024,12,338,Sugar,666.14,1237.54,2440.41,6265.24,2914.0,6,0,24.9,7.6,0.2,5189.0,0.389,1.858,1.1928,37.84,MEDIUM,1
2024-12-04,2024,12,339,Milk,685.45,1232.81,2333.79,5941.93,2893.0,4,0,27.6,7.2,0.0,5378.0,0.571,1.799,1.2125,29.11,MEDIUM,1
2024-12-05,2024,12,340,Rice,639.32,1127.45,2391.25,6071.3,2904.0,6,0,25.2,8.3,0.5,5381.0,0.633,1.764,1.1534,37.95,MEDIUM,1
2024-12-06,2024,12,341,Wheat,698.43,1249.15,2116.91,5380.66,2611.0,6,0,25.2,12.9,0.3,5563.0,0.423,1.789,1.2254,41.9,MEDIUM,1
2024-12-07,2024,12,342,Tomato,676.92,1181.67,2143.59,5162.96,2640.0,4,0,22.3,12.8,0.2,5597.0,0.521,1.746,1.2847,32.64,MEDIUM,1
2024-12-08,2024,12,343,Onion,708.39,1331.93,2590.02,6862.5,3194.0,6,0,21.9,12.3,0.1,5316.0,0.471,1.88,1.2628,39.75,MEDIUM,1
2024-12-09,2024,12,344,Sugar,679.44,1226.89,2484.07,6061.34,2978.0,7,0,26.2,11.8,0.3,5542.0,-0.005,1.806,1.256,49.28,MEDIUM,1
2024-12-10,2024,12,345,Milk,740.08,1251.29,2473.3,6382.36,3145.0,5,0,24.6,9.9,0.2,5342.0,0.069,1.691,1.2426,36.71,MEDIUM,1
2024-12-11,2024,12,346,Rice,653.79,1186.66,2171.44,5184.67,2620.0,5,0,24.7,10.8,0.2,5318.0,-0.202,1.815,1.2739,38.3,MEDIUM,1
2024-12-12,2024,12,347,Wheat,752.52,1361.94,2519.05,6534.64,3117.0,4,0,27.4,11.8,0.4,5773.0,0.134,1.81,1.2934,36.46,MEDIUM,1
2024-12-13,2024,12,348,Tomato,744.66,1365.6,2709.11,6790.83,3235.0,6,0,25.7,12.0,0.2,5375.0,0.182,1.834,1.2968,42.29,MEDIUM,1
2024-12-14,2024,12,349,Onion,601.28,1092.25,2344.62,5531.14,2721.0,4,0,23.1,7.8,1.4,5249.0,0.409,1.817,1.2402,29.05,MEDIUM,1
2024-12-15,2024,12,350,Sugar,787.34,1362.73,2693.7,7078.83,3278.0,4,0,23.6,13.1,0.2,5372.0,0.294,1.731,1.1892,30.09,MEDIUM,1
2024-12-16,2024,12,351,Milk,686.27,1229.21,2477.93,5946.27,2920.0,5,0,25.2,8.6,2.0,5237.0,0.479,1.791,1.2043,33.04,MEDIUM,1
2024-12-17,2024,12,352,Rice,709.64,1252.39,2535.95,6391.15,3038.0,7,0,24.1,10.4,0.3,5262.0,-0.181,1.765,1.2094,46.67,MEDIUM,1
2024-12-18,2024,12,353,Wheat,707.08,1109.69,2244.27,5602.68,2775.0,6,0,23.3,12.6,0.7,5355.0,-0.134,1.569,1.2307,42.68,MEDIUM,1
2024-12-19,2024,12,354,Tomato,794.91,1341.51,2675.01,6544.36,3127.0,4,0,25.6,10.3,1.0,5236.0,0.203,1.688,1.2279,29.76,MEDIUM,1
2024-12-20,2024,12,355,Onion,664.49,1236.38,2588.75,6199.19,2970.0,7,0,26.4,10.4,0.7,5631.0,0.17,1.861,1.2008,48.47,MEDIUM,1
2024-12-21,2024,12,356,Sugar,741.01,1317.82,2742.45,7507.52,3588.0,7,0,28.3,10.3,0.7,5281.0,0.404,1.778,1.2252,44.17,MEDIUM,1
2024-12-22,2024,12,357,Milk,681.43,1204.1,2256.55,5235.89,2609.0,7,0,24.9,10.8,0.2,5334.0,0.557,1.767,1.2584,44.43,MEDIUM,1
2024-12-23,2024,12,358,Rice,684.02,1194.03,2413.37,6168.69,2921.0,5,0,24.4,16.0,0.2,5284.0,-0.109,1.746,1.2607,37.3,MEDIUM,1
2024-12-24,2024,12,359,Wheat,750.29,1351.45,2610.56,6464.49,3034.0,5,0,24.1,10.5,0.2,5279.0,0.69,1.801,1.2098,32.49,MEDIUM,1
2024-12-25,2024,12,360,Tomato,675.87,1167.6,2350.76,6311.75,3035.0,4,0,27.4,3.1,0.3,5359.0,0.535,1.728,1.2643,29.88,MEDIUM,1
2024-12-26,2024,12,361,Onion,713.56,1283.52,2543.99,6049.31,2950.0,6,0,27.9,11.0,0.2,5263.0,0.109,1.799,1.2118,40.26,MEDIUM,1
2024-12-27,2024,12,362,Sugar,762.38,1363.8,2775.73,6492.11,3044.0,5,0,27.0,8.4,0.1,5236.0,0.693,1.789,1.2115,32.07,MEDIUM,1
2024-12-28,2024,12,363,Milk,784.66,1364.71,2588.61,6487.58,3080.0,5,0,26.6,11.4,0.1,5253.0,0.29,1.739,1.1855,33.86,MEDIUM,1
2024-12-29,2024,12,364,Rice,675.24,1280.47,2629.03,6578.27,3093.0,6,0,25.0,5.5,0.5,5257.0,0.135,1.896,1.1396,38.99,MEDIUM,1
2024-12-30,2024,12,365,Wheat,751.66,1347.26,2795.43,7242.51,3343.0,5,0,25.5,12.3,0.3,5340.0,0.132,1.792,1.4443,39.4,MEDIUM,1
2024-12-31,2024,12,366,Tomato,718.93,1307.67,2535.11,6193.11,2950.0,4,0,25.1,8.5,0.2,5328.0,0.045,1.819,1.4327,34.55,MEDIUM,1
2025-01-01,2025,1,1,Onion,725.82,1338.25,2706.58,7090.97,3404.0,5,0,24.6,5.2,0.4,5730.0,0.047,1.844,1.4795,44.26,MEDIUM,1
2025-01-02,2025,1,2,Sugar,750.77,1433.93,2893.54,6968.32,3189.0,7,0,25.9,10.6,2.1,5619.0,-0.12,1.91,1.5174,54.55,MEDIUM,1
2025-01-03,2025,1,3,Milk,730.67,1315.24,2731.5,6635.12,3209.0,7,0,26.4,11.8,0.5,5454.0,-0.177,1.8,1.5194,53.22,MEDIUM,1
2025-01-04,2025,1,4,Rice,750.67,1438.77,3060.33,7272.29,3389.0,5,0,24.0,4.4,0.8,5612.0,0.221,1.917,1.6354,44.55,MEDIUM,1
2025-01-05,2025,1,5,Wheat,763.01,1335.73,2502.75,5921.21,2780.0,5,0,22.4,13.7,1.4,5579.0,0.301,1.751,1.5589,42.67,MEDIUM,1
2025-01-06,2025,1,6,Tomato,810.76,1518.22,3113.08,7530.21,3561.0,4,0,24.3,8.5,0.2,5602.0,0.213,1.873,1.4559,36.79,MEDIUM,1
2025-01-07,2025,1,7,Onion,763.35,1394.78,2861.72,7279.64,3519.0,4,0,24.4,7.5,0.1,5646.0,0.239,1.827,1.4766,37.41,MEDIUM,1
2025-01-08,2025,1,8,Sugar,772.0,1384.91,2789.2,6862.47,3278.0,5,0,22.5,16.2,0.1,5535.0,0.307,1.794,1.4781,40.99,MEDIUM,1
2025-01-09,2025,1,9,Milk,782.42,1444.39,2945.44,7733.54,3586.0,4,0,23.6,7.3,0.0,5577.0,0.184,1.846,1.5335,37.85,MEDIUM,1
2025-01-10,2025,1,10,Rice,745.17,1346.47,2761.59,7696.22,3566.0,6,0,24.2,14.5,0.2,6061.0,-0.167,1.807,1.549,54.68,MEDIUM,1
2025-01-11,2025,1,11,Wheat,678.04,1156.59,2447.48,6001.84,2962.0,5,0,25.6,13.4,0.2,5594.0,0.394,1.706,1.5408,42.08,MEDIUM,1
2025-01-12,2025,1,12,Tomato,799.13,1483.16,3026.05,7571.02,3499.0,6,0,25.3,14.8,0.3,5337.0,0.161,1.856,1.5407,45.68,MEDIUM,1
2025-01-13,2025,1,13,Onion,796.95,1388.72,2865.51,7667.37,3639.0,5,0,23.9,12.2,0.9,5634.0,-0.127,1.743,1.7105,47.63,MEDIUM,1
2025-01-14,2025,1,14,Sugar,804.35,1360.09,2544.24,6250.24,2932.0,5,0,25.1,11.8,0.1,5643.0,-0.247,1.691,1.6905,48.02,MEDIUM,1
2025-01-15,2025,1,15,Milk,837.83,1465.61,2862.66,7183.8,3251.0,6,0,22.3,8.5,0.1,5706.0,0.262,1.749,1.588,49.57,MEDIUM,1
2025-01-16,2025,1,16,Rice,798.57,1375.2,2689.81,7095.91,3250.0,5,0,22.0,6.3,1.3,5421.0,0.084,1.722,1.5725,42.38,MEDIUM,1
2025-01-17,2025,1,17,Wheat,847.94,1432.62,2997.13,8004.81,3723.0,4,0,24.7,0.0,0.3,5644.0,0.161,1.69,1.4856,37.92,MEDIUM,1
2025-01-18,2025,1,18,Tomato,792.27,1460.24,2819.25,6288.89,3021.0,5,0,25.5,12.9,0.3,5616.0,-0.391,1.843,1.5008,45.63,MEDIUM,1
2025-01-19,2025,1,19,Onion,828.62,1492.41,2966.94,7307.64,3357.0,4,1,23.9,14.4,0.4,5527.0,0.366,1.801,1.5233,66.29,HIGH,2
2025-01-20,2025,1,20,Sugar,791.36,1491.05,3001.78,6892.53,3367.0,7,0,22.2,15.6,1.0,5704.0,0.062,1.884,1.4954,54.16,MEDIUM,1
2025-01-21,2025,1,21,Milk,814.83,1420.11,2856.58,6911.15,3194.0,5,0,21.9,11.2,0.6,5559.0,0.496,1.743,1.3651,38.59,MEDIUM,1
2025-01-22,2025,1,22,Rice,830.2,1608.33,3200.72,8187.5,3808.0,5,0,25.2,6.9,1.2,5706.0,0.35,1.937,1.4612,42.23,MEDIUM,1
2025-01-23,2025,1,23,Wheat,871.27,1634.93,3275.97,8414.19,3876.0,7,0,24.8,7.9,0.6,5420.0,0.019,1.876,1.4618,51.03,MEDIUM,1
2025-01-24,2025,1,24,Tomato,853.65,1420.14,2728.04,6247.63,3005.0,5,0,23.0,8.7,0.1,6101.0,-0.487,1.664,1.5175,51.21,MEDIUM,1
2025-01-25,2025,1,25,Onion,826.81,1588.36,2990.43,7225.73,3383.0,5,0,23.0,9.2,0.4,5460.0,0.711,1.921,1.487,38.35,MEDIUM,1
2025-01-26,2025,1,26,Sugar,794.95,1432.52,3116.47,7603.12,3582.0,7,0,22.2,8.5,1.4,5643.0,-0.114,1.802,1.4824,54.24,MEDIUM,1
2025-01-27,2025,1,27,Milk,851.13,1432.22,2786.71,7543.61,3457.0,4,0,25.0,13.3,0.2,5472.0,-0.341,1.683,1.4225,37.76,MEDIUM,1
2025-01-28,2025,1,28,Rice,775.21,1371.91,2748.1,6477.46,3106.0,6,0,23.7,12.1,0.0,5484.0,-0.046,1.77,1.5776,48.73,MEDIUM,1
2025-01-29,2025,1,29,Wheat,823.74,1547.13,2890.87,6957.67,3373.0,5,0,22.6,11.4,0.5,5469.0,0.164,1.878,1.5887,42.7,MEDIUM,1
2025-01-30,2025,1,30,Tomato,881.19,1521.04,2969.44,7440.77,3427.0,5,0,25.9,14.2,0.1,5481.0,0.276,1.726,1.5136,41.13,MEDIUM,1
2025-01-31,2025,1,31,Onion,885.7,1596.52,3221.03,7910.42,3637.0,6,1,25.9,8.2,0.4,5677.0,-0.138,1.803,1.529,80.4,HIGH,2
2025-02-01,2025,2,32,Sugar,900.13,1579.5,3232.29,7864.26,3698.0,6,0,24.2,13.6,0.4,5676.0,0.255,1.755,1.4864,47.78,MEDIUM,1
2025-02-02,2025,2,33,Milk,857.73,1490.24,3178.11,7930.66,3671.0,5,1,28.7,8.9,0.1,5491.0,0.175,1.737,1.5364,72.08,HIGH,2
2025-02-03,2025,2,34,Rice,868.49,1653.45,3123.68,8474.87,4069.0,6,0,24.2,8.0,0.7,5486.0,-0.128,1.904,1.633,50.0,MEDIUM,1
2025-02-04,2025,2,35,Wheat,927.47,1607.08,3279.62,8259.1,3822.0,6,0,27.1,15.6,0.6,5646.0,0.669,1.733,1.464,45.08,MEDIUM,1
2025-02-05,2025,2,36,Tomato,1008.92,1808.82,3670.75,8904.37,4058.0,6,0,26.5,10.9,0.5,5558.0,0.277,1.793,1.3184,43.97,MEDIUM,1
2025-02-06,2025,2,37,Onion,868.68,1610.58,3223.49,8642.52,3928.0,6,0,26.2,7.9,0.8,5563.0,0.676,1.854,1.3948,43.17,MEDIUM,1
2025-02-07,2025,2,38,Sugar,877.96,1572.86,3324.49,8847.43,4064.0,4,0,26.7,13.7,0.1,5996.0,0.346,1.792,1.4592,40.12,MEDIUM,1
2025-02-08,2025,2,39,Milk,908.1,1646.42,3548.77,9580.82,4316.0,5,0,28.0,9.3,0.4,5579.0,0.281,1.813,1.5935,43.29,MEDIUM,1
2025-02-09,2025,2,40,Rice,886.82,1644.35,3160.38,8074.11,3649.0,4,0,26.7,7.7,0.6,5765.0,0.121,1.854,1.6632,41.99,MEDIUM,1
2025-02-10,2025,2,41,Wheat,879.87,1404.97,2760.4,6723.66,3140.0,4,0,27.0,7.1,1.1,5617.0,0.214,1.597,1.8791,43.29,MEDIUM,1
2025-02-11,2025,2,42,Tomato,899.25,1697.54,3395.21,8499.92,3841.0,4,0,26.3,6.3,0.1,5529.0,-0.115,1.888,1.9184,44.64,MEDIUM,1
2025-02-12,2025,2,43,Onion,897.13,1713.57,3201.27,7777.91,3662.0,5,0,27.4,12.8,0.2,5548.0,0.164,1.91,1.9464,48.86,MEDIUM,1
2025-02-13,2025,2,44,Sugar,886.91,1627.59,3248.61,8109.22,3671.0,7,0,26.8,4.4,2.2,5703.0,-0.369,1.835,1.8771,62.03,MEDIUM,1
2025-02-14,2025,2,45,Milk,831.84,1503.57,3353.17,8928.45,4089.0,4,0,26.6,12.4,0.7,5676.0,0.147,1.808,1.9103,44.68,MEDIUM,1
2025-02-15,2025,2,46,Rice,860.52,1540.2,3258.11,8172.11,3791.0,6,0,27.4,8.2,1.2,5543.0,0.455,1.79,1.9444,52.32,MEDIUM,1
2025-02-16,2025,2,47,Wheat,938.66,1734.19,3507.68,9263.58,4124.0,5,0,26.3,9.9,0.2,5525.0,0.04,1.848,1.9536,49.35,MEDIUM,1
2025-02-17,2025,2,48,Tomato,966.0,1645.23,3243.25,8090.95,3689.0,4,0,26.0,8.6,0.1,5749.0,-0.11,1.703,1.7869,44.84,MEDIUM,1
2025-02-18,2025,2,49,Onion,985.59,1891.71,3937.67,9695.8,4314.0,4,0,27.1,13.6,0.3,6164.0,0.253,1.919,1.7705,46.93,MEDIUM,1
2025-02-19,2025,2,50,Sugar,1011.23,1840.8,3927.41,9732.55,4426.0,6,0,27.1,4.7,0.1,5581.0,0.342,1.82,1.7279,50.02,MEDIUM,1
2025-02-20,2025,2,51,Milk,925.44,1593.51,3106.43,7644.41,3610.0,5,0,25.4,13.4,1.2,5395.0,0.568,1.722,1.7142,41.82,MEDIUM,1
2025-02-21,2025,2,52,Rice,939.85,1557.1,3161.87,7973.62,3746.0,5,1,25.0,4.1,1.1,5686.0,0.187,1.657,1.7289,76.86,HIGH,2
2025-02-22,2025,2,53,Wheat,1005.64,1709.94,3405.61,8854.05,4040.0,5,0,26.4,10.2,0.2,5925.0,0.405,1.7,1.644,46.88,MEDIUM,1
2025-02-23,2025,2,54,Tomato,1049.81,1832.46,3505.27,8510.17,3871.0,6,1,26.8,7.7,0.1,5653.0,-0.255,1.746,1.3787,78.49,HIGH,2
2025-02-24,2025,2,55,Onion,944.66,1689.14,3656.14,8924.77,4100.0,6,0,25.0,8.8,0.3,5616.0,0.961,1.788,1.3802,42.06,MEDIUM,1
2025-02-25,2025,2,56,Sugar,933.23,1745.59,3773.05,9429.92,4312.0,6,0,24.8,10.1,0.2,5505.0,0.463,1.87,1.4816,44.96,MEDIUM,1
2025-02-26,2025,2,57,Milk,991.1,1764.29,3344.92,8314.41,3769.0,6,0,27.3,7.6,0.0,5950.0,0.233,1.78,1.4448,50.01,MEDIUM,1
2025-02-27,2025,2,58,Rice,1062.46,1852.81,3752.05,9008.55,4108.0,6,0,23.0,5.9,0.1,5582.0,0.469,1.744,1.3213,43.29,MEDIUM,1
2025-02-28,2025,2,59,Wheat,1029.57,1921.83,3938.51,9751.31,4407.0,4,0,23.2,10.2,0.1,5445.0,-0.432,1.867,1.2922,35.99,MEDIUM,1
2025-03-01,2025,3,60,Tomato,984.83,1605.99,3279.81,7734.64,3629.0,5,1,29.4,9.2,0.0,5282.0,-0.32,1.631,1.2717,68.5,HIGH,2
2025-03-02,2025,3,61,Onion,962.13,1756.2,3368.78,8649.0,3912.0,6,0,30.6,10.9,0.4,5445.0,-0.09,1.825,1.2654,43.88,MEDIUM,1
2025-03-03,2025,3,62,Sugar,997.78,1814.99,3717.83,9349.97,4218.0,7,0,28.7,8.7,1.5,5990.0,-0.144,1.819,1.255,54.44,MEDIUM,1
2025-03-04,2025,3,63,Milk,1059.79,1950.75,3943.53,10450.07,4679.0,7,0,28.0,12.4,2.5,5462.0,0.273,1.841,1.3267,48.16,MEDIUM,1
2025-03-05,2025,3,64,Rice,1022.7,1768.94,3601.35,8209.4,3733.0,6,0,32.7,15.1,1.0,5410.0,0.203,1.73,1.3476,43.3,MEDIUM,1
2025-03-06,2025,3,65,Wheat,1029.43,1826.44,3339.61,8683.83,3899.0,4,0,31.5,12.6,0.8,5960.0,0.23,1.774,1.3154,38.18,MEDIUM,1
2025-03-07,2025,3,66,Tomato,1020.23,1746.93,3381.81,8512.71,3861.0,5,1,27.6,7.5,0.1,5577.0,0.561,1.712,1.3099,67.61,HIGH,2
2025-03-08,2025,3,67,Onion,1066.72,1877.34,3889.9,10828.51,4942.0,7,0,28.8,8.9,0.2,5426.0,0.381,1.76,1.4437,49.01,MEDIUM,1
2025-03-09,2025,3,68,Sugar,1026.97,1824.25,3643.92,9223.57,4091.0,6,0,29.6,8.8,0.2,5393.0,-0.4,1.776,1.4764,48.08,MEDIUM,1
2025-03-10,2025,3,69,Milk,1058.61,1976.06,3945.92,10473.05,4702.0,5,0,30.0,10.5,0.8,5370.0,-0.022,1.867,1.5257,41.7,MEDIUM,1
2025-03-11,2025,3,70,Rice,1064.6,2118.0,4302.34,10337.07,4748.0,7,0,27.8,9.2,0.2,5381.0,0.289,1.989,1.5723,50.95,MEDIUM,1
2025-03-12,2025,3,71,Wheat,1081.39,1951.34,4029.18,10722.54,4764.0,4,0,32.2,12.8,0.6,5549.0,0.387,1.804,1.5114,36.23,MEDIUM,1
2025-03-13,2025,3,72,Tomato,1050.99,1968.78,4248.97,11489.73,5085.0,5,0,32.1,8.0,0.3,5308.0,0.234,1.873,1.6896,42.25,MEDIUM,1
2025-03-14,2025,3,73,Onion,988.84,1826.76,4042.91,10252.47,4551.0,7,0,28.3,9.4,0.6,5517.0,0.271,1.847,1.7244,54.68,MEDIUM,1
2025-03-15,2025,3,74,Sugar,1168.61,2109.44,4046.6,9325.21,4200.0,4,0,30.1,9.2,0.3,5146.0,0.701,1.805,1.5866,31.75,MEDIUM,1
2025-03-16,2025,3,75,Milk,1031.47,1956.99,3997.67,9760.32,4431.0,4,0,27.8,14.2,0.1,5905.0,0.236,1.897,1.8072,44.98,MEDIUM,1
2025-03-17,2025,3,76,Rice,1103.36,1997.71,4035.61,11316.97,5004.0,4,0,28.9,9.9,0.3,5371.0,-0.019,1.811,2.0371,44.36,MEDIUM,1
2025-03-18,2025,3,77,Wheat,1103.72,1956.81,3578.24,9032.67,4147.0,4,0,30.6,13.6,0.0,5518.0,0.092,1.773,2.0464,45.42,MEDIUM,1
2025-03-19,2025,3,78,Tomato,1100.28,1982.26,4338.3,9889.43,4483.0,6,0,28.4,6.8,0.3,5500.0,0.023,1.802,1.9723,54.47,MEDIUM,1
2025-03-20,2025,3,79,Onion,1077.84,2050.97,4381.41,10861.99,4821.0,7,0,28.7,4.4,1.1,5464.0,0.846,1.903,2.0269,55.81,MEDIUM,1
2025-03-21,2025,3,80,Sugar,1061.45,2008.82,3660.65,9760.91,4405.0,7,0,28.8,11.5,0.1,5461.0,0.484,1.893,2.0243,57.55,MEDIUM,1
2025-03-22,2025,3,81,Milk,1017.61,1794.4,3423.77,8134.64,3735.0,5,0,31.2,9.5,0.2,5479.0,-0.12,1.763,2.1091,52.03,MEDIUM,1
2025-03-23,2025,3,82,Rice,1045.69,1913.34,4030.34,10017.31,4476.0,6,0,27.6,13.1,0.3,5434.0,0.276,1.83,2.1538,55.27,MEDIUM,1
2025-03-24,2025,3,83,Wheat,1057.31,1937.07,3807.63,9395.17,4220.0,6,0,32.1,9.0,0.4,5485.0,0.498,1.832,2.1479,54.58,MEDIUM,1
2025-03-25,2025,3,84,Tomato,1058.68,1875.95,4216.47,9945.7,4575.0,7,0,31.2,9.7,0.2,5430.0,-0.069,1.772,2.0969,61.1,MEDIUM,1
2025-03-26,2025,3,85,Onion,1098.56,1912.68,3994.1,9920.1,4463.0,6,0,29.0,8.7,1.5,5394.0,-0.534,1.741,2.1844,59.38,MEDIUM,1
2025-03-27,2025,3,86,Sugar,1122.84,2065.0,4021.98,9682.82,4387.0,4,0,30.0,5.2,0.2,5541.0,0.405,1.839,2.3329,48.38,MEDIUM,1
2025-03-28,2025,3,87,Milk,1164.18,2067.62,4075.16,10133.58,4650.0,6,0,29.1,9.9,0.2,5563.0,0.193,1.776,2.1209,56.48,MEDIUM,1
2025-03-29,2025,3,88,Rice,1024.91,1821.38,3563.79,8832.0,4056.0,4,0,30.3,9.4,0.4,5492.0,0.339,1.777,2.1158,44.96,MEDIUM,1
2025-03-30,2025,3,89,Wheat,1164.94,2106.1,4168.47,10491.95,4755.0,6,0,29.0,6.6,1.1,5569.0,0.109,1.808,1.9959,55.08,MEDIUM,1
2025-03-31,2025,3,90,Tomato,1102.95,2009.56,4311.44,10413.01,4755.0,7,0,29.6,17.0,0.1,5519.0,0.03,1.822,1.8951,58.47,MEDIUM,1
2025-04-01,2025,4,91,Onion,1095.67,2032.05,3816.27,9151.22,4225.0,7,0,34.4,13.1,0.9,5423.0,0.185,1.855,2.0021,58.34,MEDIUM,1
2025-04-02,2025,4,92,Sugar,1194.63,2189.62,4499.91,11837.64,5163.0,5,0,35.4,8.8,1.6,5480.0,0.65,1.833,2.0155,46.78,MEDIUM,1
2025-04-03,2025,4,93,Milk,1229.52,2135.95,4567.75,11832.62,5280.0,7,0,33.5,12.8,1.1,5444.0,0.621,1.737,1.8781,54.51,MEDIUM,1
2025-04-04,2025,4,94,Rice,1155.83,2107.0,3945.46,10805.9,4847.0,7,0,32.7,9.2,0.1,5395.0,0.618,1.823,1.7713,52.43,MEDIUM,1
2025-04-05,2025,4,95,Wheat,1221.07,2107.78,4089.84,10299.56,4669.0,4,0,32.9,12.6,0.0,5335.0,0.85,1.726,1.5982,33.07,MEDIUM,1
2025-04-06,2025,4,96,Tomato,1199.84,2182.7,4221.19,10894.01,4834.0,7,0,33.9,10.2,0.5,5750.0,0.631,1.819,1.4909,51.71,MEDIUM,1
2025-04-07,2025,4,97,Onion,1201.77,2244.95,4779.42,12723.23,5632.0,7,0,32.4,13.6,0.5,5352.0,-0.491,1.868,1.6129,55.17,MEDIUM,1
2025-04-08,2025,4,98,Sugar,1272.94,2182.84,4160.41,10621.14,4753.0,7,0,36.2,10.0,0.3,5368.0,-0.001,1.715,1.4712,50.75,MEDIUM,1
2025-04-09,2025,4,99,Milk,1152.21,1975.74,3911.9,9921.62,4498.0,7,0,33.7,11.6,1.4,5400.0,0.344,1.715,1.4865,49.58,MEDIUM,1
2025-04-10,2025,4,100,Rice,1225.97,2262.84,4688.44,11225.56,4958.0,5,0,36.0,6.4,0.1,5315.0,0.029,1.846,1.4677,40.02,MEDIUM,1
2025-04-11,2025,4,101,Wheat,1235.86,2205.65,4667.03,11725.0,5075.0,6,0,35.6,10.5,0.0,5392.0,0.23,1.785,1.464,44.73,MEDIUM,1
2025-04-12,2025,4,102,Tomato,1240.63,2258.8,4213.74,11351.68,4967.0,5,0,31.3,11.6,3.0,5498.0,-0.172,1.821,1.4359,42.38,MEDIUM,1
2025-04-13,2025,4,103,Onion,1308.75,2460.67,4865.86,12527.8,5494.0,4,0,31.3,9.7,0.5,5394.0,0.338,1.88,1.5127,34.94,MEDIUM,1
2025-04-14,2025,4,104,Sugar,1237.69,2301.96,4687.0,12307.31,5332.0,7,0,30.5,10.1,0.1,5473.0,0.474,1.86,1.5144,50.08,MEDIUM,1
2025-04-15,2025,4,105,Milk,1174.92,2100.69,4281.76,11151.35,5001.0,4,0,33.5,12.0,0.2,5329.0,0.137,1.788,1.5617,36.03,MEDIUM,1
2025-04-16,2025,4,106,Rice,1260.76,2284.97,4404.88,11245.33,5027.0,7,0,34.7,12.0,0.2,5416.0,-0.37,1.812,1.5256,53.89,MEDIUM,1
2025-04-17,2025,4,107,Wheat,1227.73,2302.93,4334.49,11001.78,4970.0,7,0,31.8,8.6,1.0,5485.0,0.227,1.876,1.4659,50.7,MEDIUM,1
2025-04-18,2025,4,108,Tomato,1162.4,2142.44,4395.5,11493.71,5141.0,5,0,35.3,9.8,0.2,5526.0,0.756,1.843,1.4786,38.66,MEDIUM,1
2025-04-19,2025,4,109,Onion,1236.85,2211.0,4400.87,10945.08,4925.0,6,0,33.0,5.0,2.0,5476.0,0.287,1.788,1.4924,45.71,MEDIUM,1
2025-04-20,2025,4,110,Sugar,1177.68,2144.77,4438.82,11919.91,5220.0,5,0,36.9,10.2,0.3,5585.0,-0.018,1.821,1.5475,44.15,MEDIUM,1
2025-04-21,2025,4,111,Milk,1206.66,2110.19,4182.23,10085.13,4553.0,4,0,34.7,11.9,0.4,5433.0,-0.317,1.749,1.4984,38.39,MEDIUM,1
2025-04-22,2025,4,112,Rice,1176.31,2171.16,3863.5,10162.81,4533.0,6,0,34.2,4.2,0.5,6004.0,0.441,1.846,1.5918,51.71,MEDIUM,1
2025-04-23,2025,4,113,Wheat,1291.87,2267.4,4523.86,11033.98,4913.0,5,0,32.5,12.1,0.1,5423.0,-0.465,1.755,1.5617,44.98,MEDIUM,1
2025-04-24,2025,4,114,Tomato,1227.3,2097.89,4292.21,11614.66,5162.0,6,0,30.0,8.4,0.4,5438.0,0.018,1.709,1.6557,49.13,MEDIUM,1
2025-04-25,2025,4,115,Onion,1181.79,2226.06,4481.16,11794.39,5197.0,7,0,34.7,10.1,0.1,5455.0,-0.034,1.884,1.709,55.36,MEDIUM,1
2025-04-26,2025,4,116,Sugar,1258.73,2219.48,4671.49,12277.23,5372.0,5,0,33.6,12.0,0.4,5518.0,0.589,1.763,1.712,42.92,MEDIUM,1
2025-04-27,2025,4,117,Milk,1251.17,2272.48,4321.8,11113.78,4950.0,7,0,31.1,9.0,1.0,5344.0,0.346,1.816,1.673,51.8,MEDIUM,1
2025-04-28,2025,4,118,Rice,1303.48,2475.33,5133.18,12471.08,5582.0,6,0,32.4,8.4,0.4,5637.0,0.164,1.899,1.7593,51.94,MEDIUM,1
2025-04-29,2025,4,119,Wheat,1286.66,2352.58,4824.28,12698.3,5624.0,7,0,33.3,9.6,1.1,5408.0,0.467,1.828,1.7854,53.53,MEDIUM,1
2025-04-30,2025,4,120,Tomato,1289.75,2281.77,4318.12,11475.55,5131.0,6,0,36.5,8.4,0.1,5511.0,0.823,1.769,1.8596,48.89,MEDIUM,1
2025-05-01,2025,5,121,Onion,1281.13,2401.1,4214.47,11586.43,5104.0,6,1,35.8,21.3,0.2,5488.0,0.493,1.874,1.8179,79.68,HIGH,2
2025-05-02,2025,5,122,Sugar,1204.15,2153.48,4013.35,9899.75,4485.0,7,0,36.6,10.6,0.2,5536.0,0.265,1.788,1.94,58.13,MEDIUM,1
2025-05-03,2025,5,123,Milk,1169.08,2046.78,4580.99,11575.51,5115.0,4,0,37.6,18.7,0.0,5805.0,0.362,1.751,1.8739,44.35,MEDIUM,1
2025-05-04,2025,5,124,Rice,1244.23,2146.84,4549.91,11308.39,5052.0,6,0,36.8,20.0,1.3,5534.0,0.213,1.725,1.9418,53.4,MEDIUM,1
2025-05-05,2025,5,125,Wheat,1310.63,2408.45,5270.22,13807.58,6067.0,5,0,36.3,16.9,0.9,5638.0,-0.06,1.838,2.0446,52.35,MEDIUM,1
2025-05-06,2025,5,126,Tomato,1290.94,2250.27,4636.79,11503.83,5153.0,5,0,35.7,15.9,0.1,5679.0,0.482,1.743,2.0009,49.39,MEDIUM,1
2025-05-07,2025,5,127,Onion,1238.16,2148.12,3929.67,9194.34,4176.0,5,1,35.8,20.3,0.2,5779.0,-0.36,1.735,2.1865,87.39,HIGH,2
2025-05-08,2025,5,128,Sugar,1308.85,2349.73,4768.81,12258.41,5454.0,5,0,34.6,20.0,0.2,5593.0,0.522,1.795,2.1228,50.16,MEDIUM,1
2025-05-09,2025,5,129,Milk,1283.51,2294.96,4827.14,11609.26,5126.0,6,0,35.9,15.6,0.8,5540.0,0.813,1.788,2.1202,53.14,MEDIUM,1
2025-05-10,2025,5,130,Rice,1232.08,2255.4,4234.33,11459.77,5102.0,7,0,39.1,17.5,0.2,5624.0,0.315,1.831,2.1192,61.45,MEDIUM,1
2025-05-11,2025,5,131,Wheat,1179.43,2205.34,4331.55,10676.75,4760.0,7,0,38.0,12.5,0.3,5631.0,0.172,1.87,2.0826,61.69,MEDIUM,1
2025-05-12,2025,5,132,Tomato,1242.32,2275.78,4483.75,11137.13,5024.0,5,0,34.8,17.6,0.0,5692.0,-0.432,1.832,2.0877,55.4,MEDIUM,1
2025-05-13,2025,5,133,Onion,1212.48,2406.58,4628.63,11168.64,5016.0,6,0,36.2,18.0,0.7,5540.0,-0.262,1.985,2.105,58.28,MEDIUM,1
2025-05-14,2025,5,134,Sugar,1293.43,2281.54,4736.44,11707.01,5161.0,4,0,38.1,15.0,1.0,5600.0,0.483,1.764,2.0304,44.04,MEDIUM,1
2025-05-15,2025,5,135,Milk,1167.1,2232.92,3907.59,10513.4,4726.0,7,0,38.1,23.9,0.2,5473.0,0.558,1.913,2.0475,57.65,MEDIUM,1
2025-05-16,2025,5,136,Rice,1358.38,2307.33,4449.9,11174.79,4869.0,6,0,38.8,19.4,2.4,5577.0,0.733,1.699,1.8741,50.22,MEDIUM,1
2025-05-17,2025,5,137,Wheat,1307.77,2393.91,4357.7,11332.97,5081.0,6,0,36.4,19.0,0.5,6134.0,-0.395,1.831,1.8286,60.74,MEDIUM,1
2025-05-18,2025,5,138,Tomato,1280.63,2312.3,4753.6,10614.58,4726.0,4,0,37.0,16.8,0.5,5524.0,0.579,1.806,1.9337,41.35,MEDIUM,1
2025-05-19,2025,5,139,Onion,1373.43,2312.08,4536.86,9756.65,4486.0,5,0,37.5,15.8,0.2,5297.0,0.513,1.683,1.8709,43.47,MEDIUM,1
2025-05-20,2025,5,140,Sugar,1361.96,2566.9,4940.97,12743.16,5464.0,6,0,38.8,23.6,1.4,5670.0,0.052,1.885,1.8885,54.77,MEDIUM,1
2025-05-21,2025,5,141,Milk,1251.9,2045.74,3940.43,9996.04,4504.0,5,0,36.6,19.8,0.0,5469.0,0.07,1.634,1.9283,48.26,MEDIUM,1
2025-05-22,2025,5,142,Rice,1220.23,2115.16,4369.09,10277.75,4661.0,4,0,38.9,20.9,1.4,5436.0,1.0,1.733,1.9823,39.09,MEDIUM,1
2025-05-23,2025,5,143,Wheat,1355.89,2582.69,5433.03,12741.47,5617.0,6,0,35.3,20.1,0.4,5505.0,0.208,1.905,1.9565,53.36,MEDIUM,1
2025-05-24,2025,5,144,Tomato,1206.03,2183.3,4350.24,10871.9,4824.0,7,0,36.1,17.4,0.7,5524.0,0.372,1.81,1.945,57.56,MEDIUM,1
2025-05-25,2025,5,145,Onion,1251.06,2197.66,4501.05,11577.76,5147.0,5,1,39.7,19.3,0.1,5593.0,-0.038,1.757,2.0178,81.39,HIGH,2
2025-05-26,2025,5,146,Sugar,1211.32,2256.88,4275.86,9633.33,4333.0,5,0,39.7,15.4,0.7,5809.0,-0.26,1.863,2.0605,55.3,MEDIUM,1
2025-05-27,2025,5,147,Milk,1211.75,2083.99,4326.05,11626.04,5206.0,5,0,35.7,14.9,0.4,5627.0,0.632,1.72,2.03,48.56,MEDIUM,1
2025-05-28,2025,5,148,Rice,1295.79,2108.91,4300.66,10942.43,4817.0,7,0,35.6,20.5,0.6,5682.0,-0.238,1.628,1.9991,63.0,MEDIUM,1
2025-05-29,2025,5,149,Wheat,1297.55,2203.9,4409.18,10382.17,4656.0,5,0,35.7,10.3,0.2,5601.0,-0.185,1.699,1.9522,51.22,MEDIUM,1
2025-05-30,2025,5,150,Tomato,1280.59,2339.29,5070.64,12597.8,5537.0,6,0,33.6,17.3,0.3,5786.0,0.336,1.827,2.0147,56.4,MEDIUM,1
2025-05-31,2025,5,151,Onion,1373.97,2343.91,4665.18,12279.12,5360.0,5,0,35.2,21.1,0.0,5667.0,-0.199,1.706,1.9355,51.7,MEDIUM,1
2025-06-01,2025,6,152,Sugar,1254.36,2452.53,5060.43,13092.31,5795.0,4,0,32.7,14.9,10.2,5698.0,0.141,1.955,2.0012,46.29,MEDIUM,1
2025-06-02,2025,6,153,Milk,1298.86,2360.61,4929.47,13214.83,5830.0,5,0,31.1,18.6,5.3,5420.0,-0.147,1.817,2.2058,53.02,MEDIUM,1
2025-06-03,2025,6,154,Rice,1228.41,2076.49,4560.81,12010.53,5303.0,7,0,34.1,16.9,47.1,5626.0,-0.024,1.69,2.1984,64.36,MEDIUM,1
2025-06-04,2025,6,155,Wheat,1303.67,2370.9,4664.13,12417.65,5449.0,7,0,28.8,18.4,15.2,5689.0,-0.062,1.819,2.0616,63.12,MEDIUM,1
2025-06-05,2025,6,156,Tomato,1320.07,2314.95,4528.06,10965.84,4914.0,4,0,30.1,14.5,1.2,5908.0,0.519,1.754,2.0496,47.23,MEDIUM,1
2025-06-06,2025,6,157,Onion,1287.85,2515.32,5601.01,13202.84,5765.0,7,0,32.9,15.2,7.6,5723.0,0.546,1.953,1.9881,59.32,MEDIUM,1
2025-06-07,2025,6,158,Sugar,1304.31,2269.66,4108.43,10879.78,4900.0,7,0,33.0,16.9,4.9,5954.0,0.428,1.74,1.9874,62.21,MEDIUM,1
2025-06-08,2025,6,159,Milk,1315.88,2311.42,4804.89,11488.01,5123.0,7,0,32.8,22.6,1.6,5585.0,0.158,1.757,1.9724,59.65,MEDIUM,1
2025-06-09,2025,6,160,Rice,1247.2,2435.54,4872.27,11814.2,5181.0,5,0,30.0,22.1,15.3,5703.0,0.366,1.953,1.9876,50.01,MEDIUM,1
2025-06-10,2025,6,161,Wheat,1303.81,2417.65,4884.25,11794.47,5279.0,4,0,31.1,23.1,7.3,6050.0,0.23,1.854,2.0747,50.47,MEDIUM,1
2025-06-11,2025,6,162,Tomato,1277.2,2244.18,4936.72,13236.15,5813.0,6,0,29.9,18.4,21.0,5579.0,0.226,1.757,2.1811,57.38,MEDIUM,1
2025-06-12,2025,6,163,Onion,1251.96,2154.34,4200.24,8955.47,4145.0,6,0,31.0,17.7,23.4,5641.0,0.18,1.721,2.4612,62.43,MEDIUM,1
2025-06-13,2025,6,164,Sugar,1293.95,2426.15,4961.19,12004.46,5325.0,6,0,31.2,17.6,13.6,5459.0,-0.108,1.875,2.4663,62.12,MEDIUM,1
2025-06-14,2025,6,165,Milk,1329.35,2356.21,4723.64,12207.6,5364.0,7,0,30.1,20.4,3.1,5564.0,-0.064,1.772,2.6595,70.85,HIGH,2
2025-06-15,2025,6,166,Rice,1347.46,2571.68,5123.57,12230.02,5362.0,5,0,30.9,24.3,16.8,5714.0,0.662,1.909,2.69,59.18,HIGH,2
2025-06-16,2025,6,167,Wheat,1285.19,2203.62,4227.35,9691.7,4352.0,4,0,29.8,22.1,16.2,5734.0,0.788,1.715,2.8236,55.75,HIGH,2
2025-06-17,2025,6,168,Tomato,1325.26,2425.43,5025.23,13715.95,6064.0,6,0,32.5,20.5,3.1,5623.0,0.001,1.83,2.8946,69.64,HIGH,2
2025-06-18,2025,6,169,Onion,1376.83,2551.61,5576.5,15359.86,6663.0,4,0,30.0,15.3,10.3,5699.0,0.522,1.853,3.1173,61.14,HIGH,2
2025-06-19,2025,6,170,Sugar,1270.61,2462.33,4858.44,12471.29,5529.0,4,0,30.7,22.9,34.3,5629.0,0.259,1.938,3.2267,63.4,HIGH,2
2025-06-20,2025,6,171,Milk,1176.21,2044.32,4009.7,9793.55,4401.0,5,0,29.8,17.8,47.2,5631.0,0.345,1.738,3.0002,64.59,HIGH,2
2025-06-21,2025,6,172,Rice,1222.62,2293.63,4672.43,10487.99,4667.0,7,0,32.4,14.8,8.0,5639.0,0.223,1.876,2.9888,75.11,HIGH,2
2025-06-22,2025,6,173,Wheat,1231.7,2110.51,4258.27,10527.15,4691.0,6,0,29.7,19.3,6.1,5666.0,0.113,1.713,3.077,72.25,HIGH,2
2025-06-23,2025,6,174,Tomato,1267.44,2270.37,4422.11,10942.57,4871.0,5,0,29.7,22.6,5.9,5586.0,-0.022,1.791,3.2025,69.01,HIGH,2
2025-06-24,2025,6,175,Onion,1280.28,2386.26,5004.11,12366.96,5508.0,6,0,30.8,16.6,2.4,5697.0,0.007,1.864,3.2323,75.42,HIGH,2
2025-06-25,2025,6,176,Sugar,1230.14,2161.9,4633.76,11517.76,5067.0,5,0,32.0,17.2,11.8,5628.0,0.247,1.757,3.1422,67.18,HIGH,2
2025-06-26,2025,6,177,Milk,1268.73,2070.24,4130.07,9804.89,4385.0,5,0,31.8,19.2,1.4,5639.0,-0.039,1.632,3.4202,72.89,HIGH,2
2025-06-27,2025,6,178,Rice,1226.74,2151.94,4488.23,12187.89,5346.0,6,0,29.0,21.8,22.0,5515.0,0.357,1.754,3.2976,72.83,HIGH,2
2025-06-28,2025,6,179,Wheat,1256.8,2335.17,4387.9,10981.56,4883.0,4,0,30.8,16.2,3.0,5688.0,0.438,1.858,3.2378,63.26,HIGH,2
2025-06-29,2025,6,180,Tomato,1258.37,2279.04,4818.44,11847.6,5196.0,6,0,32.7,18.8,26.3,5390.0,0.187,1.811,3.2099,71.11,HIGH,2
2025-06-30,2025,6,181,Onion,1231.76,2259.87,3795.69,10109.58,4551.0,6,0,29.5,18.1,10.4,5541.0,0.051,1.835,3.4984,77.63,HIGH,2
2025-07-01,2025,7,182,Sugar,1197.4,2111.4,4186.61,10345.43,4662.0,7,0,28.7,17.2,4.4,6012.0,-0.272,1.763,3.3422,86.61,HIGH,2
2025-07-02,2025,7,183,Milk,1200.91,2118.21,4398.96,11684.36,5089.0,10,0,26.8,14.0,10.8,6221.0,0.13,1.764,3.1535,98.86,HIGH,2
2025-07-03,2025,7,184,Rice,1125.79,2067.0,4057.99,9852.59,4341.0,7,0,26.9,17.2,4.5,5654.0,0.186,1.836,2.8479,73.33,HIGH,2
2025-07-04,2025,7,185,Wheat,1178.32,2178.71,4657.0,12191.21,5407.0,8,0,28.7,16.2,42.0,5496.0,0.174,1.849,2.7326,75.08,HIGH,2
2025-07-05,2025,7,186,Tomato,1238.95,2158.52,4286.1,11522.56,5062.0,8,0,28.0,15.9,5.8,5555.0,0.271,1.742,2.7608,75.61,HIGH,2
2025-07-06,2025,7,187,Onion,1122.24,2052.82,4131.0,10635.7,4789.0,7,0,28.0,22.0,8.0,5614.0,0.131,1.829,2.4702,67.54,MEDIUM,1
2025-07-07,2025,7,188,Sugar,1144.3,2087.16,4343.04,11160.95,4933.0,10,0,27.2,16.2,24.3,5629.0,0.081,1.824,2.3528,81.18,HIGH,2
2025-07-08,2025,7,189,Milk,1188.26,2242.3,4305.48,10414.82,4687.0,8,0,26.8,14.9,12.7,5635.0,-0.288,1.887,2.3875,73.6,MEDIUM,1
2025-07-09,2025,7,190,Rice,1052.0,1810.42,3555.24,9546.79,4377.0,8,0,25.4,18.0,20.6,5679.0,0.528,1.721,2.1361,66.19,MEDIUM,1
2025-07-10,2025,7,191,Wheat,1145.9,2072.21,4280.32,10571.55,4605.0,10,1,26.6,17.8,9.8,5536.0,0.075,1.808,2.1148,100.0,HIGH,2
2025-07-11,2025,7,192,Tomato,1157.93,1991.78,4005.09,9618.52,4304.0,7,0,26.5,16.8,7.5,5580.0,-0.112,1.72,2.0792,62.55,MEDIUM,1
2025-07-12,2025,7,193,Onion,1121.84,2009.41,4307.13,11924.67,5290.0,7,0,28.6,20.2,45.6,5445.0,0.136,1.791,1.9023,57.3,MEDIUM,1
2025-07-13,2025,7,194,Sugar,1122.0,2092.65,4013.97,9182.41,4227.0,8,0,25.5,21.2,21.0,5536.0,0.22,1.865,1.9456,63.44,MEDIUM,1
2025-07-14,2025,7,195,Milk,1131.19,1996.83,3964.63,9513.72,4248.0,9,0,28.3,13.2,26.3,6108.0,0.274,1.765,2.0095,74.85,HIGH,2
2025-07-15,2025,7,196,Rice,1130.38,2064.38,4267.39,10500.34,4678.0,8,0,27.0,20.1,6.6,5533.0,0.008,1.826,2.0712,66.36,MEDIUM,1
2025-07-16,2025,7,197,Wheat,1141.39,1959.12,3818.18,9495.68,4313.0,7,0,25.8,21.4,7.6,5687.0,0.454,1.716,2.0953,61.03,MEDIUM,1
2025-07-17,2025,7,198,Tomato,1163.08,2141.47,4670.17,11775.52,5176.0,7,0,27.3,19.0,36.1,5643.0,0.436,1.841,2.0692,60.29,MEDIUM,1
2025-07-18,2025,7,199,Onion,1100.44,1868.07,3727.2,8925.39,4047.0,7,1,30.1,17.0,4.0,5529.0,0.117,1.698,1.8832,87.95,HIGH,2
2025-07-19,2025,7,200,Sugar,1141.45,1975.99,4247.63,10829.23,4750.0,9,0,27.0,15.7,5.9,5682.0,0.32,1.731,1.8382,67.79,HIGH,2
2025-07-20,2025,7,201,Milk,1094.74,1955.42,3853.2,9655.51,4392.0,10,0,25.9,17.3,9.9,5626.0,0.106,1.786,1.7796,72.42,HIGH,2
2025-07-21,2025,7,202,Rice,1112.49,1913.96,3648.62,9109.39,4237.0,8,1,28.0,23.6,29.8,5498.0,0.804,1.72,1.8367,88.51,HIGH,2
2025-07-22,2025,7,203,Wheat,1047.26,1806.26,3452.51,8469.28,3933.0,10,0,24.1,18.2,0.5,5607.0,-0.279,1.725,1.8702,75.52,HIGH,2
2025-07-23,2025,7,204,Tomato,1149.53,2047.98,3928.32,9312.83,4230.0,9,0,27.0,21.6,26.4,5536.0,0.095,1.782,1.9892,69.72,HIGH,2
2025-07-24,2025,7,205,Onion,1121.54,2028.88,3942.81,9735.89,4362.0,7,0,26.3,17.4,111.2,5577.0,-0.218,1.809,2.0208,62.17,MEDIUM,1
2025-07-25,2025,7,206,Sugar,1136.87,2091.32,4220.1,10221.86,4660.0,7,0,27.0,16.4,4.5,5693.0,0.182,1.84,2.0333,61.52,MEDIUM,1
2025-07-26,2025,7,207,Milk,1051.67,1988.36,4110.54,10694.1,4737.0,10,0,26.9,16.0,44.5,6212.0,0.807,1.891,2.0391,78.67,HIGH,2
2025-07-27,2025,7,208,Rice,1041.79,1855.69,3645.18,9906.96,4544.0,8,0,24.4,24.6,33.2,5633.0,0.445,1.781,1.8929,62.5,MEDIUM,1
2025-07-28,2025,7,209,Wheat,897.43,1660.19,3141.91,7552.18,3549.0,10,1,27.6,25.0,3.1,5989.0,0.046,1.85,1.7545,100.0,HIGH,2
2025-07-29,2025,7,210,Tomato,1016.73,1876.03,3594.67,8873.51,4109.0,7,0,27.9,15.9,22.0,5612.0,0.549,1.845,1.7597,54.77,MEDIUM,1
2025-07-30,2025,7,211,Onion,1043.45,1709.87,3597.55,8985.52,4122.0,8,0,25.0,17.2,1.5,5634.0,0.051,1.639,1.832,63.57,MEDIUM,1
2025-07-31,2025,7,212,Sugar,1061.52,1958.74,3942.31,10296.71,4641.0,8,0,28.4,22.5,26.7,5776.0,0.559,1.845,1.8527,62.76,MEDIUM,1
2025-08-01,2025,8,213,Milk,1068.28,1896.91,3805.74,8928.21,4098.0,8,0,26.1,21.4,1.0,5483.0,0.543,1.776,1.8693,60.15,MEDIUM,1
2025-08-02,2025,8,214,Rice,1075.17,2012.42,3976.4,10098.46,4577.0,9,0,27.4,15.4,25.9,5581.0,0.246,1.872,1.8593,67.47,HIGH,2
2025-08-03,2025,8,215,Wheat,1022.22,1776.81,3492.5,8392.45,3849.0,10,0,30.3,18.0,39.4,5674.0,-0.019,1.738,1.7865,73.63,HIGH,2
2025-08-04,2025,8,216,Tomato,1116.77,2115.48,4108.14,10698.68,4773.0,10,0,26.9,19.0,5.3,5668.0,0.21,1.894,1.8793,73.82,HIGH,2
2025-08-05,2025,8,217,Onion,1048.76,1908.68,4172.39,9922.82,4462.0,10,0,26.2,24.2,13.0,5592.0,0.637,1.82,1.8443,70.4,HIGH,2
2025-08-06,2025,8,218,Sugar,1022.89,1882.92,3860.98,9226.57,4170.0,8,0,26.9,18.1,28.5,5818.0,-0.153,1.841,1.7768,65.6,MEDIUM,1
2025-08-07,2025,8,219,Milk,1090.35,1930.99,3764.88,9971.0,4414.0,10,1,26.7,20.0,38.0,5648.0,0.489,1.771,1.8488,100.0,HIGH,2
2025-08-08,2025,8,220,Rice,940.01,1749.34,3247.48,8013.2,3674.0,9,0,27.0,16.0,6.4,5759.0,0.101,1.861,1.7727,68.68,HIGH,2
2025-08-09,2025,8,221,Wheat,1046.78,1884.24,3657.36,9300.51,4249.0,8,0,26.7,16.1,0.4,5611.0,-0.162,1.8,1.775,63.54,MEDIUM,1
2025-08-10,2025,8,222,Tomato,1013.39,1871.74,3676.57,9540.2,4396.0,7,0,26.4,21.4,4.4,5431.0,0.195,1.847,1.7852,55.11,MEDIUM,1
2025-08-11,2025,8,223,Onion,980.58,1756.24,3306.66,8295.53,3797.0,8,0,26.7,17.4,3.4,5709.0,0.225,1.791,1.6265,60.36,MEDIUM,1
2025-08-12,2025,8,224,Sugar,1036.4,1931.23,4053.83,10594.25,4845.0,8,0,27.1,15.9,22.9,5562.0,0.689,1.863,1.6583,57.05,MEDIUM,1
2025-08-13,2025,8,225,Milk,1044.89,1924.32,3907.86,10383.96,4723.0,9,0,26.4,23.4,31.2,5613.0,0.194,1.842,1.6971,65.62,HIGH,2
2025-08-14,2025,8,226,Rice,1045.1,1906.41,3756.36,9335.28,4261.0,10,0,28.3,17.9,23.4,5632.0,0.027,1.824,1.7043,71.75,HIGH,2
2025-08-15,2025,8,227,Wheat,1016.99,1912.66,3969.82,8439.67,3811.0,9,1,27.6,18.8,0.7,5598.0,0.306,1.881,1.783,96.2,HIGH,2
2025-08-16,2025,8,228,Tomato,978.95,1655.05,3721.34,9431.58,4313.0,9,0,28.2,16.9,8.8,5550.0,0.291,1.691,1.6462,63.74,HIGH,2
2025-08-17,2025,8,229,Onion,926.13,1698.56,3618.31,8482.3,3851.0,10,0,29.0,21.8,22.5,5647.0,0.244,1.834,1.5664,68.75,HIGH,2
2025-08-18,2025,8,230,Sugar,885.17,1537.95,2917.83,7068.13,3316.0,8,0,25.0,16.8,18.0,5668.0,0.278,1.737,1.5798,58.99,MEDIUM,1
2025-08-19,2025,8,231,Milk,956.86,1742.57,3592.24,9318.65,4189.0,8,0,26.5,17.5,41.2,5649.0,-0.32,1.821,1.5539,61.4,MEDIUM,1
2025-08-20,2025,8,232,Rice,914.24,1733.38,3277.19,8052.17,3697.0,10,0,29.5,18.5,4.8,5500.0,0.321,1.896,1.5551,66.72,HIGH,2
2025-08-21,2025,8,233,Wheat,965.98,1730.66,3729.56,9164.54,4185.0,9,0,27.7,21.3,3.4,5676.0,-0.232,1.792,1.5117,65.6,HIGH,2
2025-08-22,2025,8,234,Tomato,1016.29,1797.17,3494.46,9028.63,4146.0,9,0,26.0,18.8,0.4,5623.0,0.729,1.768,1.6074,61.7,HIGH,2
2025-08-23,2025,8,235,Onion,927.8,1630.6,3402.17,8440.63,3771.0,8,1,27.0,20.3,5.2,5537.0,0.061,1.757,1.6397,89.66,HIGH,2
2025-08-24,2025,8,236,Sugar,948.17,1918.39,3861.87,9747.91,4446.0,10,0,27.0,19.1,1.3,6113.0,0.385,2.023,1.7015,74.73,HIGH,2
2025-08-25,2025,8,237,Milk,955.03,1759.35,3523.8,9320.61,4259.0,7,1,25.0,14.7,80.8,5714.0,-0.207,1.842,1.624,87.54,HIGH,2
2025-08-26,2025,8,238,Rice,950.83,1689.83,3454.33,8451.03,3820.0,9,0,25.8,18.0,19.8,5968.0,-0.028,1.777,1.6155,69.05,HIGH,2
2025-08-27,2025,8,239,Wheat,907.81,1453.63,2897.17,7739.96,3558.0,7,0,24.9,16.7,30.5,5537.0,0.346,1.601,1.6109,52.8,MEDIUM,1
2025-08-28,2025,8,240,Tomato,959.45,1814.91,3501.97,8471.7,3826.0,7,1,25.4,19.6,16.3,5506.0,-0.061,1.892,1.6124,84.55,HIGH,2
2025-08-29,2025,8,241,Onion,871.7,1502.97,3131.11,7608.23,3558.0,8,1,28.4,19.7,4.5,5554.0,0.067,1.724,1.5895,89.05,HIGH,2
2025-08-30,2025,8,242,Sugar,890.96,1634.43,3109.2,7844.96,3609.0,10,0,26.0,13.4,10.0,5617.0,0.661,1.834,1.5553,66.19,HIGH,2
2025-08-31,2025,8,243,Milk,894.71,1554.2,2909.17,7044.43,3265.0,8,0,26.7,23.6,0.7,5592.0,0.264,1.737,1.6601,59.5,MEDIUM,1
2025-09-01,2025,9,244,Rice,1056.69,1804.51,3706.78,9954.05,4455.0,4,0,29.1,12.6,4.4,5418.0,0.676,1.708,1.6716,35.87,MEDIUM,1
2025-09-02,2025,9,245,Wheat,1027.69,1854.65,4026.86,9942.42,4533.0,6,1,28.5,19.8,8.1,5456.0,0.088,1.805,1.6802,79.32,HIGH,2
2025-09-03,2025,9,246,Tomato,1024.34,1858.24,3722.98,9330.23,4186.0,7,0,30.0,15.4,1.6,5957.0,-0.076,1.814,1.7175,60.71,MEDIUM,1
2025-09-04,2025,9,247,Onion,1005.2,1885.92,3320.23,7869.09,3630.0,4,0,28.3,15.6,4.5,5675.0,0.748,1.876,1.7629,39.45,MEDIUM,1
2025-09-05,2025,9,248,Sugar,946.19,1795.68,3678.61,9176.94,4149.0,7,1,28.9,17.5,10.0,5601.0,0.367,1.898,1.7697,85.72,HIGH,2
2025-09-06,2025,9,249,Milk,916.55,1709.0,2955.05,7544.87,3543.0,5,0,26.7,21.8,15.7,5399.0,0.489,1.865,1.8932,44.94,MEDIUM,1
2025-09-07,2025,9,250,Rice,980.42,1819.5,3573.64,8999.24,4109.0,7,0,29.0,18.0,4.0,5599.0,0.082,1.856,1.8764,58.73,MEDIUM,1
2025-09-08,2025,9,251,Wheat,942.47,1715.92,3501.59,9342.32,4149.0,4,0,27.0,15.8,19.2,5621.0,-0.074,1.821,1.9336,45.58,MEDIUM,1
2025-09-09,2025,9,252,Tomato,989.77,1835.21,3757.95,8115.0,3745.0,4,0,28.7,19.9,0.6,5731.0,0.29,1.854,1.957,45.22,MEDIUM,1
2025-09-10,2025,9,253,Onion,844.29,1357.2,2799.18,7016.32,3289.0,7,0,25.9,18.3,14.0,5605.0,0.329,1.608,1.9035,57.96,MEDIUM,1
2025-09-11,2025,9,254,Sugar,934.49,1651.35,3421.63,8648.12,4006.0,6,0,29.3,18.5,5.6,5566.0,-0.17,1.767,1.8338,54.02,MEDIUM,1
2025-09-12,2025,9,255,Milk,988.36,1695.05,3231.72,7565.15,3490.0,6,0,28.6,17.9,38.5,5436.0,0.214,1.715,1.8392,50.88,MEDIUM,1
2025-09-13,2025,9,256,Rice,864.06,1571.21,3215.34,7977.44,3766.0,6,0,27.8,16.6,73.5,5544.0,0.421,1.818,1.8307,50.8,MEDIUM,1
2025-09-14,2025,9,257,Wheat,962.49,1765.91,3426.66,8178.26,3713.0,7,0,29.9,14.5,17.1,5763.0,0.275,1.835,1.8861,59.55,MEDIUM,1
2025-09-15,2025,9,258,Tomato,853.48,1550.12,3170.26,7940.81,3726.0,5,0,28.8,23.5,37.2,5644.0,-0.129,1.816,1.7772,48.74,MEDIUM,1
2025-09-16,2025,9,259,Onion,990.95,1890.05,3927.28,9890.49,4381.0,7,0,27.3,11.6,8.6,5644.0,0.628,1.907,1.8341,55.81,MEDIUM,1
2025-09-17,2025,9,260,Sugar,899.76,1575.64,3134.53,8366.87,3901.0,7,0,29.2,20.6,39.6,6311.0,-0.269,1.751,1.7587,65.84,MEDIUM,1
2025-09-18,2025,9,261,Milk,942.44,1782.63,3503.71,8374.11,3929.0,7,0,29.0,20.2,34.0,5559.0,0.557,1.892,1.7396,53.9,MEDIUM,1
2025-09-19,2025,9,262,Rice,895.81,1615.59,3315.11,8182.61,3717.0,7,0,29.8,17.7,3.6,6217.0,0.417,1.803,1.7182,60.86,MEDIUM,1
2025-09-20,2025,9,263,Wheat,849.54,1597.99,3079.07,8878.25,4014.0,6,0,28.4,19.1,2.6,5665.0,0.291,1.881,1.6241,49.56,MEDIUM,1
2025-09-21,2025,9,264,Tomato,890.57,1567.9,3103.72,7106.92,3336.0,5,0,29.0,17.7,12.3,5704.0,0.295,1.761,1.7233,46.41,MEDIUM,1
2025-09-22,2025,9,265,Onion,888.18,1605.78,3170.47,8339.27,3771.0,4,0,30.5,21.3,18.6,5560.0,0.324,1.808,1.7008,39.49,MEDIUM,1
2025-09-23,2025,9,266,Sugar,878.98,1562.6,3041.25,8118.46,3802.0,6,0,27.4,18.9,7.2,5735.0,0.314,1.778,1.6135,49.98,MEDIUM,1
2025-09-24,2025,9,267,Milk,921.44,1591.68,3176.02,7340.7,3420.0,5,0,31.0,18.1,1.1,5692.0,-0.178,1.727,1.6297,47.26,MEDIUM,1
2025-09-25,2025,9,268,Rice,837.63,1742.67,3598.98,8529.39,3866.0,7,0,26.9,12.8,5.8,5563.0,0.06,2.08,1.558,53.7,MEDIUM,1
2025-09-26,2025,9,269,Wheat,871.82,1580.44,3135.88,7436.1,3412.0,4,1,28.5,16.7,5.0,5523.0,-0.11,1.813,1.5542,69.09,HIGH,2
2025-09-27,2025,9,270,Tomato,874.66,1520.09,3227.52,7502.41,3532.0,5,0,29.7,15.0,18.9,5589.0,0.045,1.738,1.5664,44.16,MEDIUM,1
2025-09-28,2025,9,271,Onion,856.68,1625.38,3046.44,7942.55,3631.0,7,0,30.3,15.3,14.3,5589.0,0.233,1.897,1.5381,52.8,MEDIUM,1
2025-09-29,2025,9,272,Sugar,866.89,1423.87,2918.96,7145.17,3327.0,7,0,27.8,20.2,14.7,5579.0,0.4,1.643,1.5656,52.27,MEDIUM,1
2025-09-30,2025,9,273,Milk,860.95,1540.5,2998.08,7642.8,3469.0,4,0,27.4,24.1,33.6,5688.0,-0.17,1.789,1.4997,40.23,MEDIUM,1
2025-10-01,2025,10,274,Rice,963.93,1592.31,3159.8,8829.09,4012.0,9,0,29.6,9.4,11.6,5562.0,0.425,1.652,1.5214,61.32,HIGH,2
2025-10-02,2025,10,275,Wheat,1043.29,1870.78,3381.73,8303.29,3786.0,9,0,32.2,4.8,8.4,5326.0,-0.109,1.793,1.3765,59.45,MEDIUM,1
2025-10-03,2025,10,276,Tomato,1027.03,1844.01,3791.23,9350.85,4194.0,6,0,30.6,11.8,1.5,5360.0,-0.081,1.795,1.3748,44.63,MEDIUM,1
2025-10-04,2025,10,277,Onion,1010.98,1879.62,3881.23,9591.58,4336.0,8,0,31.8,13.0,7.5,5459.0,0.21,1.859,1.4351,55.07,MEDIUM,1
2025-10-05,2025,10,278,Sugar,961.48,1689.52,3579.21,8970.35,4104.0,7,0,32.0,7.6,8.6,5514.0,-0.102,1.757,1.4155,51.88,MEDIUM,1
2025-10-06,2025,10,279,Milk,970.71,1847.14,3564.8,8636.38,4021.0,8,0,31.5,11.5,6.9,5512.0,0.099,1.903,1.3806,55.33,MEDIUM,1
2025-10-07,2025,10,280,Rice,969.25,1773.74,3770.91,9423.5,4240.0,8,0,30.6,10.3,3.8,5917.0,-0.217,1.83,1.4184,61.53,MEDIUM,1
2025-10-08,2025,10,281,Wheat,954.98,1738.48,3718.2,8708.23,4029.0,6,0,31.7,9.2,5.1,5424.0,0.014,1.82,1.3785,44.85,MEDIUM,1
2025-10-09,2025,10,282,Tomato,960.09,1630.0,3015.56,7531.3,3517.0,6,0,28.4,8.4,0.6,5543.0,0.557,1.698,1.4231,43.99,MEDIUM,1
2025-10-10,2025,10,283,Onion,960.8,1789.35,3730.96,9165.71,4171.0,6,0,31.8,14.7,2.3,5417.0,0.605,1.862,1.4144,42.36,MEDIUM,1
2025-10-11,2025,10,284,Sugar,986.64,1782.53,3558.39,9277.28,4179.0,6,0,33.4,5.1,4.5,5429.0,0.336,1.807,1.4225,43.95,MEDIUM,1
2025-10-12,2025,10,285,Milk,1018.13,1832.1,3442.57,8144.95,3744.0,9,1,29.8,9.7,6.3,5461.0,0.27,1.799,1.3659,88.75,HIGH,2
2025-10-13,2025,10,286,Rice,887.15,1593.04,2922.88,7225.6,3274.0,7,0,31.3,9.6,14.1,5422.0,-0.252,1.796,1.4347,52.0,MEDIUM,1
2025-10-14,2025,10,287,Wheat,960.81,1748.04,3692.26,8984.29,4064.0,9,0,29.2,7.2,0.3,5314.0,0.665,1.819,1.4462,56.51,MEDIUM,1
2025-10-15,2025,10,288,Tomato,956.55,1654.78,3020.66,7820.77,3626.0,7,0,31.3,7.0,3.1,5473.0,0.055,1.73,1.4949,51.88,MEDIUM,1
2025-10-16,2025,10,289,Onion,877.01,1637.0,3267.97,8983.3,4031.0,8,0,32.8,12.9,5.0,5344.0,0.427,1.867,1.4145,52.52,MEDIUM,1
2025-10-17,2025,10,290,Sugar,927.76,1681.32,3365.98,8887.12,4046.0,7,0,31.9,11.3,12.2,5581.0,0.241,1.812,1.4326,51.09,MEDIUM,1
2025-10-18,2025,10,291,Milk,961.53,1740.77,3191.18,7578.39,3454.0,8,0,30.7,11.0,2.8,5489.0,0.301,1.81,1.4569,55.24,MEDIUM,1
2025-10-19,2025,10,292,Rice,873.27,1647.67,3249.52,7890.37,3652.0,7,0,32.7,10.9,9.8,5370.0,-0.32,1.887,1.4496,52.04,MEDIUM,1
2025-10-20,2025,10,293,Wheat,951.33,1720.54,3341.73,8107.2,3703.0,6,0,32.7,10.4,0.4,5522.0,0.044,1.809,1.493,47.4,MEDIUM,1
2025-10-21,2025,10,294,Tomato,1002.74,1713.3,3365.93,8538.44,3896.0,7,0,30.6,12.0,9.1,5520.0,0.127,1.709,1.4054,50.65,MEDIUM,1
2025-10-22,2025,10,295,Onion,893.25,1627.97,3540.9,8860.66,4028.0,7,0,32.9,9.8,3.8,5469.0,-0.042,1.823,1.4186,51.18,MEDIUM,1
2025-10-23,2025,10,296,Sugar,848.27,1507.25,3079.72,7819.47,3635.0,7,0,32.4,2.7,12.3,5474.0,0.541,1.777,1.3972,47.99,MEDIUM,1
2025-10-24,2025,10,297,Milk,810.28,1479.7,2946.84,8034.09,3694.0,9,0,32.9,11.5,1.1,5422.0,0.331,1.826,1.2554,56.4,MEDIUM,1
2025-10-25,2025,10,298,Rice,870.92,1464.14,3070.58,7173.9,3334.0,8,0,31.9,7.2,1.6,5766.0,0.17,1.681,1.3503,57.06,MEDIUM,1
2025-10-26,2025,10,299,Wheat,930.62,1595.95,2895.3,7613.85,3532.0,8,0,31.1,12.7,9.4,5539.0,0.026,1.715,1.364,55.72,MEDIUM,1
2025-10-27,2025,10,300,Tomato,881.96,1540.99,3044.28,7689.42,3532.0,7,0,30.7,13.0,8.6,5499.0,-0.178,1.747,1.3566,51.23,MEDIUM,1
2025-10-28,2025,10,301,Onion,883.57,1521.72,3037.41,8080.02,3720.0,9,0,32.0,11.7,2.5,5235.0,-0.118,1.722,1.3764,58.59,MEDIUM,1
2025-10-29,2025,10,302,Sugar,842.58,1443.42,3060.87,7497.87,3523.0,6,0,30.9,14.9,1.6,5814.0,0.129,1.713,1.3156,47.23,MEDIUM,1
2025-10-30,2025,10,303,Milk,842.54,1620.94,3459.25,8345.27,3786.0,6,0,30.8,12.0,8.3,5562.0,0.364,1.924,1.2698,42.85,MEDIUM,1
2025-10-31,2025,10,304,Rice,974.36,1740.64,3640.93,8546.05,3920.0,6,0,32.3,6.1,12.7,5520.0,-0.03,1.786,1.2593,44.24,MEDIUM,1
2025-11-01,2025,11,305,Wheat,974.18,1809.04,3646.24,8743.78,4027.0,7,0,27.7,7.4,1.3,5371.0,0.921,1.857,1.3245,43.97,MEDIUM,1
2025-11-02,2025,11,306,Tomato,931.16,1670.09,3466.89,7932.3,3633.0,7,0,29.6,7.5,0.4,5470.0,0.352,1.794,1.3526,48.23,MEDIUM,1
2025-11-03,2025,11,307,Onion,908.34,1657.1,3035.42,7695.82,3604.0,8,0,27.4,8.0,0.3,6091.0,-0.073,1.824,1.3383,61.35,MEDIUM,1
2025-11-04,2025,11,308,Sugar,922.4,1564.93,3115.3,8595.51,3914.0,8,0,27.9,14.3,8.5,5441.0,-0.283,1.697,1.3266,55.72,MEDIUM,1
2025-11-05,2025,11,309,Milk,865.71,1550.39,3118.74,7794.96,3621.0,9,0,27.3,8.5,9.7,5566.0,-0.081,1.791,1.3206,60.87,MEDIUM,1
2025-11-06,2025,11,310,Rice,777.83,1365.3,2776.66,6351.3,2915.0,8,0,24.1,3.0,0.4,5622.0,0.177,1.755,1.2987,54.82,MEDIUM,1
2025-11-07,2025,11,311,Wheat,843.14,1436.03,2946.68,8102.51,3737.0,6,0,30.7,9.8,2.5,5453.0,-0.184,1.703,1.26,44.35,MEDIUM,1
2025-11-08,2025,11,312,Tomato,790.0,1545.23,3392.12,8840.74,4101.0,7,0,27.4,8.5,9.2,5541.0,-0.193,1.956,1.1904,49.23,MEDIUM,1
2025-11-09,2025,11,313,Onion,945.48,1820.51,3440.72,8700.77,3928.0,9,0,27.0,6.1,6.8,5856.0,0.107,1.925,1.1653,60.5,MEDIUM,1
2025-11-10,2025,11,314,Sugar,861.27,1513.0,3100.99,7423.03,3471.0,7,0,28.1,7.6,5.9,5971.0,0.289,1.757,1.1514,50.54,MEDIUM,1
2025-11-11,2025,11,315,Milk,916.8,1624.67,3383.04,8605.63,3894.0,8,0,28.2,9.7,0.3,5479.0,0.25,1.772,1.242,52.17,MEDIUM,1
2025-11-12,2025,11,316,Rice,915.35,1514.83,3275.86,9076.8,4273.0,6,0,27.8,6.9,6.7,5495.0,-0.681,1.655,1.24,46.96,MEDIUM,1
2025-11-13,2025,11,317,Wheat,868.54,1513.69,2851.9,7310.54,3445.0,8,0,26.9,8.6,22.1,5399.0,-0.09,1.743,1.2615,53.36,MEDIUM,1
2025-11-14,2025,11,318,Tomato,815.59,1464.0,3082.77,7819.39,3607.0,9,0,26.9,14.2,20.3,5566.0,0.505,1.795,1.2423,56.77,MEDIUM,1
2025-11-15,2025,11,319,Onion,880.19,1480.28,2813.12,6947.85,3178.0,8,0,26.0,10.2,1.3,5575.0,0.556,1.682,1.2726,52.06,MEDIUM,1
2025-11-16,2025,11,320,Sugar,864.67,1560.38,3354.27,8719.17,3935.0,9,0,29.2,8.7,2.4,6077.0,0.054,1.805,1.2625,64.44,MEDIUM,1
2025-11-17,2025,11,321,Milk,788.68,1434.5,2863.63,7225.42,3435.0,9,0,25.1,14.6,2.9,5541.0,0.14,1.819,1.2545,58.53,MEDIUM,1
2025-11-18,2025,11,322,Rice,881.8,1605.86,3218.2,8523.25,3986.0,7,0,26.8,15.2,4.2,5413.0,0.105,1.821,1.2646,47.57,MEDIUM,1
2025-11-19,2025,11,323,Wheat,880.09,1572.48,3279.36,7855.22,3563.0,7,0,27.4,13.8,2.6,5976.0,0.263,1.787,1.2972,52.9,MEDIUM,1
2025-11-20,2025,11,324,Tomato,728.65,1293.33,2736.95,6915.32,3292.0,9,0,26.0,4.7,1.7,5588.0,0.371,1.775,1.2961,58.47,MEDIUM,1
2025-11-21,2025,11,325,Onion,909.0,1595.2,3276.78,7829.44,3583.0,6,1,26.9,8.6,0.3,5629.0,-0.189,1.755,1.2554,76.07,HIGH,2
2025-11-22,2025,11,326,Sugar,860.14,1514.22,2870.27,7344.4,3462.0,7,0,27.9,5.3,2.5,5402.0,-0.361,1.76,1.2773,49.98,MEDIUM,1
2025-11-23,2025,11,327,Milk,906.72,1522.03,3050.11,7276.55,3453.0,8,0,26.3,5.8,4.6,5728.0,0.019,1.679,1.325,57.06,MEDIUM,1
2025-11-24,2025,11,328,Rice,885.99,1631.4,3158.71,8118.18,3597.0,6,0,29.2,11.3,12.8,5524.0,0.321,1.841,1.2955,43.07,MEDIUM,1
2025-11-25,2025,11,329,Wheat,820.86,1432.19,2986.9,7442.96,3456.0,7,0,27.9,11.9,0.4,5616.0,0.151,1.745,1.3003,49.91,MEDIUM,1
2025-11-26,2025,11,330,Tomato,793.81,1528.53,3064.41,8060.86,3673.0,7,0,29.6,7.1,3.9,5449.0,0.335,1.926,1.2536,46.62,MEDIUM,1
2025-11-27,2025,11,331,Onion,894.41,1493.99,3320.52,8173.08,3759.0,9,0,30.0,7.1,1.9,5595.0,0.479,1.67,1.2528,57.35,MEDIUM,1
2025-11-28,2025,11,332,Sugar,819.91,1433.0,2832.73,6946.34,3304.0,8,0,28.1,14.8,2.4,5570.0,0.263,1.748,1.2803,53.59,MEDIUM,1
2025-11-29,2025,11,333,Milk,881.71,1588.52,3086.64,7440.69,3490.0,6,0,27.5,13.8,1.0,5426.0,0.01,1.802,1.2909,43.57,MEDIUM,1
2025-11-30,2025,11,334,Rice,820.23,1438.0,2849.98,7042.11,3223.0,9,0,30.2,12.1,4.3,5575.0,-0.091,1.753,1.3638,61.66,MEDIUM,1
2025-12-01,2025,12,335,Wheat,687.58,1277.51,2617.44,6134.18,2975.0,6,0,27.0,14.3,0.3,5658.0,0.041,1.858,1.3317,46.35,MEDIUM,1
2025-12-02,2025,12,336,Tomato,719.11,1272.87,2734.58,7357.83,3410.0,6,0,29.0,7.6,0.5,6022.0,0.0,1.77,1.2631,49.17,MEDIUM,1
2025-12-03,2025,12,337,Onion,688.26,1269.53,2389.02,5749.76,2799.0,4,0,25.0,8.0,0.4,6083.0,0.26,1.845,1.2985,39.01,MEDIUM,1
2025-12-04,2025,12,338,Sugar,707.46,1371.7,2828.45,7384.24,3426.0,7,0,25.3,5.2,0.4,5536.0,0.015,1.939,1.2237,48.64,MEDIUM,1
2025-12-05,2025,12,339,Milk,653.77,1216.42,2674.98,6416.38,3046.0,7,1,27.9,7.1,0.5,5562.0,-0.022,1.861,1.1535,78.03,HIGH,2
2025-12-06,2025,12,340,Rice,686.55,1067.12,2226.82,5313.79,2642.0,5,0,26.0,8.7,0.1,5691.0,0.683,1.554,1.1979,36.46,MEDIUM,1
2025-12-07,2025,12,341,Wheat,627.65,1123.13,2239.99,5749.17,2823.0,6,0,24.6,11.6,0.6,5529.0,0.275,1.789,1.1628,41.36,MEDIUM,1
2025-12-08,2025,12,342,Tomato,656.8,1115.58,2204.99,6033.03,2852.0,7,0,23.8,13.5,0.4,5528.0,0.354,1.698,1.1115,45.18,MEDIUM,1
2025-12-09,2025,12,343,Onion,769.95,1425.75,3087.45,8149.44,3803.0,7,0,24.1,9.1,0.5,5664.0,0.28,1.852,1.1186,47.02,MEDIUM,1
2025-12-10,2025,12,344,Sugar,712.41,1284.09,2649.98,6685.48,3116.0,4,0,23.5,7.6,0.4,5642.0,-0.103,1.802,1.1129,33.63,MEDIUM,1
2025-12-11,2025,12,345,Milk,763.03,1404.57,2912.58,7395.51,3451.0,7,0,25.2,11.1,0.6,5562.0,0.708,1.841,1.103,43.62,MEDIUM,1
2025-12-12,2025,12,346,Rice,689.68,1227.8,2654.52,6908.77,3208.0,4,0,27.2,10.9,1.9,5671.0,0.126,1.78,1.0352,31.61,MEDIUM,1
2025-12-13,2025,12,347,Wheat,630.68,1091.67,2258.98,5850.25,2862.0,4,0,24.7,11.0,0.6,5545.0,0.496,1.731,1.038,28.54,MEDIUM,1
2025-12-14,2025,12,348,Tomato,753.66,1272.96,2769.04,7353.64,3378.0,7,0,24.2,7.6,0.2,5528.0,-0.108,1.689,1.0292,46.26,MEDIUM,1
2025-12-15,2025,12,349,Onion,677.64,1197.31,2442.14,6428.0,3092.0,4,0,22.5,8.0,1.5,5576.0,0.357,1.767,1.0367,29.53,MEDIUM,1
2025-12-16,2025,12,350,Sugar,704.57,1215.23,2594.06,6453.54,3032.0,5,0,23.7,11.4,0.1,5558.0,0.0,1.725,0.9966,35.53,MEDIUM,1
2025-12-17,2025,12,351,Milk,689.97,1244.03,2537.06,6857.88,3244.0,6,0,24.8,10.9,1.1,5493.0,-0.038,1.803,0.9836,39.87,MEDIUM,1
2025-12-18,2025,12,352,Rice,752.62,1311.71,2633.01,6892.84,3282.0,6,0,24.2,9.5,0.6,5603.0,0.072,1.743,0.957,40.02,MEDIUM,1
2025-12-19,2025,12,353,Wheat,862.29,1646.72,3094.56,7824.13,3701.0,4,1,23.8,8.8,1.2,5566.0,-0.155,1.91,0.9634,60.89,HIGH,2
2025-12-20,2025,12,354,Tomato,760.88,1456.67,3080.42,7920.01,3657.0,4,0,23.3,15.5,0.2,5648.0,0.427,1.914,0.9847,29.12,MEDIUM,1
2025-12-21,2025,12,355,Onion,715.32,1350.06,2662.36,6900.67,3285.0,7,0,24.7,11.7,0.0,5571.0,0.263,1.887,1.0129,44.59,MEDIUM,1
2025-12-22,2025,12,356,Sugar,716.55,1281.63,2573.98,6018.28,2904.0,4,0,26.0,7.0,0.4,5532.0,0.379,1.789,1.0628,29.37,MEDIUM,1
2025-12-23,2025,12,357,Milk,761.97,1463.17,2801.38,6844.51,3304.0,7,0,24.7,10.8,0.1,5656.0,0.017,1.92,1.1336,48.48,MEDIUM,1
2025-12-24,2025,12,358,Rice,724.26,1219.81,2721.45,6431.27,3072.0,6,0,24.1,13.9,0.1,5497.0,-0.09,1.684,1.1712,42.99,MEDIUM,1
2025-12-25,2025,12,359,Wheat,710.89,1267.84,2505.01,6595.6,3149.0,4,0,24.9,18.5,0.9,5521.0,-0.116,1.783,1.1878,33.61,MEDIUM,1
2025-12-26,2025,12,360,Tomato,740.58,1321.87,2889.49,7308.37,3386.0,7,0,25.9,3.3,1.9,5520.0,0.354,1.785,1.1584,45.81,MEDIUM,1
2025-12-27,2025,12,361,Onion,712.57,1325.91,2612.4,6416.73,3092.0,4,1,23.7,8.4,0.2,5597.0,0.016,1.861,1.2194,64.18,HIGH,2
2025-12-28,2025,12,362,Sugar,724.39,1218.54,2217.62,5754.03,2781.0,5,0,23.2,10.8,0.0,5755.0,0.254,1.682,1.3177,41.05,MEDIUM,1
2025-12-29,2025,12,363,Milk,772.2,1423.43,3012.24,7008.35,3307.0,7,0,25.7,12.2,0.3,5580.0,0.084,1.843,1.4781,52.55,MEDIUM,1
2025-12-30,2025,12,364,Rice,674.27,1196.61,2421.52,5886.31,2777.0,4,0,23.4,7.8,0.2,5692.0,0.61,1.775,1.5976,37.83,MEDIUM,1
2025-12-31,2025,12,365,Wheat,686.27,1217.37,2475.73,6341.66,3015.0,5,0,25.3,7.2,0.5,5553.0,0.148,1.774,1.5853,43.57,MEDIUM,1
